{
  "resourceType" : "Bundle",
  "id" : "46f42b59-3689-4f5e-a0ce-a1d18b8943ba",
  "meta" : {
    "lastUpdated" : "2021-07-16T11:32:36.055+00:00"
  },
  "type" : "collection",
  "entry" : [{
    "fullUrl" : "http://example.org/fhir/ValueSet/vs-non-pulmonary-bacterial-coinfection-pediatrics",
    "resource" : {
      "resourceType" : "ValueSet",
      "id" : "vs-non-pulmonary-bacterial-coinfection-pediatrics",
      "text" : {
        "status" : "generated",
        "div" : "<div xmlns=\"http://www.w3.org/1999/xhtml\"><p>This value set contains 11 concepts</p><p style=\"border: black 1px dotted; background-color: #EEEEEE; padding: 8px; margin-bottom: 8px\">Expansion based on SNOMED CT International edition 31-Jan 2021</p><p>All codes from system <a href=\"http://terminology.hl7.org/2.1.0/CodeSystem-v3-snomed-CT.html\"><code>http://snomed.info/sct</code></a></p><table class=\"codes\"><tr><td style=\"white-space:nowrap\"><b>Code</b></td><td><b>Display</b></td><td><b>Definition</b></td></tr><tr><td style=\"white-space:nowrap\"><a name=\"http---snomed.info-sct-406602003\"> </a><a href=\"http://browser.ihtsdotools.org/?perspective=full&amp;conceptId1=406602003\">406602003</a></td><td>Staphylococcus aureus</td><td/></tr><tr><td style=\"white-space:nowrap\"><a name=\"http---snomed.info-sct-9861002\"> </a><a href=\"http://browser.ihtsdotools.org/?perspective=full&amp;conceptId1=9861002\">9861002</a></td><td>Streptococcus pneumoniae</td><td/></tr><tr><td style=\"white-space:nowrap\"><a name=\"http---snomed.info-sct-108661000119109\"> </a><a href=\"http://browser.ihtsdotools.org/?perspective=full&amp;conceptId1=108661000119109\">108661000119109</a></td><td>Streptococcus viridans</td><td/></tr><tr><td style=\"white-space:nowrap\"><a name=\"http---snomed.info-sct-302809008\"> </a><a href=\"http://browser.ihtsdotools.org/?perspective=full&amp;conceptId1=302809008\">302809008</a></td><td>Streptococcus pyogenes</td><td/></tr><tr><td style=\"white-space:nowrap\"><a name=\"http---snomed.info-sct-426933007\"> </a><a href=\"http://browser.ihtsdotools.org/?perspective=full&amp;conceptId1=426933007\">426933007</a></td><td>Streptococcus agalactiae</td><td/></tr><tr><td style=\"white-space:nowrap\"><a name=\"http---snomed.info-sct-406574007\"> </a><a href=\"http://browser.ihtsdotools.org/?perspective=full&amp;conceptId1=406574007\">406574007</a></td><td>Genus Enterococcus</td><td/></tr><tr><td style=\"white-space:nowrap\"><a name=\"http---snomed.info-sct-23511006\"> </a><a href=\"http://browser.ihtsdotools.org/?perspective=full&amp;conceptId1=23511006\">23511006</a></td><td>Neisseria meningitidis</td><td/></tr><tr><td style=\"white-space:nowrap\"><a name=\"http---snomed.info-sct-91428005\"> </a><a href=\"http://browser.ihtsdotools.org/?perspective=full&amp;conceptId1=91428005\">91428005</a></td><td>Haemophilus influenzae</td><td/></tr><tr><td style=\"white-space:nowrap\"><a name=\"http---snomed.info-sct-71057007\"> </a><a href=\"http://browser.ihtsdotools.org/?perspective=full&amp;conceptId1=71057007\">71057007</a></td><td>Escherichia coli</td><td/></tr><tr><td style=\"white-space:nowrap\"><a name=\"http---snomed.info-sct-721756002\"> </a><a href=\"http://browser.ihtsdotools.org/?perspective=full&amp;conceptId1=721756002\">721756002</a></td><td>Genus Klebsiella</td><td/></tr><tr><td style=\"white-space:nowrap\"><a name=\"http---snomed.info-sct-11218009\"> </a><a href=\"http://browser.ihtsdotools.org/?perspective=full&amp;conceptId1=11218009\">11218009</a></td><td>Pseudomonas aeruginosa</td><td/></tr></table></div>"
      },
      "url" : "http://example.org/fhir/ValueSet/vs-non-pulmonary-bacterial-coinfection-pediatrics",
      "version" : "0.1.0-test",
      "name" : "NonPulmonaryBacterialCoinfectionPediatrics",
      "title" : "ValuesetNonPulmonaryBacterialCoinfectionPediatrics",
      "status" : "draft",
      "date" : "2021-07-16T11:32:36+00:00",
      "publisher" : "Berlin Institute of Health @ Charité",
      "contact" : [{
        "telecom" : [{
          "system" : "url",
          "value" : "https://bihealth.org"
        }]
      }],
      "description" : "Non-pulmonary bacterial co-infection the context of pediatrics and Covid-19",
      "jurisdiction" : [{
        "coding" : [{
          "system" : "http://unstats.un.org/unsd/methods/m49/m49.htm",
          "code" : "001"
        }]
      }],
      "expansion" : {
        "identifier" : "urn:uuid:651fe789-fbd5-4e7b-a8b1-864af2ca1677",
        "timestamp" : "2021-07-16T11:32:51+00:00",
        "total" : 11,
        "parameter" : [{
          "name" : "excludeNested",
          "valueBoolean" : false
        },
        {
          "name" : "limitedExpansion",
          "valueBoolean" : true
        },
        {
          "name" : "version",
          "valueString" : "http://snomed.info/sct|http://snomed.info/sct/900000000000207008/version/20210131"
        }],
        "contains" : [{
          "system" : "http://snomed.info/sct",
          "code" : "406602003",
          "display" : "Staphylococcus aureus"
        },
        {
          "system" : "http://snomed.info/sct",
          "code" : "9861002",
          "display" : "Streptococcus pneumoniae"
        },
        {
          "system" : "http://snomed.info/sct",
          "code" : "108661000119109",
          "display" : "Streptococcus viridans"
        },
        {
          "system" : "http://snomed.info/sct",
          "code" : "302809008",
          "display" : "Streptococcus pyogenes"
        },
        {
          "system" : "http://snomed.info/sct",
          "code" : "426933007",
          "display" : "Streptococcus agalactiae"
        },
        {
          "system" : "http://snomed.info/sct",
          "code" : "406574007",
          "display" : "Genus Enterococcus"
        },
        {
          "system" : "http://snomed.info/sct",
          "code" : "23511006",
          "display" : "Neisseria meningitidis"
        },
        {
          "system" : "http://snomed.info/sct",
          "code" : "91428005",
          "display" : "Haemophilus influenzae"
        },
        {
          "system" : "http://snomed.info/sct",
          "code" : "71057007",
          "display" : "Escherichia coli"
        },
        {
          "system" : "http://snomed.info/sct",
          "code" : "721756002",
          "display" : "Genus Klebsiella"
        },
        {
          "system" : "http://snomed.info/sct",
          "code" : "11218009",
          "display" : "Pseudomonas aeruginosa"
        }]
      }
    }
  },
  {
    "fullUrl" : "http://example.org/fhir/ValueSet/syndromic-diseases-pediatrics",
    "resource" : {
      "resourceType" : "ValueSet",
      "id" : "syndromic-diseases-pediatrics",
      "text" : {
        "status" : "generated",
        "div" : "<div xmlns=\"http://www.w3.org/1999/xhtml\"><p>This value set contains 0 concepts</p><table class=\"codes\"><tr><td style=\"white-space:nowrap\"><b>Code</b></td><td><b>System</b></td><td><b>Display</b></td></tr></table></div>"
      },
      "url" : "http://example.org/fhir/ValueSet/syndromic-diseases-pediatrics",
      "version" : "0.1.0-test",
      "name" : "SyndromicDiseasesPediatrics",
      "title" : "Syndromic diseases Pediatrics",
      "status" : "draft",
      "date" : "2021-07-16T11:32:36+00:00",
      "publisher" : "Berlin Institute of Health @ Charité",
      "contact" : [{
        "telecom" : [{
          "system" : "url",
          "value" : "https://bihealth.org"
        }]
      }],
      "description" : "Syndromic diseases in the context of Covid-19 and Pediatrics",
      "jurisdiction" : [{
        "coding" : [{
          "system" : "http://unstats.un.org/unsd/methods/m49/m49.htm",
          "code" : "001"
        }]
      }],
      "expansion" : {
        "identifier" : "urn:uuid:3fe293c0-f71f-4ffe-b0f1-7957df47bce1",
        "timestamp" : "2021-07-16T11:32:55+00:00",
        "parameter" : [{
          "name" : "excludeNested",
          "valueBoolean" : false
        }]
      }
    }
  },
  {
    "fullUrl" : "http://example.org/fhir/ValueSet/vaccine-type-covid-pediatrics",
    "resource" : {
      "resourceType" : "ValueSet",
      "id" : "vaccine-type-covid-pediatrics",
      "text" : {
        "status" : "generated",
        "div" : "<div xmlns=\"http://www.w3.org/1999/xhtml\"><p>This value set contains 2 concepts</p><p style=\"border: black 1px dotted; background-color: #EEEEEE; padding: 8px; margin-bottom: 8px\">Expansion based on SNOMED CT International edition 31-Jan 2021</p><p>All codes from system <a href=\"http://terminology.hl7.org/2.1.0/CodeSystem-v3-snomed-CT.html\"><code>http://snomed.info/sct</code></a></p><table class=\"codes\"><tr><td style=\"white-space:nowrap\"><b>Code</b></td><td><b>Display</b></td><td><b>Definition</b></td></tr><tr><td style=\"white-space:nowrap\"><a name=\"http---snomed.info-sct-1119349007\"> </a><a href=\"http://browser.ihtsdotools.org/?perspective=full&amp;conceptId1=1119349007\">1119349007</a></td><td>MRNA-Impfstoff</td><td/></tr><tr><td style=\"white-space:nowrap\"><a name=\"http---snomed.info-sct-1119305005\"> </a><a href=\"http://browser.ihtsdotools.org/?perspective=full&amp;conceptId1=1119305005\">1119305005</a></td><td>Antigen-Impfstoff</td><td/></tr></table></div>"
      },
      "url" : "http://example.org/fhir/ValueSet/vaccine-type-covid-pediatrics",
      "version" : "0.1.0-test",
      "name" : "VaccineTypCovidPediatrics",
      "title" : "ValueSetVaccineTypeCovidPediatrics",
      "status" : "draft",
      "date" : "2021-07-16T11:32:36+00:00",
      "publisher" : "Berlin Institute of Health @ Charité",
      "contact" : [{
        "telecom" : [{
          "system" : "url",
          "value" : "https://bihealth.org"
        }]
      }],
      "description" : "Vaccine type used in the case of a vaccination in the context of Covid-19 and Pediatrics",
      "jurisdiction" : [{
        "coding" : [{
          "system" : "http://unstats.un.org/unsd/methods/m49/m49.htm",
          "code" : "001"
        }]
      }],
      "expansion" : {
        "identifier" : "urn:uuid:eced4203-a97e-4322-a8ec-b3c030fb8124",
        "timestamp" : "2021-07-16T11:32:55+00:00",
        "total" : 2,
        "parameter" : [{
          "name" : "excludeNested",
          "valueBoolean" : false
        },
        {
          "name" : "limitedExpansion",
          "valueBoolean" : true
        },
        {
          "name" : "version",
          "valueString" : "http://snomed.info/sct|http://snomed.info/sct/900000000000207008/version/20210131"
        }],
        "contains" : [{
          "system" : "http://snomed.info/sct",
          "code" : "1119349007",
          "display" : "MRNA-Impfstoff"
        },
        {
          "system" : "http://snomed.info/sct",
          "code" : "1119305005",
          "display" : "Antigen-Impfstoff"
        }]
      }
    }
  },
  {
    "fullUrl" : "http://example.org/fhir/ValueSet/chronic-haematologic-diseases-pediatrics",
    "resource" : {
      "resourceType" : "ValueSet",
      "id" : "chronic-haematologic-diseases-pediatrics",
      "text" : {
        "status" : "generated",
        "div" : "<div xmlns=\"http://www.w3.org/1999/xhtml\"><p>This value set contains 8 concepts</p><p style=\"border: black 1px dotted; background-color: #EEEEEE; padding: 8px; margin-bottom: 8px\">Expansion based on SNOMED CT International edition 31-Jan 2021</p><p>All codes from system <a href=\"http://terminology.hl7.org/2.1.0/CodeSystem-v3-snomed-CT.html\"><code>http://snomed.info/sct</code></a></p><table class=\"codes\"><tr><td style=\"white-space:nowrap\"><b>Code</b></td><td><b>Display</b></td><td><b>Definition</b></td></tr><tr><td style=\"white-space:nowrap\"><a name=\"http---snomed.info-sct-61261009\"> </a><a href=\"http://browser.ihtsdotools.org/?perspective=full&amp;conceptId1=61261009\">61261009</a></td><td>Haemolytische Anaemie</td><td/></tr><tr><td style=\"white-space:nowrap\"><a name=\"http---snomed.info-sct-40108008\"> </a><a href=\"http://browser.ihtsdotools.org/?perspective=full&amp;conceptId1=40108008\">40108008</a></td><td>Thalassämie</td><td/></tr><tr><td style=\"white-space:nowrap\"><a name=\"http---snomed.info-sct-127040003\"> </a><a href=\"http://browser.ihtsdotools.org/?perspective=full&amp;conceptId1=127040003\">127040003</a></td><td>Sichelzellanämie</td><td/></tr><tr><td style=\"white-space:nowrap\"><a name=\"http---snomed.info-sct-62403005\"> </a><a href=\"http://browser.ihtsdotools.org/?perspective=full&amp;conceptId1=62403005\">62403005</a></td><td>G6PD-Mangel-Anämie</td><td/></tr><tr><td style=\"white-space:nowrap\"><a name=\"http---snomed.info-sct-87522002\"> </a><a href=\"http://browser.ihtsdotools.org/?perspective=full&amp;conceptId1=87522002\">87522002</a></td><td>Eisenmangelanämie</td><td/></tr><tr><td style=\"white-space:nowrap\"><a name=\"http---snomed.info-sct-248693006\"> </a><a href=\"http://browser.ihtsdotools.org/?perspective=full&amp;conceptId1=248693006\">248693006</a></td><td>Chronische Neutropenie</td><td/></tr><tr><td style=\"white-space:nowrap\"><a name=\"http---snomed.info-sct-109995007\"> </a><a href=\"http://browser.ihtsdotools.org/?perspective=full&amp;conceptId1=109995007\">109995007</a></td><td>Myelodysplastisches Syndrom</td><td/></tr><tr><td style=\"white-space:nowrap\"><a name=\"http---snomed.info-sct-64779008\"> </a><a href=\"http://browser.ihtsdotools.org/?perspective=full&amp;conceptId1=64779008\">64779008</a></td><td>Gerinnungsstörung</td><td/></tr></table></div>"
      },
      "url" : "http://example.org/fhir/ValueSet/chronic-haematologic-diseases-pediatrics",
      "version" : "0.1.0-test",
      "name" : "ChronicHaematologicDiseasesPediatrics",
      "title" : "ChronicHaematologicDiseasesPediatricsVS",
      "status" : "draft",
      "date" : "2021-07-16T11:32:36+00:00",
      "publisher" : "Berlin Institute of Health @ Charité",
      "contact" : [{
        "telecom" : [{
          "system" : "url",
          "value" : "https://bihealth.org"
        }]
      }],
      "description" : "Chronic haematologic diseases the context of pediatrics and Covid-19",
      "jurisdiction" : [{
        "coding" : [{
          "system" : "http://unstats.un.org/unsd/methods/m49/m49.htm",
          "code" : "001"
        }]
      }],
      "expansion" : {
        "identifier" : "urn:uuid:2579862d-16e8-4a42-985a-021220e65366",
        "timestamp" : "2021-07-16T11:32:55+00:00",
        "total" : 8,
        "parameter" : [{
          "name" : "excludeNested",
          "valueBoolean" : false
        },
        {
          "name" : "limitedExpansion",
          "valueBoolean" : true
        },
        {
          "name" : "version",
          "valueString" : "http://snomed.info/sct|http://snomed.info/sct/900000000000207008/version/20210131"
        }],
        "contains" : [{
          "system" : "http://snomed.info/sct",
          "code" : "61261009",
          "display" : "Haemolytische Anaemie"
        },
        {
          "system" : "http://snomed.info/sct",
          "code" : "40108008",
          "display" : "Thalassämie"
        },
        {
          "system" : "http://snomed.info/sct",
          "code" : "127040003",
          "display" : "Sichelzellanämie"
        },
        {
          "system" : "http://snomed.info/sct",
          "code" : "62403005",
          "display" : "G6PD-Mangel-Anämie"
        },
        {
          "system" : "http://snomed.info/sct",
          "code" : "87522002",
          "display" : "Eisenmangelanämie"
        },
        {
          "system" : "http://snomed.info/sct",
          "code" : "248693006",
          "display" : "Chronische Neutropenie"
        },
        {
          "system" : "http://snomed.info/sct",
          "code" : "109995007",
          "display" : "Myelodysplastisches Syndrom"
        },
        {
          "system" : "http://snomed.info/sct",
          "code" : "64779008",
          "display" : "Gerinnungsstörung"
        }]
      }
    }
  },
  {
    "fullUrl" : "https://www.netzwerk-universitaetsmedizin.de/fhir/ValueSet/CardiologyDiseasesCodes",
    "resource" : {
      "resourceType" : "ValueSet",
      "id" : "cardiology-diseases-codes",
      "text" : {
        "status" : "generated",
        "div" : "<div xmlns=\"http://www.w3.org/1999/xhtml\"><p>This value set contains 40 concepts</p><p style=\"border: black 1px dotted; background-color: #EEEEEE; padding: 8px; margin-bottom: 8px\">Expansion based on SNOMED CT International edition 31-Jan 2021</p><p>All codes from system <a href=\"http://terminology.hl7.org/2.1.0/CodeSystem-v3-snomed-CT.html\"><code>http://snomed.info/sct</code></a></p><table class=\"codes\"><tr><td style=\"white-space:nowrap\"><b>Code</b></td><td><b>Display</b></td><td><b>Definition</b></td></tr><tr><td style=\"white-space:nowrap\"><a name=\"http---snomed.info-sct-195080001\"> </a><a href=\"http://browser.ihtsdotools.org/?perspective=full&amp;conceptId1=195080001\">195080001</a></td><td>Atrial fibrillation and flutter</td><td/></tr><tr><td style=\"white-space:nowrap\"><a name=\"http---snomed.info-sct-49436004\"> </a><a href=\"http://browser.ihtsdotools.org/?perspective=full&amp;conceptId1=49436004\">49436004</a></td><td>Atrial fibrillation</td><td/></tr><tr><td style=\"white-space:nowrap\"><a name=\"http---snomed.info-sct-5370000\"> </a><a href=\"http://browser.ihtsdotools.org/?perspective=full&amp;conceptId1=5370000\">5370000</a></td><td>Atrial flutter</td><td/></tr><tr><td style=\"white-space:nowrap\"><a name=\"http---snomed.info-sct-84114007\"> </a><a href=\"http://browser.ihtsdotools.org/?perspective=full&amp;conceptId1=84114007\">84114007</a></td><td>Heart failure</td><td/></tr><tr><td style=\"white-space:nowrap\"><a name=\"http---snomed.info-sct-85898001\"> </a><a href=\"http://browser.ihtsdotools.org/?perspective=full&amp;conceptId1=85898001\">85898001</a></td><td>Cardiomyopathy</td><td/></tr><tr><td style=\"white-space:nowrap\"><a name=\"http---snomed.info-sct-59494005\"> </a><a href=\"http://browser.ihtsdotools.org/?perspective=full&amp;conceptId1=59494005\">59494005</a></td><td>Congenital septal defect of heart</td><td/></tr><tr><td style=\"white-space:nowrap\"><a name=\"http---snomed.info-sct-13213009\"> </a><a href=\"http://browser.ihtsdotools.org/?perspective=full&amp;conceptId1=13213009\">13213009</a></td><td>Congenital heart disease</td><td/></tr><tr><td style=\"white-space:nowrap\"><a name=\"http---snomed.info-sct-17338001\"> </a><a href=\"http://browser.ihtsdotools.org/?perspective=full&amp;conceptId1=17338001\">17338001</a></td><td>Ventricular premature beats</td><td/></tr><tr><td style=\"white-space:nowrap\"><a name=\"http---snomed.info-sct-63593006\"> </a><a href=\"http://browser.ihtsdotools.org/?perspective=full&amp;conceptId1=63593006\">63593006</a></td><td>Supraventricular premature beats</td><td/></tr><tr><td style=\"white-space:nowrap\"><a name=\"http---snomed.info-sct-233917008\"> </a><a href=\"http://browser.ihtsdotools.org/?perspective=full&amp;conceptId1=233917008\">233917008</a></td><td>AVB - Atrioventricular block</td><td/></tr><tr><td style=\"white-space:nowrap\"><a name=\"http---snomed.info-sct-6374002\"> </a><a href=\"http://browser.ihtsdotools.org/?perspective=full&amp;conceptId1=6374002\">6374002</a></td><td>Bundle branch block</td><td/></tr><tr><td style=\"white-space:nowrap\"><a name=\"http---snomed.info-sct-266249003\"> </a><a href=\"http://browser.ihtsdotools.org/?perspective=full&amp;conceptId1=266249003\">266249003</a></td><td>Ventricular hypertrophy</td><td/></tr><tr><td style=\"white-space:nowrap\"><a name=\"http---snomed.info-sct-373945007\"> </a><a href=\"http://browser.ihtsdotools.org/?perspective=full&amp;conceptId1=373945007\">373945007</a></td><td>Pericardial effusion (disorder)</td><td/></tr><tr><td style=\"white-space:nowrap\"><a name=\"http---snomed.info-sct-60234000\"> </a><a href=\"http://browser.ihtsdotools.org/?perspective=full&amp;conceptId1=60234000\">60234000</a></td><td>Aortic valve regurgitation</td><td/></tr><tr><td style=\"white-space:nowrap\"><a name=\"http---snomed.info-sct-60573004\"> </a><a href=\"http://browser.ihtsdotools.org/?perspective=full&amp;conceptId1=60573004\">60573004</a></td><td>Aortic valve stenosis</td><td/></tr><tr><td style=\"white-space:nowrap\"><a name=\"http---snomed.info-sct-48724000\"> </a><a href=\"http://browser.ihtsdotools.org/?perspective=full&amp;conceptId1=48724000\">48724000</a></td><td>Mitral valve regurgitation</td><td/></tr><tr><td style=\"white-space:nowrap\"><a name=\"http---snomed.info-sct-79619009\"> </a><a href=\"http://browser.ihtsdotools.org/?perspective=full&amp;conceptId1=79619009\">79619009</a></td><td>Mitral valve stenosis</td><td/></tr><tr><td style=\"white-space:nowrap\"><a name=\"http---snomed.info-sct-111287006\"> </a><a href=\"http://browser.ihtsdotools.org/?perspective=full&amp;conceptId1=111287006\">111287006</a></td><td>Tricuspid valve regurgitation</td><td/></tr><tr><td style=\"white-space:nowrap\"><a name=\"http---snomed.info-sct-49915006\"> </a><a href=\"http://browser.ihtsdotools.org/?perspective=full&amp;conceptId1=49915006\">49915006</a></td><td>Tricuspid valve stenosis</td><td/></tr><tr><td style=\"white-space:nowrap\"><a name=\"http---snomed.info-sct-91434003\"> </a><a href=\"http://browser.ihtsdotools.org/?perspective=full&amp;conceptId1=91434003\">91434003</a></td><td>Pulmonic valve regurgitation</td><td/></tr><tr><td style=\"white-space:nowrap\"><a name=\"http---snomed.info-sct-56786000\"> </a><a href=\"http://browser.ihtsdotools.org/?perspective=full&amp;conceptId1=56786000\">56786000</a></td><td>Pulmonic valve stenosis</td><td/></tr><tr><td style=\"white-space:nowrap\"><a name=\"http---snomed.info-sct-459055004\"> </a><a href=\"http://browser.ihtsdotools.org/?perspective=full&amp;conceptId1=459055004\">459055004</a></td><td>Vegetation of heart</td><td/></tr><tr><td style=\"white-space:nowrap\"><a name=\"http---snomed.info-sct-164950005\"> </a><a href=\"http://browser.ihtsdotools.org/?perspective=full&amp;conceptId1=164950005\">164950005</a></td><td>ECG: QRS complex normal</td><td/></tr><tr><td style=\"white-space:nowrap\"><a name=\"http---snomed.info-sct-713427006\"> </a><a href=\"http://browser.ihtsdotools.org/?perspective=full&amp;conceptId1=713427006\">713427006</a></td><td>Electrocardiographic complete right bundle branch block (finding)</td><td/></tr><tr><td style=\"white-space:nowrap\"><a name=\"http---snomed.info-sct-164929001\"> </a><a href=\"http://browser.ihtsdotools.org/?perspective=full&amp;conceptId1=164929001\">164929001</a></td><td>ECG: S-T interval normal</td><td/></tr><tr><td style=\"white-space:nowrap\"><a name=\"http---snomed.info-sct-164955000\"> </a><a href=\"http://browser.ihtsdotools.org/?perspective=full&amp;conceptId1=164955000\">164955000</a></td><td>ECG: Q-T interval normal</td><td/></tr><tr><td style=\"white-space:nowrap\"><a name=\"http---snomed.info-sct-164877000\"> </a><a href=\"http://browser.ihtsdotools.org/?perspective=full&amp;conceptId1=164877000\">164877000</a></td><td>ECG: right ventricle hypertrophy</td><td/></tr><tr><td style=\"white-space:nowrap\"><a name=\"http---snomed.info-sct-426783006\"> </a><a href=\"http://browser.ihtsdotools.org/?perspective=full&amp;conceptId1=426783006\">426783006</a></td><td>Electrocardiogram: sinus rhythm (finding)</td><td/></tr><tr><td style=\"white-space:nowrap\"><a name=\"http---snomed.info-sct-59931005\"> </a><a href=\"http://browser.ihtsdotools.org/?perspective=full&amp;conceptId1=59931005\">59931005</a></td><td>Inverted T wave</td><td/></tr><tr><td style=\"white-space:nowrap\"><a name=\"http---snomed.info-sct-251146004\"> </a><a href=\"http://browser.ihtsdotools.org/?perspective=full&amp;conceptId1=251146004\">251146004</a></td><td>Low QRS voltages</td><td/></tr><tr><td style=\"white-space:nowrap\"><a name=\"http---snomed.info-sct-366170001\"> </a><a href=\"http://browser.ihtsdotools.org/?perspective=full&amp;conceptId1=366170001\">366170001</a></td><td>QRS Axis - finding</td><td/></tr><tr><td style=\"white-space:nowrap\"><a name=\"http---snomed.info-sct-713655003\"> </a><a href=\"http://browser.ihtsdotools.org/?perspective=full&amp;conceptId1=713655003\">713655003</a></td><td>Dependence on non-invasive ventilation</td><td/></tr><tr><td style=\"white-space:nowrap\"><a name=\"http---snomed.info-sct-26141007\"> </a><a href=\"http://browser.ihtsdotools.org/?perspective=full&amp;conceptId1=26141007\">26141007</a></td><td>ST segment depression</td><td/></tr><tr><td style=\"white-space:nowrap\"><a name=\"http---snomed.info-sct-258351006\"> </a><a href=\"http://browser.ihtsdotools.org/?perspective=full&amp;conceptId1=258351006\">258351006</a></td><td>Grade 1</td><td/></tr><tr><td style=\"white-space:nowrap\"><a name=\"http---snomed.info-sct-258353009\"> </a><a href=\"http://browser.ihtsdotools.org/?perspective=full&amp;conceptId1=258353009\">258353009</a></td><td>Grade 3</td><td/></tr><tr><td style=\"white-space:nowrap\"><a name=\"http---snomed.info-sct-373066001\"> </a><a href=\"http://browser.ihtsdotools.org/?perspective=full&amp;conceptId1=373066001\">373066001</a></td><td>Yes (qualifier value)</td><td/></tr><tr><td style=\"white-space:nowrap\"><a name=\"http---snomed.info-sct-373067005\"> </a><a href=\"http://browser.ihtsdotools.org/?perspective=full&amp;conceptId1=373067005\">373067005</a></td><td>No (qualifier value)</td><td/></tr><tr><td style=\"white-space:nowrap\"><a name=\"http---snomed.info-sct-261665006\"> </a><a href=\"http://browser.ihtsdotools.org/?perspective=full&amp;conceptId1=261665006\">261665006</a></td><td>Unknown</td><td/></tr><tr><td style=\"white-space:nowrap\"><a name=\"http---snomed.info-sct-74964007\"> </a><a href=\"http://browser.ihtsdotools.org/?perspective=full&amp;conceptId1=74964007\">74964007</a></td><td>Other</td><td/></tr><tr><td style=\"white-space:nowrap\"><a name=\"http---snomed.info-sct-297183000\"> </a><a href=\"http://browser.ihtsdotools.org/?perspective=full&amp;conceptId1=297183000\">297183000</a></td><td>Revascularization</td><td/></tr></table></div>"
      },
      "url" : "https://www.netzwerk-universitaetsmedizin.de/fhir/ValueSet/CardiologyDiseasesCodes",
      "version" : "0.1.0-test",
      "name" : "CardiologyDiseasesCodes",
      "title" : "ValueSet for Cardiology Module",
      "status" : "active",
      "date" : "2021-07-16T11:32:36+00:00",
      "publisher" : "Berlin Institute of Health @ Charité",
      "contact" : [{
        "telecom" : [{
          "system" : "url",
          "value" : "https://bihealth.org"
        }]
      }],
      "description" : "Codes related to the Cardiology Module.",
      "jurisdiction" : [{
        "coding" : [{
          "system" : "http://unstats.un.org/unsd/methods/m49/m49.htm",
          "code" : "001"
        }]
      }],
      "expansion" : {
        "identifier" : "urn:uuid:4686b182-3d21-46e8-be62-a70def9095ce",
        "timestamp" : "2021-07-16T11:32:55+00:00",
        "total" : 40,
        "parameter" : [{
          "name" : "excludeNested",
          "valueBoolean" : false
        },
        {
          "name" : "limitedExpansion",
          "valueBoolean" : true
        },
        {
          "name" : "version",
          "valueString" : "http://snomed.info/sct|http://snomed.info/sct/900000000000207008/version/20210131"
        }],
        "contains" : [{
          "system" : "http://snomed.info/sct",
          "code" : "195080001",
          "display" : "Atrial fibrillation and flutter"
        },
        {
          "system" : "http://snomed.info/sct",
          "code" : "49436004",
          "display" : "Atrial fibrillation"
        },
        {
          "system" : "http://snomed.info/sct",
          "code" : "5370000",
          "display" : "Atrial flutter"
        },
        {
          "system" : "http://snomed.info/sct",
          "code" : "84114007",
          "display" : "Heart failure"
        },
        {
          "system" : "http://snomed.info/sct",
          "code" : "85898001",
          "display" : "Cardiomyopathy"
        },
        {
          "system" : "http://snomed.info/sct",
          "code" : "59494005",
          "display" : "Congenital septal defect of heart"
        },
        {
          "system" : "http://snomed.info/sct",
          "code" : "13213009",
          "display" : "Congenital heart disease"
        },
        {
          "system" : "http://snomed.info/sct",
          "code" : "17338001",
          "display" : "Ventricular premature beats"
        },
        {
          "system" : "http://snomed.info/sct",
          "code" : "63593006",
          "display" : "Supraventricular premature beats"
        },
        {
          "system" : "http://snomed.info/sct",
          "code" : "233917008",
          "display" : "AVB - Atrioventricular block"
        },
        {
          "system" : "http://snomed.info/sct",
          "code" : "6374002",
          "display" : "Bundle branch block"
        },
        {
          "system" : "http://snomed.info/sct",
          "code" : "266249003",
          "display" : "Ventricular hypertrophy"
        },
        {
          "system" : "http://snomed.info/sct",
          "code" : "373945007",
          "display" : "Pericardial effusion (disorder)"
        },
        {
          "system" : "http://snomed.info/sct",
          "code" : "60234000",
          "display" : "Aortic valve regurgitation"
        },
        {
          "system" : "http://snomed.info/sct",
          "code" : "60573004",
          "display" : "Aortic valve stenosis"
        },
        {
          "system" : "http://snomed.info/sct",
          "code" : "48724000",
          "display" : "Mitral valve regurgitation"
        },
        {
          "system" : "http://snomed.info/sct",
          "code" : "79619009",
          "display" : "Mitral valve stenosis"
        },
        {
          "system" : "http://snomed.info/sct",
          "code" : "111287006",
          "display" : "Tricuspid valve regurgitation"
        },
        {
          "system" : "http://snomed.info/sct",
          "code" : "49915006",
          "display" : "Tricuspid valve stenosis"
        },
        {
          "system" : "http://snomed.info/sct",
          "code" : "91434003",
          "display" : "Pulmonic valve regurgitation"
        },
        {
          "system" : "http://snomed.info/sct",
          "code" : "56786000",
          "display" : "Pulmonic valve stenosis"
        },
        {
          "system" : "http://snomed.info/sct",
          "code" : "459055004",
          "display" : "Vegetation of heart"
        },
        {
          "system" : "http://snomed.info/sct",
          "code" : "164950005",
          "display" : "ECG: QRS complex normal"
        },
        {
          "system" : "http://snomed.info/sct",
          "code" : "713427006",
          "display" : "Electrocardiographic complete right bundle branch block (finding)"
        },
        {
          "system" : "http://snomed.info/sct",
          "code" : "164929001",
          "display" : "ECG: S-T interval normal"
        },
        {
          "system" : "http://snomed.info/sct",
          "code" : "164955000",
          "display" : "ECG: Q-T interval normal"
        },
        {
          "system" : "http://snomed.info/sct",
          "code" : "164877000",
          "display" : "ECG: right ventricle hypertrophy"
        },
        {
          "system" : "http://snomed.info/sct",
          "code" : "426783006",
          "display" : "Electrocardiogram: sinus rhythm (finding)"
        },
        {
          "system" : "http://snomed.info/sct",
          "code" : "59931005",
          "display" : "Inverted T wave"
        },
        {
          "system" : "http://snomed.info/sct",
          "code" : "251146004",
          "display" : "Low QRS voltages"
        },
        {
          "system" : "http://snomed.info/sct",
          "code" : "366170001",
          "display" : "QRS Axis - finding"
        },
        {
          "system" : "http://snomed.info/sct",
          "code" : "713655003",
          "display" : "Dependence on non-invasive ventilation"
        },
        {
          "system" : "http://snomed.info/sct",
          "code" : "26141007",
          "display" : "ST segment depression"
        },
        {
          "system" : "http://snomed.info/sct",
          "code" : "258351006",
          "display" : "Grade 1"
        },
        {
          "system" : "http://snomed.info/sct",
          "code" : "258353009",
          "display" : "Grade 3"
        },
        {
          "system" : "http://snomed.info/sct",
          "code" : "373066001",
          "display" : "Yes (qualifier value)"
        },
        {
          "system" : "http://snomed.info/sct",
          "code" : "373067005",
          "display" : "No (qualifier value)"
        },
        {
          "system" : "http://snomed.info/sct",
          "code" : "261665006",
          "display" : "Unknown"
        },
        {
          "system" : "http://snomed.info/sct",
          "code" : "74964007",
          "display" : "Other"
        },
        {
          "system" : "http://snomed.info/sct",
          "code" : "297183000",
          "display" : "Revascularization"
        }]
      }
    }
  },
  {
    "fullUrl" : "https://www.netzwerk-universitaetsmedizin.de/fhir/ValueSet/sars-cov-2-symptoms",
    "resource" : {
      "resourceType" : "ValueSet",
      "id" : "1.2.276.0.76.11.467--20200409000000",
      "meta" : {
        "profile" : ["http://hl7.org/fhir/StructureDefinition/shareablevalueset"]
      },
      "text" : {
        "status" : "generated",
        "div" : "<div xmlns=\"http://www.w3.org/1999/xhtml\"><p>This value set contains 40 concepts</p><p style=\"border: black 1px dotted; background-color: #EEEEEE; padding: 8px; margin-bottom: 8px\">Expansion based on SNOMED CT International edition 31-Jan 2021</p><p>All codes from system <a href=\"http://terminology.hl7.org/2.1.0/CodeSystem-v3-snomed-CT.html\"><code>http://snomed.info/sct</code></a></p><table class=\"codes\"><tr><td style=\"white-space:nowrap\"><b>Code</b></td><td><b>Display</b></td><td><b>Definition</b></td></tr><tr><td style=\"white-space:nowrap\"><a name=\"http---snomed.info-sct-21522001\"> </a><a href=\"http://browser.ihtsdotools.org/?perspective=full&amp;conceptId1=21522001\">21522001</a></td><td>Bauchschmerzen</td><td/></tr><tr><td style=\"white-space:nowrap\"><a name=\"http---snomed.info-sct-84387000\"> </a><a href=\"http://browser.ihtsdotools.org/?perspective=full&amp;conceptId1=84387000\">84387000</a></td><td>Asymptomatisch</td><td/></tr><tr><td style=\"white-space:nowrap\"><a name=\"http---snomed.info-sct-131148009\"> </a><a href=\"http://browser.ihtsdotools.org/?perspective=full&amp;conceptId1=131148009\">131148009</a></td><td>Blutung</td><td/></tr><tr><td style=\"white-space:nowrap\"><a name=\"http---snomed.info-sct-29857009\"> </a><a href=\"http://browser.ihtsdotools.org/?perspective=full&amp;conceptId1=29857009\">29857009</a></td><td>Brustschmerzen</td><td/></tr><tr><td style=\"white-space:nowrap\"><a name=\"http---snomed.info-sct-43724002\"> </a><a href=\"http://browser.ihtsdotools.org/?perspective=full&amp;conceptId1=43724002\">43724002</a></td><td>Schüttelfrost</td><td/></tr><tr><td style=\"white-space:nowrap\"><a name=\"http---snomed.info-sct-9826008\"> </a><a href=\"http://browser.ihtsdotools.org/?perspective=full&amp;conceptId1=9826008\">9826008</a></td><td>Konjunktivitis</td><td/></tr><tr><td style=\"white-space:nowrap\"><a name=\"http---snomed.info-sct-49727002\"> </a><a href=\"http://browser.ihtsdotools.org/?perspective=full&amp;conceptId1=49727002\">49727002</a></td><td>Husten</td><td/></tr><tr><td style=\"white-space:nowrap\"><a name=\"http---snomed.info-sct-62315008\"> </a><a href=\"http://browser.ihtsdotools.org/?perspective=full&amp;conceptId1=62315008\">62315008</a></td><td>Durchfall</td><td/></tr><tr><td style=\"white-space:nowrap\"><a name=\"http---snomed.info-sct-3006004\"> </a><a href=\"http://browser.ihtsdotools.org/?perspective=full&amp;conceptId1=3006004\">3006004</a></td><td>Bewusstseinsstörung</td><td/></tr><tr><td style=\"white-space:nowrap\"><a name=\"http---snomed.info-sct-267036007\"> </a><a href=\"http://browser.ihtsdotools.org/?perspective=full&amp;conceptId1=267036007\">267036007</a></td><td>Atemnot</td><td/></tr><tr><td style=\"white-space:nowrap\"><a name=\"http---snomed.info-sct-271807003\"> </a><a href=\"http://browser.ihtsdotools.org/?perspective=full&amp;conceptId1=271807003\">271807003</a></td><td>Hautausschlag</td><td/></tr><tr><td style=\"white-space:nowrap\"><a name=\"http---snomed.info-sct-84229001\"> </a><a href=\"http://browser.ihtsdotools.org/?perspective=full&amp;conceptId1=84229001\">84229001</a></td><td>Müdigkeit</td><td/></tr><tr><td style=\"white-space:nowrap\"><a name=\"http---snomed.info-sct-103001002\"> </a><a href=\"http://browser.ihtsdotools.org/?perspective=full&amp;conceptId1=103001002\">103001002</a></td><td>Fieberigkeit</td><td/></tr><tr><td style=\"white-space:nowrap\"><a name=\"http---snomed.info-sct-386661006\"> </a><a href=\"http://browser.ihtsdotools.org/?perspective=full&amp;conceptId1=386661006\">386661006</a></td><td>Fieber</td><td/></tr><tr><td style=\"white-space:nowrap\"><a name=\"http---snomed.info-sct-25064002\"> </a><a href=\"http://browser.ihtsdotools.org/?perspective=full&amp;conceptId1=25064002\">25064002</a></td><td>Kopfschmerzen</td><td/></tr><tr><td style=\"white-space:nowrap\"><a name=\"http---snomed.info-sct-66857006\"> </a><a href=\"http://browser.ihtsdotools.org/?perspective=full&amp;conceptId1=66857006\">66857006</a></td><td>Bluthusten</td><td/></tr><tr><td style=\"white-space:nowrap\"><a name=\"http---snomed.info-sct-248567008\"> </a><a href=\"http://browser.ihtsdotools.org/?perspective=full&amp;conceptId1=248567008\">248567008</a></td><td>Hauteinziehungen des Brustkorbs bei der Einatmung</td><td/></tr><tr><td style=\"white-space:nowrap\"><a name=\"http---snomed.info-sct-57676002\"> </a><a href=\"http://browser.ihtsdotools.org/?perspective=full&amp;conceptId1=57676002\">57676002</a></td><td>Gelenkschmerz</td><td/></tr><tr><td style=\"white-space:nowrap\"><a name=\"http---snomed.info-sct-79890006\"> </a><a href=\"http://browser.ihtsdotools.org/?perspective=full&amp;conceptId1=79890006\">79890006</a></td><td>Appetitverlust</td><td/></tr><tr><td style=\"white-space:nowrap\"><a name=\"http---snomed.info-sct-44169009\"> </a><a href=\"http://browser.ihtsdotools.org/?perspective=full&amp;conceptId1=44169009\">44169009</a></td><td>Geruchverlust</td><td/></tr><tr><td style=\"white-space:nowrap\"><a name=\"http---snomed.info-sct-36955009\"> </a><a href=\"http://browser.ihtsdotools.org/?perspective=full&amp;conceptId1=36955009\">36955009</a></td><td>Geschmackverlust</td><td/></tr><tr><td style=\"white-space:nowrap\"><a name=\"http---snomed.info-sct-30746006\"> </a><a href=\"http://browser.ihtsdotools.org/?perspective=full&amp;conceptId1=30746006\">30746006</a></td><td>Lymphadenopathie</td><td/></tr><tr><td style=\"white-space:nowrap\"><a name=\"http---snomed.info-sct-367391008\"> </a><a href=\"http://browser.ihtsdotools.org/?perspective=full&amp;conceptId1=367391008\">367391008</a></td><td>Unwohlsein</td><td/></tr><tr><td style=\"white-space:nowrap\"><a name=\"http---snomed.info-sct-68962001\"> </a><a href=\"http://browser.ihtsdotools.org/?perspective=full&amp;conceptId1=68962001\">68962001</a></td><td>Muskelschmerzen</td><td/></tr><tr><td style=\"white-space:nowrap\"><a name=\"http---snomed.info-sct-68235000\"> </a><a href=\"http://browser.ihtsdotools.org/?perspective=full&amp;conceptId1=68235000\">68235000</a></td><td>Verstopfte Nase</td><td/></tr><tr><td style=\"white-space:nowrap\"><a name=\"http---snomed.info-sct-64531003\"> </a><a href=\"http://browser.ihtsdotools.org/?perspective=full&amp;conceptId1=64531003\">64531003</a></td><td>Laufende Nase</td><td/></tr><tr><td style=\"white-space:nowrap\"><a name=\"http---snomed.info-sct-422587007\"> </a><a href=\"http://browser.ihtsdotools.org/?perspective=full&amp;conceptId1=422587007\">422587007</a></td><td>Übelkeit</td><td/></tr><tr><td style=\"white-space:nowrap\"><a name=\"http---snomed.info-sct-162397003\"> </a><a href=\"http://browser.ihtsdotools.org/?perspective=full&amp;conceptId1=162397003\">162397003</a></td><td>Halsschmerzen</td><td/></tr><tr><td style=\"white-space:nowrap\"><a name=\"http---snomed.info-sct-38880002\"> </a><a href=\"http://browser.ihtsdotools.org/?perspective=full&amp;conceptId1=38880002\">38880002</a></td><td>Starre</td><td/></tr><tr><td style=\"white-space:nowrap\"><a name=\"http---snomed.info-sct-91175000\"> </a><a href=\"http://browser.ihtsdotools.org/?perspective=full&amp;conceptId1=91175000\">91175000</a></td><td>Krampfanfall</td><td/></tr><tr><td style=\"white-space:nowrap\"><a name=\"http---snomed.info-sct-46742003\"> </a><a href=\"http://browser.ihtsdotools.org/?perspective=full&amp;conceptId1=46742003\">46742003</a></td><td>Hautgeschwüre</td><td/></tr><tr><td style=\"white-space:nowrap\"><a name=\"http---snomed.info-sct-282145008\"> </a><a href=\"http://browser.ihtsdotools.org/?perspective=full&amp;conceptId1=282145008\">282145008</a></td><td>Unfähig zu gehen</td><td/></tr><tr><td style=\"white-space:nowrap\"><a name=\"http---snomed.info-sct-422400008\"> </a><a href=\"http://browser.ihtsdotools.org/?perspective=full&amp;conceptId1=422400008\">422400008</a></td><td>Erbrechen</td><td/></tr><tr><td style=\"white-space:nowrap\"><a name=\"http---snomed.info-sct-56018004\"> </a><a href=\"http://browser.ihtsdotools.org/?perspective=full&amp;conceptId1=56018004\">56018004</a></td><td>Keuchen</td><td/></tr><tr><td style=\"white-space:nowrap\"><a name=\"http---snomed.info-sct-426000000\"> </a><a href=\"http://browser.ihtsdotools.org/?perspective=full&amp;conceptId1=426000000\">426000000</a></td><td>Fieber über 38° Celsius</td><td/></tr><tr><td style=\"white-space:nowrap\"><a name=\"http---snomed.info-sct-13791008\"> </a><a href=\"http://browser.ihtsdotools.org/?perspective=full&amp;conceptId1=13791008\">13791008</a></td><td>Schwächegefühl</td><td/></tr><tr><td style=\"white-space:nowrap\"><a name=\"http---snomed.info-sct-22253000\"> </a><a href=\"http://browser.ihtsdotools.org/?perspective=full&amp;conceptId1=22253000\">22253000</a></td><td>Schmerzen</td><td/></tr><tr><td style=\"white-space:nowrap\"><a name=\"http---snomed.info-sct-28743005\"> </a><a href=\"http://browser.ihtsdotools.org/?perspective=full&amp;conceptId1=28743005\">28743005</a></td><td>Produktiver Husten</td><td/></tr><tr><td style=\"white-space:nowrap\"><a name=\"http---snomed.info-sct-11833005\"> </a><a href=\"http://browser.ihtsdotools.org/?perspective=full&amp;conceptId1=11833005\">11833005</a></td><td>Trockener Husten</td><td/></tr><tr><td style=\"white-space:nowrap\"><a name=\"http---snomed.info-sct-40917007\"> </a><a href=\"http://browser.ihtsdotools.org/?perspective=full&amp;conceptId1=40917007\">40917007</a></td><td>Bewusstseinstrübung</td><td/></tr></table></div>"
      },
      "extension" : [{
        "url" : "http://hl7.org/fhir/StructureDefinition/resource-effectivePeriod",
        "valuePeriod" : {
          "start" : "2020-04-09T00:00:00+02:00"
        }
      }],
      "url" : "https://www.netzwerk-universitaetsmedizin.de/fhir/ValueSet/sars-cov-2-symptoms",
      "identifier" : [{
        "use" : "official",
        "system" : "http://art-decor.org/ns/oids/vs",
        "value" : "1.2.276.0.76.11.563"
      }],
      "version" : "0.1.0-test",
      "name" : "SARSCoV2Symptoms",
      "title" : "SARS-CoV-2-Symptoms",
      "status" : "active",
      "experimental" : false,
      "date" : "2021-07-16T11:32:36+00:00",
      "publisher" : "Berlin Institute of Health @ Charité",
      "contact" : [{
        "telecom" : [{
          "system" : "url",
          "value" : "https://bihealth.org"
        }]
      }],
      "description" : "Symptoms for SARS-CoV-2 infection",
      "jurisdiction" : [{
        "coding" : [{
          "system" : "http://unstats.un.org/unsd/methods/m49/m49.htm",
          "code" : "001"
        }]
      }],
      "immutable" : false,
      "copyright" : "This artefact includes content from SNOMED Clinical Terms® (SNOMED CT®) which is copyright of the International Health Terminology Standards Development Organisation (IHTSDO). Implementers of these artefacts must have the appropriate SNOMED CT Affiliate license - for more information contact http://www.snomed.org/snomed-ct/getsnomed-ct or info@snomed.org.",
      "expansion" : {
        "identifier" : "urn:uuid:b3115b52-4907-410f-a1d5-e1520cb4ac44",
        "timestamp" : "2021-07-16T11:32:57+00:00",
        "total" : 40,
        "parameter" : [{
          "name" : "excludeNested",
          "valueBoolean" : false
        },
        {
          "name" : "limitedExpansion",
          "valueBoolean" : true
        },
        {
          "name" : "version",
          "valueString" : "http://snomed.info/sct|http://snomed.info/sct/900000000000207008/version/20210131"
        }],
        "contains" : [{
          "system" : "http://snomed.info/sct",
          "code" : "21522001",
          "display" : "Bauchschmerzen"
        },
        {
          "system" : "http://snomed.info/sct",
          "code" : "84387000",
          "display" : "Asymptomatisch"
        },
        {
          "system" : "http://snomed.info/sct",
          "code" : "131148009",
          "display" : "Blutung"
        },
        {
          "system" : "http://snomed.info/sct",
          "code" : "29857009",
          "display" : "Brustschmerzen"
        },
        {
          "system" : "http://snomed.info/sct",
          "code" : "43724002",
          "display" : "Schüttelfrost"
        },
        {
          "system" : "http://snomed.info/sct",
          "code" : "9826008",
          "display" : "Konjunktivitis"
        },
        {
          "system" : "http://snomed.info/sct",
          "code" : "49727002",
          "display" : "Husten"
        },
        {
          "system" : "http://snomed.info/sct",
          "code" : "62315008",
          "display" : "Durchfall"
        },
        {
          "system" : "http://snomed.info/sct",
          "code" : "3006004",
          "display" : "Bewusstseinsstörung"
        },
        {
          "system" : "http://snomed.info/sct",
          "code" : "267036007",
          "display" : "Atemnot"
        },
        {
          "system" : "http://snomed.info/sct",
          "code" : "271807003",
          "display" : "Hautausschlag"
        },
        {
          "system" : "http://snomed.info/sct",
          "code" : "84229001",
          "display" : "Müdigkeit"
        },
        {
          "system" : "http://snomed.info/sct",
          "code" : "103001002",
          "display" : "Fieberigkeit"
        },
        {
          "system" : "http://snomed.info/sct",
          "code" : "386661006",
          "display" : "Fieber"
        },
        {
          "system" : "http://snomed.info/sct",
          "code" : "25064002",
          "display" : "Kopfschmerzen"
        },
        {
          "system" : "http://snomed.info/sct",
          "code" : "66857006",
          "display" : "Bluthusten"
        },
        {
          "system" : "http://snomed.info/sct",
          "code" : "248567008",
          "display" : "Hauteinziehungen des Brustkorbs bei der Einatmung"
        },
        {
          "system" : "http://snomed.info/sct",
          "code" : "57676002",
          "display" : "Gelenkschmerz"
        },
        {
          "system" : "http://snomed.info/sct",
          "code" : "79890006",
          "display" : "Appetitverlust"
        },
        {
          "system" : "http://snomed.info/sct",
          "code" : "44169009",
          "display" : "Geruchverlust"
        },
        {
          "system" : "http://snomed.info/sct",
          "code" : "36955009",
          "display" : "Geschmackverlust"
        },
        {
          "system" : "http://snomed.info/sct",
          "code" : "30746006",
          "display" : "Lymphadenopathie"
        },
        {
          "system" : "http://snomed.info/sct",
          "code" : "367391008",
          "display" : "Unwohlsein"
        },
        {
          "system" : "http://snomed.info/sct",
          "code" : "68962001",
          "display" : "Muskelschmerzen"
        },
        {
          "system" : "http://snomed.info/sct",
          "code" : "68235000",
          "display" : "Verstopfte Nase"
        },
        {
          "system" : "http://snomed.info/sct",
          "code" : "64531003",
          "display" : "Laufende Nase"
        },
        {
          "system" : "http://snomed.info/sct",
          "code" : "422587007",
          "display" : "Übelkeit"
        },
        {
          "system" : "http://snomed.info/sct",
          "code" : "162397003",
          "display" : "Halsschmerzen"
        },
        {
          "system" : "http://snomed.info/sct",
          "code" : "38880002",
          "display" : "Starre"
        },
        {
          "system" : "http://snomed.info/sct",
          "code" : "91175000",
          "display" : "Krampfanfall"
        },
        {
          "system" : "http://snomed.info/sct",
          "code" : "46742003",
          "display" : "Hautgeschwüre"
        },
        {
          "system" : "http://snomed.info/sct",
          "code" : "282145008",
          "display" : "Unfähig zu gehen"
        },
        {
          "system" : "http://snomed.info/sct",
          "code" : "422400008",
          "display" : "Erbrechen"
        },
        {
          "system" : "http://snomed.info/sct",
          "code" : "56018004",
          "display" : "Keuchen"
        },
        {
          "system" : "http://snomed.info/sct",
          "code" : "426000000",
          "display" : "Fieber über 38° Celsius"
        },
        {
          "system" : "http://snomed.info/sct",
          "code" : "13791008",
          "display" : "Schwächegefühl"
        },
        {
          "system" : "http://snomed.info/sct",
          "code" : "22253000",
          "display" : "Schmerzen"
        },
        {
          "system" : "http://snomed.info/sct",
          "code" : "28743005",
          "display" : "Produktiver Husten"
        },
        {
          "system" : "http://snomed.info/sct",
          "code" : "11833005",
          "display" : "Trockener Husten"
        },
        {
          "system" : "http://snomed.info/sct",
          "code" : "40917007",
          "display" : "Bewusstseinstrübung"
        }]
      }
    }
  },
  {
    "fullUrl" : "http://example.org/fhir/ValueSet/vs-antibiotic-therapy-procedure-pediatrics",
    "resource" : {
      "resourceType" : "ValueSet",
      "id" : "vs-antibiotic-therapy-procedure-pediatrics",
      "text" : {
        "status" : "generated",
        "div" : "<div xmlns=\"http://www.w3.org/1999/xhtml\"><p>This value set contains 18 concepts</p><p style=\"border: black 1px dotted; background-color: #EEEEEE; padding: 8px; margin-bottom: 8px\">Expansion based on SNOMED CT International edition 31-Jan 2021</p><p>All codes from system <a href=\"http://terminology.hl7.org/2.1.0/CodeSystem-v3-snomed-CT.html\"><code>http://snomed.info/sct</code></a></p><table class=\"codes\"><tr><td style=\"white-space:nowrap\"><b>Code</b></td><td><b>Display</b></td><td><b>Definition</b></td></tr><tr><td style=\"white-space:nowrap\"><a name=\"http---snomed.info-sct-281789004\"> </a><a href=\"http://browser.ihtsdotools.org/?perspective=full&amp;conceptId1=281789004\">281789004</a></td><td>Antibiotic therapy</td><td/></tr><tr><td style=\"white-space:nowrap\"><a name=\"http---snomed.info-sct-170450005\"> </a><a href=\"http://browser.ihtsdotools.org/?perspective=full&amp;conceptId1=170450005\">170450005</a></td><td>Meningococcus prophylaxis</td><td/></tr><tr><td style=\"white-space:nowrap\"><a name=\"http---snomed.info-sct-230864006\"> </a><a href=\"http://browser.ihtsdotools.org/?perspective=full&amp;conceptId1=230864006\">230864006</a></td><td>Injection of antibiotic into brain abscess</td><td/></tr><tr><td style=\"white-space:nowrap\"><a name=\"http---snomed.info-sct-268502007\"> </a><a href=\"http://browser.ihtsdotools.org/?perspective=full&amp;conceptId1=268502007\">268502007</a></td><td>Leptospirosis prophylaxis</td><td/></tr><tr><td style=\"white-space:nowrap\"><a name=\"http---snomed.info-sct-275843000\"> </a><a href=\"http://browser.ihtsdotools.org/?perspective=full&amp;conceptId1=275843000\">275843000</a></td><td>Weil's disease prophylaxis</td><td/></tr><tr><td style=\"white-space:nowrap\"><a name=\"http---snomed.info-sct-281790008\"> </a><a href=\"http://browser.ihtsdotools.org/?perspective=full&amp;conceptId1=281790008\">281790008</a></td><td>Intravenous antibiotic therapy</td><td/></tr><tr><td style=\"white-space:nowrap\"><a name=\"http---snomed.info-sct-281791007\"> </a><a href=\"http://browser.ihtsdotools.org/?perspective=full&amp;conceptId1=281791007\">281791007</a></td><td>Oral antibiotic therapy</td><td/></tr><tr><td style=\"white-space:nowrap\"><a name=\"http---snomed.info-sct-300041008\"> </a><a href=\"http://browser.ihtsdotools.org/?perspective=full&amp;conceptId1=300041008\">300041008</a></td><td>Penicillin prophylaxis</td><td/></tr><tr><td style=\"white-space:nowrap\"><a name=\"http---snomed.info-sct-307520009\"> </a><a href=\"http://browser.ihtsdotools.org/?perspective=full&amp;conceptId1=307520009\">307520009</a></td><td>Intramuscular antibiotic therapy</td><td/></tr><tr><td style=\"white-space:nowrap\"><a name=\"http---snomed.info-sct-371070000\"> </a><a href=\"http://browser.ihtsdotools.org/?perspective=full&amp;conceptId1=371070000\">371070000</a></td><td>Empirical antibiotic therapy</td><td/></tr><tr><td style=\"white-space:nowrap\"><a name=\"http---snomed.info-sct-422181004\"> </a><a href=\"http://browser.ihtsdotools.org/?perspective=full&amp;conceptId1=422181004\">422181004</a></td><td>Antibiotic prophylaxis (procedure)</td><td/></tr><tr><td style=\"white-space:nowrap\"><a name=\"http---snomed.info-sct-426931009\"> </a><a href=\"http://browser.ihtsdotools.org/?perspective=full&amp;conceptId1=426931009\">426931009</a></td><td>Subacute bacterial endocarditis prophylaxis (procedure)</td><td/></tr><tr><td style=\"white-space:nowrap\"><a name=\"http---snomed.info-sct-443199009\"> </a><a href=\"http://browser.ihtsdotools.org/?perspective=full&amp;conceptId1=443199009\">443199009</a></td><td>Instillation of mitomycin C into bladder (procedure)</td><td/></tr><tr><td style=\"white-space:nowrap\"><a name=\"http---snomed.info-sct-699618001\"> </a><a href=\"http://browser.ihtsdotools.org/?perspective=full&amp;conceptId1=699618001\">699618001</a></td><td>Tuberculosis prophylaxis</td><td/></tr><tr><td style=\"white-space:nowrap\"><a name=\"http---snomed.info-sct-717856000\"> </a><a href=\"http://browser.ihtsdotools.org/?perspective=full&amp;conceptId1=717856000\">717856000</a></td><td>Sulfasalazine therapy (procedure)</td><td/></tr><tr><td style=\"white-space:nowrap\"><a name=\"http---snomed.info-sct-722482005\"> </a><a href=\"http://browser.ihtsdotools.org/?perspective=full&amp;conceptId1=722482005\">722482005</a></td><td>Doxorubicin, bleomycin, vinblastine and dacarbazine chemotherapy regimen (regime/therapy)</td><td/></tr><tr><td style=\"white-space:nowrap\"><a name=\"http---snomed.info-sct-724053002\"> </a><a href=\"http://browser.ihtsdotools.org/?perspective=full&amp;conceptId1=724053002\">724053002</a></td><td>Antibiotic therapy for prevention of recurrent infection (procedure)</td><td/></tr><tr><td style=\"white-space:nowrap\"><a name=\"http---snomed.info-sct-726599006\"> </a><a href=\"http://browser.ihtsdotools.org/?perspective=full&amp;conceptId1=726599006\">726599006</a></td><td>Sirolimus therapy (procedure)</td><td/></tr></table></div>"
      },
      "url" : "http://example.org/fhir/ValueSet/vs-antibiotic-therapy-procedure-pediatrics",
      "version" : "0.1.0-test",
      "name" : "AntibioticTherapyProcedure",
      "title" : "Antibiotic Therapy Procedure PediatricsVS",
      "status" : "draft",
      "date" : "2021-05-28",
      "publisher" : "Berlin Institute of Health @ Charité",
      "contact" : [{
        "telecom" : [{
          "system" : "url",
          "value" : "https://bihealth.org"
        }]
      }],
      "description" : "Antibiotic Therapy the context of pediatrics and Covid-19",
      "jurisdiction" : [{
        "coding" : [{
          "system" : "http://unstats.un.org/unsd/methods/m49/m49.htm",
          "code" : "001"
        }]
      }],
      "expansion" : {
        "extension" : [{
          "url" : "http://hl7.org/fhir/StructureDefinition/valueset-unclosed",
          "valueBoolean" : true
        }],
        "identifier" : "urn:uuid:f270cd5c-8fab-4676-9441-81501697f882",
        "timestamp" : "2021-07-16T11:32:59+00:00",
        "total" : 18,
        "parameter" : [{
          "name" : "excludeNested",
          "valueBoolean" : false
        },
        {
          "name" : "limitedExpansion",
          "valueBoolean" : true
        },
        {
          "name" : "version",
          "valueString" : "http://snomed.info/sct|http://snomed.info/sct/900000000000207008/version/20210131"
        }],
        "contains" : [{
          "system" : "http://snomed.info/sct",
          "code" : "281789004",
          "display" : "Antibiotic therapy"
        },
        {
          "system" : "http://snomed.info/sct",
          "code" : "170450005",
          "display" : "Meningococcus prophylaxis"
        },
        {
          "system" : "http://snomed.info/sct",
          "code" : "230864006",
          "display" : "Injection of antibiotic into brain abscess"
        },
        {
          "system" : "http://snomed.info/sct",
          "code" : "268502007",
          "display" : "Leptospirosis prophylaxis"
        },
        {
          "system" : "http://snomed.info/sct",
          "code" : "275843000",
          "display" : "Weil's disease prophylaxis"
        },
        {
          "system" : "http://snomed.info/sct",
          "code" : "281790008",
          "display" : "Intravenous antibiotic therapy"
        },
        {
          "system" : "http://snomed.info/sct",
          "code" : "281791007",
          "display" : "Oral antibiotic therapy"
        },
        {
          "system" : "http://snomed.info/sct",
          "code" : "300041008",
          "display" : "Penicillin prophylaxis"
        },
        {
          "system" : "http://snomed.info/sct",
          "code" : "307520009",
          "display" : "Intramuscular antibiotic therapy"
        },
        {
          "system" : "http://snomed.info/sct",
          "code" : "371070000",
          "display" : "Empirical antibiotic therapy"
        },
        {
          "system" : "http://snomed.info/sct",
          "code" : "422181004",
          "display" : "Antibiotic prophylaxis (procedure)"
        },
        {
          "system" : "http://snomed.info/sct",
          "code" : "426931009",
          "display" : "Subacute bacterial endocarditis prophylaxis (procedure)"
        },
        {
          "system" : "http://snomed.info/sct",
          "code" : "443199009",
          "display" : "Instillation of mitomycin C into bladder (procedure)"
        },
        {
          "system" : "http://snomed.info/sct",
          "code" : "699618001",
          "display" : "Tuberculosis prophylaxis"
        },
        {
          "system" : "http://snomed.info/sct",
          "code" : "717856000",
          "display" : "Sulfasalazine therapy (procedure)"
        },
        {
          "system" : "http://snomed.info/sct",
          "code" : "722482005",
          "display" : "Doxorubicin, bleomycin, vinblastine and dacarbazine chemotherapy regimen (regime/therapy)"
        },
        {
          "system" : "http://snomed.info/sct",
          "code" : "724053002",
          "display" : "Antibiotic therapy for prevention of recurrent infection (procedure)"
        },
        {
          "system" : "http://snomed.info/sct",
          "code" : "726599006",
          "display" : "Sirolimus therapy (procedure)"
        }]
      }
    }
  },
  {
    "fullUrl" : "http://example.org/fhir/ValueSet/gastrointestinal-diseases-pediatrics",
    "resource" : {
      "resourceType" : "ValueSet",
      "id" : "gastrointestinal-diseases-pediatrics",
      "text" : {
        "status" : "generated",
        "div" : "<div xmlns=\"http://www.w3.org/1999/xhtml\"><p>This value set contains 5 concepts</p><p style=\"border: black 1px dotted; background-color: #EEEEEE; padding: 8px; margin-bottom: 8px\">Expansion based on SNOMED CT International edition 31-Jan 2021</p><p>All codes from system <a href=\"http://terminology.hl7.org/2.1.0/CodeSystem-v3-snomed-CT.html\"><code>http://snomed.info/sct</code></a></p><table class=\"codes\"><tr><td style=\"white-space:nowrap\"><b>Code</b></td><td><b>Display</b></td><td><b>Definition</b></td></tr><tr><td style=\"white-space:nowrap\"><a name=\"http---snomed.info-sct-236069009\"> </a><a href=\"http://browser.ihtsdotools.org/?perspective=full&amp;conceptId1=236069009\">236069009</a></td><td>Chronische Obstipation</td><td/></tr><tr><td style=\"white-space:nowrap\"><a name=\"http---snomed.info-sct-6382002\"> </a><a href=\"http://browser.ihtsdotools.org/?perspective=full&amp;conceptId1=6382002\">6382002</a></td><td>Chronisch entzündliche Darmerkrankung</td><td/></tr><tr><td style=\"white-space:nowrap\"><a name=\"http---snomed.info-sct-396331005\"> </a><a href=\"http://browser.ihtsdotools.org/?perspective=full&amp;conceptId1=396331005\">396331005</a></td><td>Zölikalie</td><td/></tr><tr><td style=\"white-space:nowrap\"><a name=\"http---snomed.info-sct-782555009\"> </a><a href=\"http://browser.ihtsdotools.org/?perspective=full&amp;conceptId1=782555009\">782555009</a></td><td>Kuhmilchproteinallergie</td><td/></tr><tr><td style=\"white-space:nowrap\"><a name=\"http---snomed.info-sct-118926004\"> </a><a href=\"http://browser.ihtsdotools.org/?perspective=full&amp;conceptId1=118926004\">118926004</a></td><td>Gallengangserkrankung</td><td/></tr></table></div>"
      },
      "url" : "http://example.org/fhir/ValueSet/gastrointestinal-diseases-pediatrics",
      "version" : "0.1.0-test",
      "name" : "GastrointestinalDiseasesPediatrics",
      "title" : "VSGastrointestinal Diseases Pediatrics",
      "status" : "draft",
      "date" : "2021-07-16T11:32:36+00:00",
      "publisher" : "Berlin Institute of Health @ Charité",
      "contact" : [{
        "telecom" : [{
          "system" : "url",
          "value" : "https://bihealth.org"
        }]
      }],
      "description" : "Gastrointestinal diseases in the context of pediatrics and Covid-19",
      "jurisdiction" : [{
        "coding" : [{
          "system" : "http://unstats.un.org/unsd/methods/m49/m49.htm",
          "code" : "001"
        }]
      }],
      "expansion" : {
        "identifier" : "urn:uuid:a58f4cd6-08ba-4d03-bee6-7e6527f73709",
        "timestamp" : "2021-07-16T11:32:59+00:00",
        "total" : 5,
        "parameter" : [{
          "name" : "excludeNested",
          "valueBoolean" : false
        },
        {
          "name" : "limitedExpansion",
          "valueBoolean" : true
        },
        {
          "name" : "version",
          "valueString" : "http://snomed.info/sct|http://snomed.info/sct/900000000000207008/version/20210131"
        }],
        "contains" : [{
          "system" : "http://snomed.info/sct",
          "code" : "236069009",
          "display" : "Chronische Obstipation"
        },
        {
          "system" : "http://snomed.info/sct",
          "code" : "6382002",
          "display" : "Chronisch entzündliche Darmerkrankung"
        },
        {
          "system" : "http://snomed.info/sct",
          "code" : "396331005",
          "display" : "Zölikalie"
        },
        {
          "system" : "http://snomed.info/sct",
          "code" : "782555009",
          "display" : "Kuhmilchproteinallergie"
        },
        {
          "system" : "http://snomed.info/sct",
          "code" : "118926004",
          "display" : "Gallengangserkrankung"
        }]
      }
    }
  }]
}