{
  "resourceType" : "Bundle",
  "id" : "a4341ead-cfa3-43b4-963d-7cc139a7fdc7",
  "meta" : {
    "lastUpdated" : "2021-10-12T07:19:41.294+00:00"
  },
  "type" : "collection",
  "entry" : [{
    "fullUrl" : "https://www.netzwerk-universitaetsmedizin.de/fhir/ValueSet/covid19-complications",
    "resource" : {
      "resourceType" : "ValueSet",
      "id" : "covid19-complications",
      "text" : {
        "status" : "generated",
        "div" : "<div xmlns=\"http://www.w3.org/1999/xhtml\"><p>This value set contains 13 concepts</p><p style=\"border: black 1px dotted; background-color: #EEEEEE; padding: 8px; margin-bottom: 8px\">Expansion based on SNOMED CT International edition 31-Jul 2021</p><p>All codes in this table are from the system <a href=\"http://terminology.hl7.org/2.1.0/CodeSystem-v3-snomed-CT.html\"><code>http://snomed.info/sct</code></a></p><table class=\"codes\"><tr><td style=\"white-space:nowrap\"><b>Code</b></td><td><b>Display</b></td><td><b>Definition</b></td></tr><tr><td style=\"white-space:nowrap\"><a name=\"http---snomed.info-sct-52702003\"> </a><a href=\"http://browser.ihtsdotools.org/?perspective=full&amp;conceptId1=52702003\">52702003</a></td><td>Iceland disease</td><td/></tr><tr><td style=\"white-space:nowrap\"><a name=\"http---snomed.info-sct-32398004\"> </a><a href=\"http://browser.ihtsdotools.org/?perspective=full&amp;conceptId1=32398004\">32398004</a></td><td>Bronchitis</td><td/></tr><tr><td style=\"white-space:nowrap\"><a name=\"http---snomed.info-sct-233981004\"> </a><a href=\"http://browser.ihtsdotools.org/?perspective=full&amp;conceptId1=233981004\">233981004</a></td><td>Arterial aneurysm</td><td/></tr><tr><td style=\"white-space:nowrap\"><a name=\"http---snomed.info-sct-304252001\"> </a><a href=\"http://browser.ihtsdotools.org/?perspective=full&amp;conceptId1=304252001\">304252001</a></td><td>For resuscitation</td><td/></tr><tr><td style=\"white-space:nowrap\"><a name=\"http---snomed.info-sct-235859005-246112005-386134007\"> </a><a href=\"http://browser.ihtsdotools.org/?perspective=full&amp;conceptId1=235859005:246112005=386134007\">235859005:246112005=386134007</a></td><td>Liver disorder due to infection where Severity = Significant</td><td/></tr><tr><td style=\"white-space:nowrap\"><a name=\"http---snomed.info-sct-230431001\"> </a><a href=\"http://browser.ihtsdotools.org/?perspective=full&amp;conceptId1=230431001\">230431001</a></td><td>Situation-related seizures</td><td/></tr><tr><td style=\"white-space:nowrap\"><a name=\"http---snomed.info-sct-271594007\"> </a><a href=\"http://browser.ihtsdotools.org/?perspective=full&amp;conceptId1=271594007\">271594007</a></td><td>Syncope attack</td><td/></tr><tr><td style=\"white-space:nowrap\"><a name=\"http---snomed.info-sct-271737000\"> </a><a href=\"http://browser.ihtsdotools.org/?perspective=full&amp;conceptId1=271737000\">271737000</a></td><td>Anemia</td><td/></tr><tr><td style=\"white-space:nowrap\"><a name=\"http---snomed.info-sct-1119303003\"> </a><a href=\"http://browser.ihtsdotools.org/?perspective=full&amp;conceptId1=1119303003\">1119303003</a></td><td>Post-acute COVID-19</td><td/></tr><tr><td style=\"white-space:nowrap\"><a name=\"http---snomed.info-sct-64226004\"> </a><a href=\"http://browser.ihtsdotools.org/?perspective=full&amp;conceptId1=64226004\">64226004</a></td><td>Colitis</td><td/></tr><tr><td style=\"white-space:nowrap\"><a name=\"http---snomed.info-sct-52457000\"> </a><a href=\"http://browser.ihtsdotools.org/?perspective=full&amp;conceptId1=52457000\">52457000</a></td><td>Ileitis</td><td/></tr><tr><td style=\"white-space:nowrap\"><a name=\"http---snomed.info-sct-48661000\"> </a><a href=\"http://browser.ihtsdotools.org/?perspective=full&amp;conceptId1=48661000\">48661000</a></td><td>Peritonitis</td><td/></tr><tr><td style=\"white-space:nowrap\"><a name=\"http---snomed.info-sct-389026000\"> </a><a href=\"http://browser.ihtsdotools.org/?perspective=full&amp;conceptId1=389026000\">389026000</a></td><td>Ascites (disorder)</td><td/></tr></table></div>"
      },
      "url" : "https://www.netzwerk-universitaetsmedizin.de/fhir/ValueSet/covid19-complications",
      "version" : "0.1.0",
      "name" : "Covid19Complications",
      "title" : "Covid19 complications",
      "status" : "draft",
      "date" : "2020-10-05",
      "publisher" : "BIH @ Charité",
      "contact" : [{
        "name" : "BIH @ Charité",
        "telecom" : [{
          "system" : "url",
          "value" : "https://www.netzwerk-universitaetsmedizin.de"
        }]
      }],
      "description" : "Complications due to COVID19",
      "expansion" : {
        "identifier" : "urn:uuid:91b365fc-0439-4439-95d1-269812d5861f",
        "timestamp" : "2021-10-12T07:20:05+00:00",
        "total" : 13,
        "parameter" : [{
          "name" : "excludeNested",
          "valueBoolean" : false
        },
        {
          "name" : "limitedExpansion",
          "valueBoolean" : true
        },
        {
          "name" : "version",
          "valueString" : "http://snomed.info/sct|http://snomed.info/sct/900000000000207008/version/20210731"
        }],
        "contains" : [{
          "system" : "http://snomed.info/sct",
          "code" : "52702003",
          "display" : "Iceland disease"
        },
        {
          "system" : "http://snomed.info/sct",
          "code" : "32398004",
          "display" : "Bronchitis"
        },
        {
          "system" : "http://snomed.info/sct",
          "code" : "233981004",
          "display" : "Arterial aneurysm"
        },
        {
          "system" : "http://snomed.info/sct",
          "code" : "304252001",
          "display" : "For resuscitation"
        },
        {
          "system" : "http://snomed.info/sct",
          "code" : "235859005:246112005=386134007",
          "display" : "Liver disorder due to infection where Severity = Significant"
        },
        {
          "system" : "http://snomed.info/sct",
          "code" : "230431001",
          "display" : "Situation-related seizures"
        },
        {
          "system" : "http://snomed.info/sct",
          "code" : "271594007",
          "display" : "Syncope attack"
        },
        {
          "system" : "http://snomed.info/sct",
          "code" : "271737000",
          "display" : "Anemia"
        },
        {
          "system" : "http://snomed.info/sct",
          "code" : "1119303003",
          "display" : "Post-acute COVID-19"
        },
        {
          "system" : "http://snomed.info/sct",
          "code" : "64226004",
          "display" : "Colitis"
        },
        {
          "system" : "http://snomed.info/sct",
          "code" : "52457000",
          "display" : "Ileitis"
        },
        {
          "system" : "http://snomed.info/sct",
          "code" : "48661000",
          "display" : "Peritonitis"
        },
        {
          "system" : "http://snomed.info/sct",
          "code" : "389026000",
          "display" : "Ascites (disorder)"
        }]
      }
    }
  },
  {
    "fullUrl" : "https://www.netzwerk-universitaetsmedizin.de/fhir/ValueSet/fungal-infections",
    "resource" : {
      "resourceType" : "ValueSet",
      "id" : "fungal-infections",
      "text" : {
        "status" : "generated",
        "div" : "<div xmlns=\"http://www.w3.org/1999/xhtml\"><p>This value set contains 5 concepts</p><p style=\"border: black 1px dotted; background-color: #EEEEEE; padding: 8px; margin-bottom: 8px\">Expansion based on SNOMED CT International edition 31-Jul 2021</p><p>All codes in this table are from the system <a href=\"http://terminology.hl7.org/2.1.0/CodeSystem-v3-snomed-CT.html\"><code>http://snomed.info/sct</code></a></p><table class=\"codes\"><tr><td style=\"white-space:nowrap\"><b>Code</b></td><td><b>Display</b></td><td><b>Definition</b></td></tr><tr><td style=\"white-space:nowrap\"><a name=\"http---snomed.info-sct-53326005\"> </a><a href=\"http://browser.ihtsdotools.org/?perspective=full&amp;conceptId1=53326005\">53326005</a></td><td>Candida albicans</td><td/></tr><tr><td style=\"white-space:nowrap\"><a name=\"http---snomed.info-sct-2429008\"> </a><a href=\"http://browser.ihtsdotools.org/?perspective=full&amp;conceptId1=2429008\">2429008</a></td><td>Aspergillus</td><td/></tr><tr><td style=\"white-space:nowrap\"><a name=\"http---snomed.info-sct-74964007\"> </a><a href=\"http://browser.ihtsdotools.org/?perspective=full&amp;conceptId1=74964007\">74964007</a></td><td>Other</td><td/></tr><tr><td style=\"white-space:nowrap\"><a name=\"http---snomed.info-sct-260413007\"> </a><a href=\"http://browser.ihtsdotools.org/?perspective=full&amp;conceptId1=260413007\">260413007</a></td><td>None</td><td/></tr><tr><td style=\"white-space:nowrap\"><a name=\"http---snomed.info-sct-261665006\"> </a><a href=\"http://browser.ihtsdotools.org/?perspective=full&amp;conceptId1=261665006\">261665006</a></td><td>Unknown</td><td/></tr></table></div>"
      },
      "url" : "https://www.netzwerk-universitaetsmedizin.de/fhir/ValueSet/fungal-infections",
      "version" : "0.1.0",
      "name" : "FungalInfections",
      "title" : "Fungal Infections",
      "status" : "draft",
      "date" : "2020-10-05",
      "publisher" : "BIH @ Charité",
      "contact" : [{
        "name" : "BIH @ Charité",
        "telecom" : [{
          "system" : "url",
          "value" : "https://www.netzwerk-universitaetsmedizin.de"
        }]
      }],
      "description" : "Value set of fungal infections",
      "expansion" : {
        "identifier" : "urn:uuid:4bb7d231-af23-4eaf-8f32-3c93bf24b972",
        "timestamp" : "2021-10-12T07:20:06+00:00",
        "total" : 5,
        "parameter" : [{
          "name" : "excludeNested",
          "valueBoolean" : false
        },
        {
          "name" : "limitedExpansion",
          "valueBoolean" : true
        },
        {
          "name" : "version",
          "valueString" : "http://snomed.info/sct|http://snomed.info/sct/900000000000207008/version/20210731"
        }],
        "contains" : [{
          "system" : "http://snomed.info/sct",
          "code" : "53326005",
          "display" : "Candida albicans"
        },
        {
          "system" : "http://snomed.info/sct",
          "code" : "2429008",
          "display" : "Aspergillus"
        },
        {
          "system" : "http://snomed.info/sct",
          "code" : "74964007",
          "display" : "Other"
        },
        {
          "system" : "http://snomed.info/sct",
          "code" : "260413007",
          "display" : "None"
        },
        {
          "system" : "http://snomed.info/sct",
          "code" : "261665006",
          "display" : "Unknown"
        }]
      }
    }
  },
  {
    "fullUrl" : "https://www.netzwerk-universitaetsmedizin.de/fhir/ValueSet/immunosuppressive-permament-medications",
    "resource" : {
      "resourceType" : "ValueSet",
      "id" : "immunosuppressive-permament-medications",
      "text" : {
        "status" : "generated",
        "div" : "<div xmlns=\"http://www.w3.org/1999/xhtml\"><p>This value set contains 27 concepts</p><div style=\"border: black 1px dotted; background-color: #EEEEEE; padding: 8px; margin-bottom: 8px\"><p>Expansion based on: </p><ul><li><a href=\"CodeSystem-napkon-pediatrics-module.html\">NapkonPediatricsModule v0.1.0 (CodeSystem)</a></li><li>SNOMED CT International edition 31-Jul 2021</li><li>http://fhir.de/CodeSystem/bfarm/atc v2021 (CodeSystem)</li></ul></div><table class=\"codes\"><tr><td style=\"white-space:nowrap\"><b>Code</b></td><td><b>System</b></td><td><b>Display</b></td><td><b>Definition</b></td></tr><tr><td style=\"white-space:nowrap\"><a name=\"http---snomed.info-sct-116566001\"> </a><a href=\"http://browser.ihtsdotools.org/?perspective=full&amp;conceptId1=116566001\">116566001</a></td><td>http://snomed.info/sct</td><td>Steroid</td><td/></tr><tr><td style=\"white-space:nowrap\"><a name=\"http---snomed.info-sct-416798007\"> </a><a href=\"http://browser.ihtsdotools.org/?perspective=full&amp;conceptId1=416798007\">416798007</a></td><td>http://snomed.info/sct</td><td>Calcineurin inhibitor</td><td/></tr><tr><td style=\"white-space:nowrap\"><a name=\"http---snomed.info-sct-372669002\"> </a><a href=\"http://browser.ihtsdotools.org/?perspective=full&amp;conceptId1=372669002\">372669002</a></td><td>http://snomed.info/sct</td><td>Alkylating agent (substance)</td><td/></tr><tr><td style=\"white-space:nowrap\"><a name=\"http---snomed.info-sct-430866006\"> </a><a href=\"http://browser.ihtsdotools.org/?perspective=full&amp;conceptId1=430866006\">430866006</a></td><td>http://snomed.info/sct</td><td>Interleukin 1 receptor antagonist</td><td/></tr><tr><td style=\"white-space:nowrap\"><a name=\"http---snomed.info-sct-784015001\"> </a><a href=\"http://browser.ihtsdotools.org/?perspective=full&amp;conceptId1=784015001\">784015001</a></td><td>http://snomed.info/sct</td><td>Interleukin 6 receptor antagonist</td><td/></tr><tr><td style=\"white-space:nowrap\"><a name=\"http---snomed.info-sct-771592004\"> </a><a href=\"http://browser.ihtsdotools.org/?perspective=full&amp;conceptId1=771592004\">771592004</a></td><td>http://snomed.info/sct</td><td>Substance with interleukin 23 receptor antagonist mechanism of action (substance)</td><td/></tr><tr><td style=\"white-space:nowrap\"><a name=\"http---snomed.info-sct-870401008\"> </a><a href=\"http://browser.ihtsdotools.org/?perspective=full&amp;conceptId1=870401008\">870401008</a></td><td>http://snomed.info/sct</td><td>Cytotoxic T-lymphocyte-associated protein 4 inhibitor</td><td/></tr><tr><td style=\"white-space:nowrap\"><a name=\"http---snomed.info-sct-768651008\"> </a><a href=\"http://browser.ihtsdotools.org/?perspective=full&amp;conceptId1=768651008\">768651008</a></td><td>http://snomed.info/sct</td><td>Antithymocyte immunoglobulin</td><td/></tr><tr><td style=\"white-space:nowrap\"><a name=\"http---snomed.info-sct-372917005\"> </a><a href=\"http://browser.ihtsdotools.org/?perspective=full&amp;conceptId1=372917005\">372917005</a></td><td>http://snomed.info/sct</td><td>Protein-tyrosine kinase inhibitor</td><td/></tr><tr><td style=\"white-space:nowrap\"><a name=\"http---snomed.info-sct-48583005\"> </a><a href=\"http://browser.ihtsdotools.org/?perspective=full&amp;conceptId1=48583005\">48583005</a></td><td>http://snomed.info/sct</td><td>Immunoglobulin E</td><td/></tr><tr><td style=\"white-space:nowrap\"><a name=\"http---snomed.info-sct-49327004\"> </a><a href=\"http://browser.ihtsdotools.org/?perspective=full&amp;conceptId1=49327004\">49327004</a></td><td>http://snomed.info/sct</td><td>Interferon</td><td/></tr><tr><td style=\"white-space:nowrap\"><a name=\"http---snomed.info-sct-74964007\"> </a><a href=\"http://browser.ihtsdotools.org/?perspective=full&amp;conceptId1=74964007\">74964007</a></td><td>http://snomed.info/sct</td><td>Other</td><td/></tr><tr><td style=\"white-space:nowrap\"><a name=\"http---snomed.info-sct-260413007\"> </a><a href=\"http://browser.ihtsdotools.org/?perspective=full&amp;conceptId1=260413007\">260413007</a></td><td>http://snomed.info/sct</td><td>None</td><td/></tr><tr><td style=\"white-space:nowrap\"><a name=\"http---snomed.info-sct-261665006\"> </a><a href=\"http://browser.ihtsdotools.org/?perspective=full&amp;conceptId1=261665006\">261665006</a></td><td>http://snomed.info/sct</td><td>Unknown</td><td/></tr><tr><td style=\"white-space:nowrap\"><a name=\"http---fhir.de-CodeSystem-bfarm-atc-L01EG\"> </a><a href=\"?ngen-14?.html#CodeSystemATC2021-L01EG\">L01EG</a></td><td>http://fhir.de/CodeSystem/bfarm/atc</td><td>Mammalian target of rapamycin (mTOR)-Kinase-Inhibitoren</td><td/></tr><tr><td style=\"white-space:nowrap\"><a name=\"http---fhir.de-CodeSystem-bfarm-atc-L01B\"> </a><a href=\"?ngen-14?.html#CodeSystemATC2021-L01B\">L01B</a></td><td>http://fhir.de/CodeSystem/bfarm/atc</td><td>ANTIMETABOLITEN</td><td/></tr><tr><td style=\"white-space:nowrap\"><a name=\"http---fhir.de-CodeSystem-bfarm-atc-L04AB\"> </a><a href=\"?ngen-14?.html#CodeSystemATC2021-L04AB\">L04AB</a></td><td>http://fhir.de/CodeSystem/bfarm/atc</td><td>Tumornekrosefaktor alpha (TNF-alpha)-Inhibitoren</td><td/></tr><tr><td style=\"white-space:nowrap\"><a name=\"http---fhir.de-CodeSystem-bfarm-atc-L01EJ\"> </a><a href=\"?ngen-14?.html#CodeSystemATC2021-L01EJ\">L01EJ</a></td><td>http://fhir.de/CodeSystem/bfarm/atc</td><td>Janus-assoziierte Kinase (JAK)-Inhibitoren</td><td/></tr><tr><td style=\"white-space:nowrap\"><a name=\"https---www.netzwerk-universitaetsmedizin.de-fhir-CodeSystem-napkon-pediatrics-module-000001\"> </a><a href=\"CodeSystem-napkon-pediatrics-module.html#napkon-pediatrics-module-000001\">000001</a></td><td>https://www.netzwerk-universitaetsmedizin.de/fhir/CodeSystem/napkon-pediatrics-module</td><td>Sphingosine analogue (substance)</td><td/></tr><tr><td style=\"white-space:nowrap\"><a name=\"https---www.netzwerk-universitaetsmedizin.de-fhir-CodeSystem-napkon-pediatrics-module-000002\"> </a><a href=\"CodeSystem-napkon-pediatrics-module.html#napkon-pediatrics-module-000002\">000002</a></td><td>https://www.netzwerk-universitaetsmedizin.de/fhir/CodeSystem/napkon-pediatrics-module</td><td>Substance with interleukin 2 receptor antagonist mechanism of action (substance)</td><td/></tr><tr><td style=\"white-space:nowrap\"><a name=\"https---www.netzwerk-universitaetsmedizin.de-fhir-CodeSystem-napkon-pediatrics-module-000003\"> </a><a href=\"CodeSystem-napkon-pediatrics-module.html#napkon-pediatrics-module-000003\">000003</a></td><td>https://www.netzwerk-universitaetsmedizin.de/fhir/CodeSystem/napkon-pediatrics-module</td><td>Substance with interleukin 17 receptor antagonist mechanism of action (substance)</td><td/></tr><tr><td style=\"white-space:nowrap\"><a name=\"https---www.netzwerk-universitaetsmedizin.de-fhir-CodeSystem-napkon-pediatrics-module-000004\"> </a><a href=\"CodeSystem-napkon-pediatrics-module.html#napkon-pediatrics-module-000004\">000004</a></td><td>https://www.netzwerk-universitaetsmedizin.de/fhir/CodeSystem/napkon-pediatrics-module</td><td>Anti-CD20 antibody (substance)</td><td/></tr><tr><td style=\"white-space:nowrap\"><a name=\"https---www.netzwerk-universitaetsmedizin.de-fhir-CodeSystem-napkon-pediatrics-module-000005\"> </a><a href=\"CodeSystem-napkon-pediatrics-module.html#napkon-pediatrics-module-000005\">000005</a></td><td>https://www.netzwerk-universitaetsmedizin.de/fhir/CodeSystem/napkon-pediatrics-module</td><td>Anti-CD52 antibody (substance)</td><td/></tr><tr><td style=\"white-space:nowrap\"><a name=\"https---www.netzwerk-universitaetsmedizin.de-fhir-CodeSystem-napkon-pediatrics-module-000006\"> </a><a href=\"CodeSystem-napkon-pediatrics-module.html#napkon-pediatrics-module-000006\">000006</a></td><td>https://www.netzwerk-universitaetsmedizin.de/fhir/CodeSystem/napkon-pediatrics-module</td><td>Anti-CD3 antibody (substance)</td><td/></tr><tr><td style=\"white-space:nowrap\"><a name=\"https---www.netzwerk-universitaetsmedizin.de-fhir-CodeSystem-napkon-pediatrics-module-000007\"> </a><a href=\"CodeSystem-napkon-pediatrics-module.html#napkon-pediatrics-module-000007\">000007</a></td><td>https://www.netzwerk-universitaetsmedizin.de/fhir/CodeSystem/napkon-pediatrics-module</td><td>Anti-CD3/CD19 antibody (substance)</td><td/></tr><tr><td style=\"white-space:nowrap\"><a name=\"https---www.netzwerk-universitaetsmedizin.de-fhir-CodeSystem-napkon-pediatrics-module-000008\"> </a><a href=\"CodeSystem-napkon-pediatrics-module.html#napkon-pediatrics-module-000008\">000008</a></td><td>https://www.netzwerk-universitaetsmedizin.de/fhir/CodeSystem/napkon-pediatrics-module</td><td>Substance with Integrin inhibitor mechanism of action (substance)</td><td/></tr><tr><td style=\"white-space:nowrap\"><a name=\"https---www.netzwerk-universitaetsmedizin.de-fhir-CodeSystem-napkon-pediatrics-module-000009\"> </a><a href=\"CodeSystem-napkon-pediatrics-module.html#napkon-pediatrics-module-000009\">000009</a></td><td>https://www.netzwerk-universitaetsmedizin.de/fhir/CodeSystem/napkon-pediatrics-module</td><td>Substance with B cell activating factor inhibitor mechanism of action (substance)</td><td/></tr></table></div>"
      },
      "url" : "https://www.netzwerk-universitaetsmedizin.de/fhir/ValueSet/immunosuppressive-permament-medications",
      "version" : "0.1.0",
      "name" : "ImmunosuppressivePermanentMedications",
      "title" : "Immunosuppressive Permanent Medications",
      "status" : "draft",
      "date" : "2021-10-05",
      "publisher" : "BIH @ Charité",
      "contact" : [{
        "name" : "BIH @ Charité",
        "telecom" : [{
          "system" : "url",
          "value" : "https://www.netzwerk-universitaetsmedizin.de"
        }]
      }],
      "description" : "Immunosuppressive medications",
      "expansion" : {
        "identifier" : "urn:uuid:f47897e1-f161-4623-893c-6da41ecc1b58",
        "timestamp" : "2021-10-12T07:20:06+00:00",
        "total" : 27,
        "parameter" : [{
          "name" : "excludeNested",
          "valueBoolean" : false
        },
        {
          "name" : "limitedExpansion",
          "valueBoolean" : true
        },
        {
          "name" : "version",
          "valueString" : "http://snomed.info/sct|http://snomed.info/sct/900000000000207008/version/20210731"
        },
        {
          "name" : "version",
          "valueUri" : "http://fhir.de/CodeSystem/bfarm/atc|2021"
        },
        {
          "name" : "version",
          "valueUri" : "https://www.netzwerk-universitaetsmedizin.de/fhir/CodeSystem/napkon-pediatrics-module|0.1.0"
        }],
        "contains" : [{
          "system" : "http://snomed.info/sct",
          "code" : "116566001",
          "display" : "Steroid"
        },
        {
          "system" : "http://snomed.info/sct",
          "code" : "416798007",
          "display" : "Calcineurin inhibitor"
        },
        {
          "system" : "http://snomed.info/sct",
          "code" : "372669002",
          "display" : "Alkylating agent (substance)"
        },
        {
          "system" : "http://snomed.info/sct",
          "code" : "430866006",
          "display" : "Interleukin 1 receptor antagonist"
        },
        {
          "system" : "http://snomed.info/sct",
          "code" : "784015001",
          "display" : "Interleukin 6 receptor antagonist"
        },
        {
          "system" : "http://snomed.info/sct",
          "code" : "771592004",
          "display" : "Substance with interleukin 23 receptor antagonist mechanism of action (substance)"
        },
        {
          "system" : "http://snomed.info/sct",
          "code" : "870401008",
          "display" : "Cytotoxic T-lymphocyte-associated protein 4 inhibitor"
        },
        {
          "system" : "http://snomed.info/sct",
          "code" : "768651008",
          "display" : "Antithymocyte immunoglobulin"
        },
        {
          "system" : "http://snomed.info/sct",
          "code" : "372917005",
          "display" : "Protein-tyrosine kinase inhibitor"
        },
        {
          "system" : "http://snomed.info/sct",
          "code" : "48583005",
          "display" : "Immunoglobulin E"
        },
        {
          "system" : "http://snomed.info/sct",
          "code" : "49327004",
          "display" : "Interferon"
        },
        {
          "system" : "http://snomed.info/sct",
          "code" : "74964007",
          "display" : "Other"
        },
        {
          "system" : "http://snomed.info/sct",
          "code" : "260413007",
          "display" : "None"
        },
        {
          "system" : "http://snomed.info/sct",
          "code" : "261665006",
          "display" : "Unknown"
        },
        {
          "system" : "http://fhir.de/CodeSystem/bfarm/atc",
          "code" : "L01EG",
          "display" : "Mammalian target of rapamycin (mTOR)-Kinase-Inhibitoren"
        },
        {
          "system" : "http://fhir.de/CodeSystem/bfarm/atc",
          "code" : "L01B",
          "display" : "ANTIMETABOLITEN"
        },
        {
          "system" : "http://fhir.de/CodeSystem/bfarm/atc",
          "code" : "L04AB",
          "display" : "Tumornekrosefaktor alpha (TNF-alpha)-Inhibitoren"
        },
        {
          "system" : "http://fhir.de/CodeSystem/bfarm/atc",
          "code" : "L01EJ",
          "display" : "Janus-assoziierte Kinase (JAK)-Inhibitoren"
        },
        {
          "system" : "https://www.netzwerk-universitaetsmedizin.de/fhir/CodeSystem/napkon-pediatrics-module",
          "code" : "000001",
          "display" : "Sphingosine analogue (substance)"
        },
        {
          "system" : "https://www.netzwerk-universitaetsmedizin.de/fhir/CodeSystem/napkon-pediatrics-module",
          "code" : "000002",
          "display" : "Substance with interleukin 2 receptor antagonist mechanism of action (substance)"
        },
        {
          "system" : "https://www.netzwerk-universitaetsmedizin.de/fhir/CodeSystem/napkon-pediatrics-module",
          "code" : "000003",
          "display" : "Substance with interleukin 17 receptor antagonist mechanism of action (substance)"
        },
        {
          "system" : "https://www.netzwerk-universitaetsmedizin.de/fhir/CodeSystem/napkon-pediatrics-module",
          "code" : "000004",
          "display" : "Anti-CD20 antibody (substance)"
        },
        {
          "system" : "https://www.netzwerk-universitaetsmedizin.de/fhir/CodeSystem/napkon-pediatrics-module",
          "code" : "000005",
          "display" : "Anti-CD52 antibody (substance)"
        },
        {
          "system" : "https://www.netzwerk-universitaetsmedizin.de/fhir/CodeSystem/napkon-pediatrics-module",
          "code" : "000006",
          "display" : "Anti-CD3 antibody (substance)"
        },
        {
          "system" : "https://www.netzwerk-universitaetsmedizin.de/fhir/CodeSystem/napkon-pediatrics-module",
          "code" : "000007",
          "display" : "Anti-CD3/CD19 antibody (substance)"
        },
        {
          "system" : "https://www.netzwerk-universitaetsmedizin.de/fhir/CodeSystem/napkon-pediatrics-module",
          "code" : "000008",
          "display" : "Substance with Integrin inhibitor mechanism of action (substance)"
        },
        {
          "system" : "https://www.netzwerk-universitaetsmedizin.de/fhir/CodeSystem/napkon-pediatrics-module",
          "code" : "000009",
          "display" : "Substance with B cell activating factor inhibitor mechanism of action (substance)"
        }]
      }
    }
  },
  {
    "fullUrl" : "https://www.netzwerk-universitaetsmedizin.de/fhir/ValueSet/restricted-event-status",
    "resource" : {
      "resourceType" : "ValueSet",
      "id" : "restricted-event-status",
      "text" : {
        "status" : "generated",
        "div" : "<div xmlns=\"http://www.w3.org/1999/xhtml\"><p>This value set contains 3 concepts</p><p style=\"border: black 1px dotted; background-color: #EEEEEE; padding: 8px; margin-bottom: 8px\">Expansion based on <a href=\"http://hl7.org/fhir/R4/codesystem-event-status.html\">EventStatus v4.0.1 (CodeSystem)</a></p><p>All codes in this table are from the system <a href=\"http://hl7.org/fhir/R4/codesystem-event-status.html\"><code>http://hl7.org/fhir/event-status</code></a></p><table class=\"codes\"><tr><td style=\"white-space:nowrap\"><b>Code</b></td><td><b>Display</b></td><td><b>Definition</b></td></tr><tr><td style=\"white-space:nowrap\"><a name=\"http---hl7.org-fhir-event-status-not-done\"> </a><a href=\"http://hl7.org/fhir/R4/codesystem-event-status.html#event-status-not-done\">not-done</a></td><td>Not Done</td><td>The event was terminated prior to any activity beyond preparation.  I.e. The 'main' activity has not yet begun.  The boundary between preparatory and the 'main' activity is context-specific.</td></tr><tr><td style=\"white-space:nowrap\"><a name=\"http---hl7.org-fhir-event-status-completed\"> </a><a href=\"http://hl7.org/fhir/R4/codesystem-event-status.html#event-status-completed\">completed</a></td><td>Completed</td><td>The event has now concluded.</td></tr><tr><td style=\"white-space:nowrap\"><a name=\"http---hl7.org-fhir-event-status-unknown\"> </a><a href=\"http://hl7.org/fhir/R4/codesystem-event-status.html#event-status-unknown\">unknown</a></td><td>Unknown</td><td>The authoring/source system does not know which of the status values currently applies for this event.  Note: This concept is not to be used for &quot;other&quot; - one of the listed statuses is presumed to apply,  but the authoring/source system does not know which.</td></tr></table></div>"
      },
      "url" : "https://www.netzwerk-universitaetsmedizin.de/fhir/ValueSet/restricted-event-status",
      "version" : "0.1.0",
      "name" : "RestrictedEventStatus",
      "title" : "RestrictedEventStatus",
      "status" : "active",
      "date" : "2021-10-12T07:19:41+00:00",
      "publisher" : "BIH @ Charité",
      "contact" : [{
        "name" : "BIH @ Charité",
        "telecom" : [{
          "system" : "url",
          "value" : "https://www.netzwerk-universitaetsmedizin.de"
        }]
      }],
      "description" : "EventStatus value set restricted to codes not-done, completed and unknown",
      "expansion" : {
        "identifier" : "urn:uuid:f0a8d3b1-9d61-4c7a-959a-3521012a3997",
        "timestamp" : "2021-10-12T07:20:06+00:00",
        "total" : 3,
        "parameter" : [{
          "name" : "excludeNested",
          "valueBoolean" : false
        },
        {
          "name" : "version",
          "valueUri" : "http://hl7.org/fhir/event-status|4.0.1"
        }],
        "contains" : [{
          "system" : "http://hl7.org/fhir/event-status",
          "code" : "not-done",
          "display" : "Not Done"
        },
        {
          "system" : "http://hl7.org/fhir/event-status",
          "code" : "completed",
          "display" : "Completed"
        },
        {
          "system" : "http://hl7.org/fhir/event-status",
          "code" : "unknown",
          "display" : "Unknown"
        }]
      }
    }
  }]
}