<?xml version="1.0" encoding="UTF-8"?>

<Condition xmlns="http://hl7.org/fhir">
  <id value="FungalInfection"/>
  <meta>
    <profile value="https://www.netzwerk-universitaetsmedizin.de/fhir/StructureDefinition/fungal-infection"/>
  </meta>
  <text>
    <status value="generated"/><div xmlns="http://www.w3.org/1999/xhtml"><p><b>Generated Narrative</b></p><p><b>verificationStatus</b>: <span title="Codes: {http://terminology.hl7.org/CodeSystem/condition-ver-status confirmed}, {http://snomed.info/sct 410605003}">Confirmed present (qualifier value)</span></p><p><b>code</b>: <span title="Codes: {http://snomed.info/sct 53326005}">Candida albicans (organism)</span></p><p><b>subject</b>: <a href="Patient-ExamplePatient.html">Generated Summary: Medical record number: napkon-example-patient; maxi musterperson (OFFICIAL); gender: unknown; birthDate: 1990-08-08</a></p><p><b>recordedDate</b>: Sep 14, 2021, 11:06:00 AM</p></div>
  </text>
  <verificationStatus>
    <coding>
      <system value="http://terminology.hl7.org/CodeSystem/condition-ver-status"/>
      <code value="confirmed"/>
    </coding>
    <coding>
      <system value="http://snomed.info/sct"/>
      <code value="410605003"/>
      <display value="Confirmed present (qualifier value)"/>
    </coding>
  </verificationStatus>
  <code>
    <coding>
      <system value="http://snomed.info/sct"/>
      <code value="53326005"/>
      <display value="Candida albicans (organism)"/>
    </coding>
  </code>
  <subject>
    <reference value="Patient/ExamplePatient"/>
  </subject>
  <recordedDate value="2021-09-14T13:06:00+02:00"/>
</Condition>