<?xml version="1.0" encoding="UTF-8"?>

<Condition xmlns="http://hl7.org/fhir">
  <id value="InfectionsComplicationPediatrics"/>
  <meta>
    <profile value="https://www.netzwerk-universitaetsmedizin.de/fhir/StructureDefinition/infectious-complications-pediatrics"/>
  </meta>
  <text>
    <status value="generated"/><div xmlns="http://www.w3.org/1999/xhtml"><p><b>Generated Narrative</b></p><p><b>code</b>: <span title="Codes: {http://snomed.info/sct 235859005:246112005=386134007}">Liver disorder due to infection where Severity = Significant</span></p><p><b>subject</b>: <a href="Patient-ExamplePatient.html">Generated Summary: Medical record number: napkon-example-patient; maxi musterperson (OFFICIAL); gender: unknown; birthDate: 1990-08-08</a></p></div>
  </text>
  <code>
    <coding>
      <system value="http://snomed.info/sct"/>
      <code value="235859005:246112005=386134007"/>
      <display value="Liver disorder due to infection where Severity = Significant"/>
    </coding>
  </code>
  <subject>
    <reference value="Patient/ExamplePatient"/>
  </subject>
</Condition>