<?xml version="1.0" encoding="UTF-8"?>

<Immunization xmlns="http://hl7.org/fhir">
  <id value="CovidVaccinationNotDoneReasonOther"/>
  <meta>
    <profile value="https://www.netzwerk-universitaetsmedizin.de/fhir/StructureDefinition/covid-vaccination"/>
  </meta>
  <text>
    <status value="generated"/><div xmlns="http://www.w3.org/1999/xhtml"><p><b>Generated Narrative</b></p><p><b>status</b>: not-done</p><p><b>statusReason</b>: <span title="Codes: {http://snomed.info/sct 74964007}">test</span></p><p><b>vaccineCode</b>: <span title="Codes: {http://snomed.info/sct 28531000087107}">Vaccine product against Severe acute respiratory syndrome coronavirus 2 (medicinal product)</span></p><p><b>patient</b>: <a href="Patient-ExamplePatient.html">Generated Summary: Medical record number: napkon-example-patient; maxi musterperson (OFFICIAL); gender: unknown; birthDate: 1990-08-08</a></p><p><b>occurrence</b>: Oct 1, 2021, 11:06:00 AM</p><p><b>reasonCode</b>: <span title="Codes: {http://snomed.info/sct 385432009}">Not applicable (qualifier value)</span></p><h3>ProtocolApplieds</h3><table class="grid"><tr><td>-</td><td><b>DoseNumber[x]</b></td></tr><tr><td>*</td><td>4</td></tr></table></div>
  </text>
  <status value="not-done"/>
  <statusReason>
    <coding>
      <system value="http://snomed.info/sct"/>
      <code value="74964007"/>
      <display value="Other (qualifier value)"/>
    </coding>
    <text value="test"/>
  </statusReason>
  <vaccineCode>
    <coding>
      <system value="http://snomed.info/sct"/>
      <version value="20210731"/>
      <code value="28531000087107"/>
      <display value="Vaccine product against Severe acute respiratory syndrome coronavirus 2 (medicinal product)"/>
    </coding>
  </vaccineCode>
  <patient>
    <reference value="Patient/ExamplePatient"/>
  </patient>
  <occurrenceDateTime value="2021-10-01T13:06:00+02:00"/>
  <reasonCode>
    <coding>
      <system value="http://snomed.info/sct"/>
      <code value="385432009"/>
      <display value="Not applicable (qualifier value)"/>
    </coding>
  </reasonCode>
  <protocolApplied>
    <doseNumberPositiveInt value="4"/>
  </protocolApplied>
</Immunization>