<?xml version="1.0" encoding="UTF-8"?>

<List xmlns="http://hl7.org/fhir">
  <id value="preadmission-medications"/>
  <meta>
    <profile value="https://www.netzwerk-universitaetsmedizin.de/fhir/StructureDefinition/preadmission-medications"/>
  </meta>
  <text>
    <status value="generated"/><div xmlns="http://www.w3.org/1999/xhtml"><table class="clstu"><tr><td>Mode: workingStatus: currentCode: Pre-admission (qualifier value)</td></tr><tr><td>Subject: <a href="Patient-ExamplePatient.html">Generated Summary: Medical record number: napkon-example-patient; maxi musterperson (OFFICIAL); gender: unknown; birthDate: 1990-08-08</a></td></tr></table><table class="grid"><tr style="backgound-color: #eeeeee"><td><b>Items</b></td></tr><tr><td><a href="MedicationStatement-ImmunosuppresivePermanentMedication.html">Generated Summary: status: completed; <span title="Codes: {https://www.netzwerk-universitaetsmedizin.de/fhir/CodeSystem/napkon-pediatrics-module 000007}, {http://fhir.de/CodeSystem/bfarm/atc L01XC19}">Anti-CD3/CD19 antibody</span>; effective: Sep 14, 2021, 11:06:00 AM</a></td></tr></table></div>
  </text>
  <status value="current"/>
  <mode value="working"/>
  <code>
    <coding>
      <system value="http://snomed.info/sct"/>
      <code value="281379000"/>
      <display value="Pre-admission (qualifier value)"/>
    </coding>
  </code>
  <subject>
    <reference value="Patient/ExamplePatient"/>
  </subject>
  <entry>
    <item>
      <reference value="MedicationStatement/ImmunosuppresivePermanentMedication"/>
    </item>
  </entry>
</List>