<?xml version="1.0" encoding="UTF-8"?>

<MedicationStatement xmlns="http://hl7.org/fhir">
  <id value="AnalgesicAntipyreticIntakeAfterVaccination"/>
  <meta>
    <profile value="https://www.netzwerk-universitaetsmedizin.de/fhir/StructureDefinition/analgesic-antipyretic-intake-after-vaccination"/>
  </meta>
  <text>
    <status value="generated"/><div xmlns="http://www.w3.org/1999/xhtml"><p><b>Generated Narrative</b></p><p><b>status</b>: completed</p><p><b>medication</b>: <span title="Codes: {http://fhir.de/CodeSystem/bfarm/atc N02BA06}">Salsalat</span></p><p><b>subject</b>: <a href="Patient-ExamplePatient.html">Generated Summary: id: napkon-example-patient; maxi musterperson (OFFICIAL); gender: unknown; birthDate: 1990-08-08</a></p></div>
  </text>
  <status value="completed"/>
  <medicationCodeableConcept>
    <coding>
      <system value="http://fhir.de/CodeSystem/bfarm/atc"/>
      <code value="N02BA06"/>
      <display value="Salsalat"/>
    </coding>
  </medicationCodeableConcept>
  <subject>
    <reference value="Patient/ExamplePatient"/>
  </subject>
</MedicationStatement>