<?xml version="1.0" encoding="UTF-8"?>

<Observation xmlns="http://hl7.org/fhir">
  <id value="MedicalTreatmentReason"/>
  <meta>
    <profile value="https://www.netzwerk-universitaetsmedizin.de/fhir/StructureDefinition/medical-treatment-reason"/>
  </meta>
  <text>
    <status value="generated"/><div xmlns="http://www.w3.org/1999/xhtml"><p><b>Generated Narrative</b></p><p></p><p><b>code</b>: <span title="Codes: {http://snomed.info/sct 408773008}">Reasons for treatment (finding)</span></p><p><b>value</b>: Starker Hautausschlag</p><p><b>hasMember</b>: <a href="Observation-MedicalTreatmentForVaccinationAdverseReaction.html">Generated Summary: <span title="Codes: {https://www.netzwerk-universitaetsmedizin.de/fhir/CodeSystem/napkon-vaccination-module q1004}">Medical treatment for actual or potential adverse events</span>; <span title="Codes: {https://www.netzwerk-universitaetsmedizin.de/fhir/CodeSystem/napkon-vaccination-module 6002}">Ja, Behandlung mit Aufnahme im Krankenhaus</span></a></p></div>
  </text>
  <status value="final"/>
  <code>
    <coding>
      <system value="http://snomed.info/sct"/>
      <code value="408773008"/>
      <display value="Reasons for treatment (finding)"/>
    </coding>
  </code>
  <valueString value="Starker Hautausschlag"/>
  <hasMember>
    <reference value="Observation/MedicalTreatmentForVaccinationAdverseReaction"/>
  </hasMember>
</Observation>