<?xml version="1.0" encoding="UTF-8"?>

<Observation xmlns="http://hl7.org/fhir">
  <id value="RegularAlcoholIntake"/>
  <meta>
    <profile value="https://www.netzwerk-universitaetsmedizin.de/fhir/StructureDefinition/regular-alcohol-intake"/>
  </meta>
  <text>
    <status value="generated"/><div xmlns="http://www.w3.org/1999/xhtml"><p><b>Generated Narrative</b></p><p></p><p><b>code</b>: <span title="Codes: {http://snomed.info/sct 897148007}">Alcoholic beverage intake (observable entity)</span></p><p><b>value</b>: <span title="Codes: {http://snomed.info/sct 373067005}">No (qualifier value)</span></p></div>
  </text>
  <status value="final"/>
  <code>
    <coding>
      <system value="http://snomed.info/sct"/>
      <version value="http://snomed.info/sct/900000000000207008/version/20210731"/>
      <code value="897148007"/>
      <display value="Alcoholic beverage intake (observable entity)"/>
    </coding>
  </code>
  <valueCodeableConcept>
    <coding>
      <system value="http://snomed.info/sct"/>
      <version value="http://snomed.info/sct/900000000000207008/version/20210731"/>
      <code value="373067005"/>
      <display value="No (qualifier value)"/>
    </coding>
  </valueCodeableConcept>
</Observation>