<?xml version="1.0" encoding="UTF-8"?>

<Procedure xmlns="http://hl7.org/fhir">
  <id value="thoracic-drainage-instance"/>
  <meta>
    <profile value="https://www.netzwerk-universitaetsmedizin.de/fhir/StructureDefinition/thoracic-drainage-pediatrics"/>
  </meta>
  <text>
    <status value="generated"/><div xmlns="http://www.w3.org/1999/xhtml"><p><b>Generated Narrative</b></p><p><b>status</b>: not-done</p><p><b>code</b>: <span title="Codes: {http://snomed.info/sct 34193001}">Closed drainage of chest (procedure)</span></p><p><b>subject</b>: <a href="Patient-ExamplePatient.html">Generated Summary: Medical record number: napkon-example-patient; maxi musterperson (OFFICIAL); gender: unknown; birthDate: 1990-08-08</a></p><p><b>performed</b>: Sep 14, 2021, 11:06:00 AM</p></div>
  </text>
  <status value="not-done"/>
  <code>
    <coding>
      <system value="http://snomed.info/sct"/>
      <code value="34193001"/>
      <display value="Closed drainage of chest (procedure)"/>
    </coding>
  </code>
  <subject>
    <reference value="Patient/ExamplePatient"/>
  </subject>
  <performedDateTime value="2021-09-14T13:06:00+02:00"/>
</Procedure>