<?xml version="1.0" encoding="UTF-8"?>

<ValueSet xmlns="http://hl7.org/fhir">
  <id value="covid-vaccination-codes"/>
  <text>
    <status value="generated"/><div xmlns="http://www.w3.org/1999/xhtml"><p>This value set includes codes based on the following rules:</p><ul><li>Include these codes as defined in <a href="CodeSystem-napkon-vaccination-module.html"><code>https://www.netzwerk-universitaetsmedizin.de/fhir/CodeSystem/napkon-vaccination-module</code></a><table class="none"><tr><td style="white-space:nowrap"><b>Code</b></td><td><b>Display</b></td></tr><tr><td><a href="CodeSystem-napkon-vaccination-module.html#napkon-vaccination-module-0001">0001</a></td><td>Comirnaty (BioNTech/Pfizer)</td></tr><tr><td><a href="CodeSystem-napkon-vaccination-module.html#napkon-vaccination-module-0002">0002</a></td><td>COVID-19 Vaccine Moderna (Moderna Biotech)</td></tr><tr><td><a href="CodeSystem-napkon-vaccination-module.html#napkon-vaccination-module-0003">0003</a></td><td>Vaxzevria (AstraZeneca AB)</td></tr><tr><td><a href="CodeSystem-napkon-vaccination-module.html#napkon-vaccination-module-0004">0004</a></td><td>COVID-19 Vaccine Janssen (Janssen-Cilag/Johnson &amp; Johnson)</td></tr></table></li><li>Include these codes as defined in <a href="http://www.snomed.org/"><code>http://snomed.info/sct</code></a><table class="none"><tr><td style="white-space:nowrap"><b>Code</b></td><td><b>Display</b></td></tr><tr><td><a href="http://browser.ihtsdotools.org/?perspective=full&amp;conceptId1=28531000087107">28531000087107</a></td><td>Vaccine product against Severe acute respiratory syndrome coronavirus 2 (medicinal product)</td></tr><tr><td><a href="http://browser.ihtsdotools.org/?perspective=full&amp;conceptId1=74964007">74964007</a></td><td>Other (qualifier value)</td></tr></table></li></ul></div>
  </text>
  <url value="https://www.netzwerk-universitaetsmedizin.de/fhir/ValueSet/covid-vaccination-codes"/>
  <version value="0.1.0"/>
  <name value="CovidVaccinationCodes"/>
  <title value="CovidVaccinationCodes"/>
  <status value="active"/>
  <date value="2021-10-07T21:14:44+00:00"/>
  <publisher value="BIH @ Charité"/>
  <contact>
    <name value="BIH @ Charité"/>
    <telecom>
      <system value="url"/>
      <value value="https://www.netzwerk-universitaetsmedizin.de"/>
    </telecom>
  </contact>
  <description value="COVID-19 vaccines"/>
  <compose>
    <include>
      <system value="https://www.netzwerk-universitaetsmedizin.de/fhir/CodeSystem/napkon-vaccination-module"/>
      <concept>
        <code value="0001"/>
        <display value="Comirnaty (BioNTech/Pfizer)"/>
      </concept>
      <concept>
        <code value="0002"/>
        <display value="COVID-19 Vaccine Moderna (Moderna Biotech)"/>
      </concept>
      <concept>
        <code value="0003"/>
        <display value="Vaxzevria (AstraZeneca AB)"/>
      </concept>
      <concept>
        <code value="0004"/>
        <display value="COVID-19 Vaccine Janssen (Janssen-Cilag/Johnson &amp; Johnson)"/>
      </concept>
    </include>
    <include>
      <system value="http://snomed.info/sct"/>
      <concept>
        <code value="28531000087107"/>
        <display value="Vaccine product against Severe acute respiratory syndrome coronavirus 2 (medicinal product)"/>
      </concept>
      <concept>
        <code value="74964007"/>
        <display value="Other (qualifier value)"/>
      </concept>
    </include>
  </compose>
</ValueSet>