<?xml version="1.0" encoding="UTF-8"?>

<ValueSet xmlns="http://hl7.org/fhir">
  <id value="sars-cov2-infection-course"/>
  <text>
    <status value="generated"/><div xmlns="http://www.w3.org/1999/xhtml"><p>This value set includes codes based on the following rules:</p><ul><li>Include these codes as defined in <a href="CodeSystem-napkon-vaccination-module.html"><code>https://www.netzwerk-universitaetsmedizin.de/fhir/CodeSystem/napkon-vaccination-module</code></a><table class="none"><tr><td style="white-space:nowrap"><b>Code</b></td><td><b>Display</b></td></tr><tr><td><a href="CodeSystem-napkon-vaccination-module.html#napkon-vaccination-module-1001">1001</a></td><td>Nicht erkrankt (keine Symptome)</td></tr><tr><td><a href="CodeSystem-napkon-vaccination-module.html#napkon-vaccination-module-1002">1002</a></td><td>Erkrankt und zu Hause</td></tr><tr><td><a href="CodeSystem-napkon-vaccination-module.html#napkon-vaccination-module-1003">1003</a></td><td>Erkrankt und im Krankenhaus ohne Sauerstofftherapie</td></tr><tr><td><a href="CodeSystem-napkon-vaccination-module.html#napkon-vaccination-module-1004">1004</a></td><td>Erkrankt und im Krankenhaus mit Sauerstofftherapie</td></tr><tr><td><a href="CodeSystem-napkon-vaccination-module.html#napkon-vaccination-module-1005">1005</a></td><td>Erkrankt und im Krankenhaus auf einer Intensivstation</td></tr></table></li><li>Include these codes as defined in <a href="http://www.snomed.org/"><code>http://snomed.info/sct</code></a> version <code>http://snomed.info/sct/900000000000207008/version/20210731</code><table class="none"><tr><td style="white-space:nowrap"><b>Code</b></td><td><b>Display</b></td></tr><tr><td><a href="http://browser.ihtsdotools.org/?perspective=full&amp;conceptId1=261665006">261665006</a></td><td>Unknown (qualifier value)</td></tr></table></li></ul></div>
  </text>
  <url value="https://www.netzwerk-universitaetsmedizin.de/fhir/ValueSet/sars-cov2-infection-course"/>
  <version value="0.1.0"/>
  <name value="SARSCov2InfectionCourse"/>
  <title value="SARS-CoV2 Infection Course"/>
  <status value="active"/>
  <date value="2021-10-19T09:50:53+00:00"/>
  <publisher value="BIH @ Charité"/>
  <contact>
    <name value="BIH @ Charité"/>
    <telecom>
      <system value="url"/>
      <value value="https://www.netzwerk-universitaetsmedizin.de"/>
    </telecom>
  </contact>
  <description value="Infection course of SARS-CoV2"/>
  <compose>
    <include>
      <system value="https://www.netzwerk-universitaetsmedizin.de/fhir/CodeSystem/napkon-vaccination-module"/>
      <concept>
        <code value="1001"/>
        <display value="Nicht erkrankt (keine Symptome)"/>
      </concept>
      <concept>
        <code value="1002"/>
        <display value="Erkrankt und zu Hause"/>
      </concept>
      <concept>
        <code value="1003"/>
        <display value="Erkrankt und im Krankenhaus ohne Sauerstofftherapie"/>
      </concept>
      <concept>
        <code value="1004"/>
        <display value="Erkrankt und im Krankenhaus mit Sauerstofftherapie"/>
      </concept>
      <concept>
        <code value="1005"/>
        <display value="Erkrankt und im Krankenhaus auf einer Intensivstation"/>
      </concept>
    </include>
    <include>
      <system value="http://snomed.info/sct"/>
      <version value="http://snomed.info/sct/900000000000207008/version/20210731"/>
      <concept>
        <code value="261665006"/>
        <display value="Unknown (qualifier value)"/>
      </concept>
    </include>
  </compose>
</ValueSet>