<?xml version="1.0" encoding="UTF-8"?>

<ValueSet xmlns="http://hl7.org/fhir">
  <id value="gastrointestinal-diseases-pediatrics-icd"/>
  <text>
    <status value="generated"/><div xmlns="http://www.w3.org/1999/xhtml"><ul><li>Include these codes as defined in <code>http://fhir.de/CodeSystem/dimdi/icd-10-gm</code><table class="none"><tr><td style="white-space:nowrap"><b>Code</b></td><td><b>Display</b></td></tr><tr><td>K59.9</td><td>Funktionelle Darmstörung, nicht näher bezeichnet</td></tr><tr><td>K52.9</td><td>Nichtinfektiöse Gastroenteritis und Kolitis, nicht näher bezeichnet</td></tr><tr><td>K90.0</td><td>Zöliakie</td></tr><tr><td>Z91.0</td><td>Kuhmilchproteinallergie</td></tr><tr><td>K83.9</td><td>Gallengangserkrankung</td></tr></table></li></ul></div>
  </text>
  <url value="https://www.netzwerk-universitaetsmedizin.de/fhir/ValueSet/gastrointestinal-diseases-pediatrics-icd"/>
  <version value="0.1.0"/>
  <name value="GastrointestinalDiseasesPediatricsICD"/>
  <title value="Gastrointestinal Diseases Pediatrics ICD-VS"/>
  <status value="draft"/>
  <date value="2021-09-10"/>
  <publisher value="BIH @ Charité"/>
  <contact>
    <name value="BIH @ Charité"/>
    <telecom>
      <system value="url"/>
      <value value="https://www.netzwerk-universitaetsmedizin.de"/>
    </telecom>
  </contact>
  <description value="Gastrointestinal diseases in the context of pediatrics and Covid-19"/>
  <compose>
    <include>
      <system value="http://fhir.de/CodeSystem/dimdi/icd-10-gm"/>
      <concept>
        <code value="K59.9"/>
        <display value="Funktionelle Darmstörung, nicht näher bezeichnet"/>
      </concept>
      <concept>
        <code value="K52.9"/>
        <display value="Nichtinfektiöse Gastroenteritis und Kolitis, nicht näher bezeichnet"/>
      </concept>
      <concept>
        <code value="K90.0"/>
        <display value="Zöliakie"/>
      </concept>
      <concept>
        <code value="Z91.0"/>
        <display value="Kuhmilchproteinallergie"/>
      </concept>
      <concept>
        <code value="K83.9"/>
        <display value="Gallengangserkrankung"/>
      </concept>
    </include>
  </compose>
</ValueSet>