<?xml version="1.0" encoding="UTF-8"?>

<ValueSet xmlns="http://hl7.org/fhir">
  <id value="vs-antibiotic-therapy-procedure-pediatrics"/>
  <text>
    <status value="generated"/><div xmlns="http://www.w3.org/1999/xhtml"><ul><li>Include codes from <a href="http://www.snomed.org/"><code>http://snomed.info/sct</code></a> where concept  is-a  281789004 (Antibiotic therapy)</li></ul></div>
  </text>
  <url value="http://example.org/fhir/ValueSet/vs-antibiotic-therapy-procedure-pediatrics"/>
  <version value="0.1.0-test"/>
  <name value="AntibioticTherapyProcedure"/>
  <title value="Antibiotic Therapy Procedure PediatricsVS"/>
  <status value="draft"/>
  <date value="2021-05-28"/>
  <publisher value="Berlin Institute of Health @ Charit&#xE9;"/>
  <contact>
    <telecom>
      <system value="url"/>
      <value value="https://bihealth.org"/>
    </telecom>
  </contact>
  <description value="Antibiotic Therapy the context of pediatrics and Covid-19"/>
  <jurisdiction>
    <coding>
      <system value="http://unstats.un.org/unsd/methods/m49/m49.htm"/>
      <code value="001"/>
    </coding>
  </jurisdiction>
  <compose>
    <include>
      <system value="http://snomed.info/sct"/>
      <filter>
        <property value="concept"/>
        <op value="is-a"/>
        <value value="281789004"/>
      </filter>
    </include>
  </compose>
</ValueSet>