<?xml version="1.0" encoding="UTF-8"?>

<ValueSet xmlns="http://hl7.org/fhir">
  <id value="yes-no-unknown"/>
  <text>
    <status value="generated"/><div xmlns="http://www.w3.org/1999/xhtml"><ul><li>Include these codes as defined in <a href="http://www.snomed.org/"><code>http://snomed.info/sct</code></a> version <code>http://snomed.info/sct/900000000000207008/version/20210731</code><table class="none"><tr><td style="white-space:nowrap"><b>Code</b></td><td><b>Display</b></td></tr><tr><td><a href="http://browser.ihtsdotools.org/?perspective=full&amp;conceptId1=373066001">373066001</a></td><td>Yes (qualifier value)</td></tr><tr><td><a href="http://browser.ihtsdotools.org/?perspective=full&amp;conceptId1=373067005">373067005</a></td><td>No (qualifier value)</td></tr><tr><td><a href="http://browser.ihtsdotools.org/?perspective=full&amp;conceptId1=261665006">261665006</a></td><td>Unknown (qualifier value)</td></tr></table></li></ul></div>
  </text>
  <url value="https://www.netzwerk-universitaetsmedizin.de/fhir/ValueSet/yes-no-unknown"/>
  <version value="0.1.0"/>
  <name value="YesNoUnknown"/>
  <title value="Yes No Unknown"/>
  <status value="active"/>
  <date value="2021-10-19T22:00:24+00:00"/>
  <publisher value="BIH @ Charité"/>
  <contact>
    <name value="BIH @ Charité"/>
    <telecom>
      <system value="url"/>
      <value value="https://www.netzwerk-universitaetsmedizin.de"/>
    </telecom>
  </contact>
  <description value="Yes / No / Unknown"/>
  <compose>
    <include>
      <system value="http://snomed.info/sct"/>
      <version value="http://snomed.info/sct/900000000000207008/version/20210731"/>
      <concept>
        <code value="373066001"/>
        <display value="Yes (qualifier value)"/>
      </concept>
      <concept>
        <code value="373067005"/>
        <display value="No (qualifier value)"/>
      </concept>
      <concept>
        <code value="261665006"/>
        <display value="Unknown (qualifier value)"/>
      </concept>
    </include>
  </compose>
</ValueSet>