<?xml version="1.0" encoding="UTF-8"?>

<ValueSet xmlns="http://hl7.org/fhir">
  <id value="general-complaints-after-vaccination"/>
  <text>
    <status value="generated"/><div xmlns="http://www.w3.org/1999/xhtml"><ul><li>Include these codes as defined in <a href="http://www.snomed.org/"><code>http://snomed.info/sct</code></a><table class="none"><tr><td style="white-space:nowrap"><b>Code</b></td><td><b>Display</b></td></tr><tr><td><a href="http://browser.ihtsdotools.org/?perspective=full&amp;conceptId1=260413007">260413007</a></td><td>None (qualifier value)</td></tr><tr><td><a href="http://browser.ihtsdotools.org/?perspective=full&amp;conceptId1=386661006">386661006</a></td><td>Fever (finding)</td></tr><tr><td><a href="http://browser.ihtsdotools.org/?perspective=full&amp;conceptId1=43724002">43724002</a></td><td>Chill (finding)</td></tr><tr><td><a href="http://browser.ihtsdotools.org/?perspective=full&amp;conceptId1=103001002">103001002</a></td><td>Feeling feverish (finding)</td></tr><tr><td><a href="http://browser.ihtsdotools.org/?perspective=full&amp;conceptId1=60119000">60119000</a></td><td>Exhaustion (finding)</td></tr><tr><td><a href="http://browser.ihtsdotools.org/?perspective=full&amp;conceptId1=84229001">84229001</a></td><td>Fatigue (finding)</td></tr><tr><td><a href="http://browser.ihtsdotools.org/?perspective=full&amp;conceptId1=68962001">68962001</a></td><td>Muscle pain (finding)</td></tr><tr><td><a href="http://browser.ihtsdotools.org/?perspective=full&amp;conceptId1=57676002">57676002</a></td><td>Joint pain (finding)</td></tr><tr><td><a href="http://browser.ihtsdotools.org/?perspective=full&amp;conceptId1=230145002">230145002</a></td><td>Difficulty breathing (finding)</td></tr><tr><td><a href="http://browser.ihtsdotools.org/?perspective=full&amp;conceptId1=267036007">267036007</a></td><td>Dyspnea (finding)</td></tr><tr><td><a href="http://browser.ihtsdotools.org/?perspective=full&amp;conceptId1=422587007">422587007</a></td><td>Nausea (finding)</td></tr><tr><td><a href="http://browser.ihtsdotools.org/?perspective=full&amp;conceptId1=249497008">249497008</a></td><td>Vomiting symptom (finding)</td></tr><tr><td><a href="http://browser.ihtsdotools.org/?perspective=full&amp;conceptId1=62315008">62315008</a></td><td>Diarrhea (finding)</td></tr><tr><td><a href="http://browser.ihtsdotools.org/?perspective=full&amp;conceptId1=398032003">398032003</a></td><td>Loose stool (finding)</td></tr></table></li></ul></div>
  </text>
  <url value="https://www.netzwerk-universitaetsmedizin.de/fhir/ValueSet/general-complaints-after-vaccination"/>
  <version value="0.1.0"/>
  <name value="GeneralComplaintsAfterVaccination"/>
  <title value="General Complaints After Vaccination"/>
  <status value="active"/>
  <date value="2021-10-07T21:14:44+00:00"/>
  <publisher value="BIH @ Charité"/>
  <contact>
    <name value="BIH @ Charité"/>
    <telecom>
      <system value="url"/>
      <value value="https://www.netzwerk-universitaetsmedizin.de"/>
    </telecom>
  </contact>
  <description value="General complaints after vaccination"/>
  <compose>
    <include>
      <system value="http://snomed.info/sct"/>
      <concept>
        <code value="260413007"/>
        <display value="None (qualifier value)"/>
      </concept>
      <concept>
        <code value="386661006"/>
        <display value="Fever (finding)"/>
      </concept>
      <concept>
        <code value="43724002"/>
        <display value="Chill (finding)"/>
      </concept>
      <concept>
        <code value="103001002"/>
        <display value="Feeling feverish (finding)"/>
      </concept>
      <concept>
        <code value="60119000"/>
        <display value="Exhaustion (finding)"/>
      </concept>
      <concept>
        <code value="84229001"/>
        <display value="Fatigue (finding)"/>
      </concept>
      <concept>
        <code value="68962001"/>
        <display value="Muscle pain (finding)"/>
      </concept>
      <concept>
        <code value="57676002"/>
        <display value="Joint pain (finding)"/>
      </concept>
      <concept>
        <code value="230145002"/>
        <display value="Difficulty breathing (finding)"/>
      </concept>
      <concept>
        <code value="267036007"/>
        <display value="Dyspnea (finding)"/>
      </concept>
      <concept>
        <code value="422587007"/>
        <display value="Nausea (finding)"/>
      </concept>
      <concept>
        <code value="249497008"/>
        <display value="Vomiting symptom (finding)"/>
      </concept>
      <concept>
        <code value="62315008"/>
        <display value="Diarrhea (finding)"/>
      </concept>
      <concept>
        <code value="398032003"/>
        <display value="Loose stool (finding)"/>
      </concept>
    </include>
  </compose>
</ValueSet>