<?xml version="1.0" encoding="UTF-8"?>

<ValueSet xmlns="http://hl7.org/fhir">
  <id value="regular-alcohol-intake-quantity"/>
  <text>
    <status value="generated"/><div xmlns="http://www.w3.org/1999/xhtml"><p>This value set includes codes based on the following rules:</p><ul><li>Include these codes as defined in <a href="CodeSystem-napkon-vaccination-module.html"><code>https://www.netzwerk-universitaetsmedizin.de/fhir/CodeSystem/napkon-vaccination-module</code></a><table class="none"><tr><td style="white-space:nowrap"><b>Code</b></td><td><b>Display</b></td></tr><tr><td><a href="CodeSystem-napkon-vaccination-module.html#napkon-vaccination-module-9001">9001</a></td><td>0,5 bis 1 alkoholische Getränke pro Tag</td></tr><tr><td><a href="CodeSystem-napkon-vaccination-module.html#napkon-vaccination-module-9002">9002</a></td><td>1,5 bis 2 alkoholische Getränke pro Tag</td></tr><tr><td><a href="CodeSystem-napkon-vaccination-module.html#napkon-vaccination-module-9003">9003</a></td><td>2,5 bis 3 alkoholische Getränke pro Tag</td></tr><tr><td><a href="CodeSystem-napkon-vaccination-module.html#napkon-vaccination-module-9004">9004</a></td><td>3,5 bis 4,5 alkoholische Getränke pro Tag</td></tr><tr><td><a href="CodeSystem-napkon-vaccination-module.html#napkon-vaccination-module-9005">9005</a></td><td>5 oder mehr alkoholische Getränke pro Tag</td></tr></table></li><li>Include these codes as defined in <a href="http://www.snomed.org/"><code>http://snomed.info/sct</code></a><table class="none"><tr><td style="white-space:nowrap"><b>Code</b></td><td><b>Display</b></td></tr><tr><td><a href="http://browser.ihtsdotools.org/?perspective=full&amp;conceptId1=373068000">373068000</a></td><td>Undetermined (qualifier value)</td></tr></table></li></ul></div>
  </text>
  <url value="https://www.netzwerk-universitaetsmedizin.de/fhir/ValueSet/regular-alcohol-intake-quantity"/>
  <version value="0.1.0"/>
  <name value="RegularAlcoholIntakeQuantity"/>
  <title value="Regular Alcohol Intake Quantity"/>
  <status value="active"/>
  <date value="2021-10-07T21:11:53+00:00"/>
  <publisher value="BIH @ Charité"/>
  <contact>
    <name value="BIH @ Charité"/>
    <telecom>
      <system value="url"/>
      <value value="https://www.netzwerk-universitaetsmedizin.de"/>
    </telecom>
  </contact>
  <description value="Number of alcoholic beverages per day"/>
  <compose>
    <include>
      <system value="https://www.netzwerk-universitaetsmedizin.de/fhir/CodeSystem/napkon-vaccination-module"/>
      <concept>
        <code value="9001"/>
        <display value="0,5 bis 1 alkoholische Getränke pro Tag"/>
      </concept>
      <concept>
        <code value="9002"/>
        <display value="1,5 bis 2 alkoholische Getränke pro Tag"/>
      </concept>
      <concept>
        <code value="9003"/>
        <display value="2,5 bis 3 alkoholische Getränke pro Tag"/>
      </concept>
      <concept>
        <code value="9004"/>
        <display value="3,5 bis 4,5 alkoholische Getränke pro Tag"/>
      </concept>
      <concept>
        <code value="9005"/>
        <display value="5 oder mehr alkoholische Getränke pro Tag"/>
      </concept>
    </include>
    <include>
      <system value="http://snomed.info/sct"/>
      <concept>
        <code value="373068000"/>
        <display value="Undetermined (qualifier value)"/>
      </concept>
    </include>
  </compose>
</ValueSet>