<?xml version="1.0" encoding="UTF-8"?>

<ValueSet xmlns="http://hl7.org/fhir">
  <id value="pediatric-imaging-codes"/>
  <text>
    <status value="generated"/><div xmlns="http://www.w3.org/1999/xhtml"><ul><li>Include these codes as defined in <a href="http://www.snomed.org/"><code>http://snomed.info/sct</code></a><table class="none"><tr><td style="white-space:nowrap"><b>Code</b></td><td><b>Display</b></td></tr><tr><td><a href="http://browser.ihtsdotools.org/?perspective=full&amp;conceptId1=40701008">40701008</a></td><td>Echocardiography (procedure)</td></tr><tr><td><a href="http://browser.ihtsdotools.org/?perspective=full&amp;conceptId1=450436003">450436003</a></td><td>Positron emission tomography with computed tomography (procedure)</td></tr></table></li></ul></div>
  </text>
  <url value="https://www.netzwerk-universitaetsmedizin.de/fhir/ValueSet/pediatric-imaging-codes"/>
  <version value="0.1.0"/>
  <name value="PediatricsImagingCodes"/>
  <title value="ValueSet for Pediatric Module"/>
  <status value="draft"/>
  <date value="2021-05-28"/>
  <publisher value="BIH @ Charité"/>
  <contact>
    <name value="BIH @ Charité"/>
    <telecom>
      <system value="url"/>
      <value value="https://www.netzwerk-universitaetsmedizin.de"/>
    </telecom>
  </contact>
  <description value="Codes related to the Pediatric Module."/>
  <compose>
    <include>
      <system value="http://snomed.info/sct"/>
      <concept>
        <code value="40701008"/>
        <display value="Echocardiography (procedure)"/>
      </concept>
      <concept>
        <code value="450436003"/>
        <display value="Positron emission tomography with computed tomography (procedure)"/>
      </concept>
    </include>
  </compose>
</ValueSet>