<?xml version="1.0" encoding="UTF-8"?>

<ValueSet xmlns="http://hl7.org/fhir">
  <id value="chronic-haematologic-diseases-pediatrics"/>
  <text>
    <status value="generated"/><div xmlns="http://www.w3.org/1999/xhtml"><ul><li>Include these codes as defined in <a href="http://www.snomed.org/"><code>http://snomed.info/sct</code></a><table class="none"><tr><td style="white-space:nowrap"><b>Code</b></td><td><b>Display</b></td><td><b>Deutsch (Deutschland) (German (Germany), de)</b></td></tr><tr><td><a href="http://browser.ihtsdotools.org/?perspective=full&amp;conceptId1=61261009">61261009</a></td><td>Hemolytic anemia (disorder)</td><td>Haemolytische Anaemie</td></tr><tr><td><a href="http://browser.ihtsdotools.org/?perspective=full&amp;conceptId1=40108008">40108008</a></td><td>Thalassemia (disorder)</td><td>Thalassämie</td></tr><tr><td><a href="http://browser.ihtsdotools.org/?perspective=full&amp;conceptId1=127040003">127040003</a></td><td>Sickle cell-hemoglobin SS disease (disorder)</td><td>Sichelzellanämie</td></tr><tr><td><a href="http://browser.ihtsdotools.org/?perspective=full&amp;conceptId1=62403005">62403005</a></td><td>Glucose-6-phosphate dehydrogenase deficiency anemia (disorder)</td><td>G6PD-Mangel-Anämie</td></tr><tr><td><a href="http://browser.ihtsdotools.org/?perspective=full&amp;conceptId1=87522002">87522002</a></td><td>Iron deficiency anemia (disorder)</td><td>Eisenmangelanämie</td></tr><tr><td><a href="http://browser.ihtsdotools.org/?perspective=full&amp;conceptId1=248693006">248693006</a></td><td>Chronic idiopathic neutropenia (disorder)</td><td>Chronische Neutropenie</td></tr><tr><td><a href="http://browser.ihtsdotools.org/?perspective=full&amp;conceptId1=109995007">109995007</a></td><td>Myelodysplastic syndrome (disorder)</td><td>Myelodysplastisches Syndrom</td></tr><tr><td><a href="http://browser.ihtsdotools.org/?perspective=full&amp;conceptId1=64779008">64779008</a></td><td>Blood coagulation disorder (disorder)</td><td>Gerinnungsstörung</td></tr></table></li></ul></div>
  </text>
  <url value="http://example.org/fhir/ValueSet/chronic-haematologic-diseases-pediatrics"/>
  <version value="0.1.0-test"/>
  <name value="ChronicHaematologicDiseasesPediatrics"/>
  <title value="ChronicHaematologicDiseasesPediatricsVS"/>
  <status value="draft"/>
  <date value="2021-07-16T07:28:54+00:00"/>
  <publisher value="Berlin Institute of Health @ Charit&#xE9;"/>
  <contact>
    <telecom>
      <system value="url"/>
      <value value="https://bihealth.org"/>
    </telecom>
  </contact>
  <description value="Chronic haematologic diseases the context of pediatrics and Covid-19"/>
  <jurisdiction>
    <coding>
      <system value="http://unstats.un.org/unsd/methods/m49/m49.htm"/>
      <code value="001"/>
    </coding>
  </jurisdiction>
  <compose>
    <include>
      <system value="http://snomed.info/sct"/>
      <concept>
        <code value="61261009"/>
        <display value="Hemolytic anemia (disorder)"/>
        <designation>
          <language value="de-DE"/>
          <use>
            <code value="900000000000013009"/>
            <display value="Synonym"/>
          </use>
          <value value="Haemolytische Anaemie"/>
        </designation>
      </concept>
      <concept>
        <code value="40108008"/>
        <display value="Thalassemia (disorder)"/>
        <designation>
          <language value="de-DE"/>
          <use>
            <code value="900000000000013009"/>
            <display value="Synonym"/>
          </use>
          <value value="Thalass&#xE4;mie"/>
        </designation>
      </concept>
      <concept>
        <code value="127040003"/>
        <display value="Sickle cell-hemoglobin SS disease (disorder)"/>
        <designation>
          <language value="de-DE"/>
          <use>
            <code value="900000000000013009"/>
            <display value="Synonym"/>
          </use>
          <value value="Sichelzellan&#xE4;mie"/>
        </designation>
      </concept>
      <concept>
        <code value="62403005"/>
        <display value="Glucose-6-phosphate dehydrogenase deficiency anemia (disorder)"/>
        <designation>
          <language value="de-DE"/>
          <use>
            <code value="900000000000013009"/>
            <display value="Synonym"/>
          </use>
          <value value="G6PD-Mangel-An&#xE4;mie"/>
        </designation>
      </concept>
      <concept>
        <code value="87522002"/>
        <display value="Iron deficiency anemia (disorder)"/>
        <designation>
          <language value="de-DE"/>
          <use>
            <code value="900000000000013009"/>
            <display value="Synonym"/>
          </use>
          <value value="Eisenmangelan&#xE4;mie"/>
        </designation>
      </concept>
      <concept>
        <code value="248693006"/>
        <display value="Chronic idiopathic neutropenia (disorder)"/>
        <designation>
          <language value="de-DE"/>
          <use>
            <code value="900000000000013009"/>
            <display value="Synonym"/>
          </use>
          <value value="Chronische Neutropenie"/>
        </designation>
      </concept>
      <concept>
        <code value="109995007"/>
        <display value="Myelodysplastic syndrome (disorder)"/>
        <designation>
          <language value="de-DE"/>
          <use>
            <code value="900000000000013009"/>
            <display value="Synonym"/>
          </use>
          <value value="Myelodysplastisches Syndrom"/>
        </designation>
      </concept>
      <concept>
        <code value="64779008"/>
        <display value="Blood coagulation disorder (disorder)"/>
        <designation>
          <language value="de-DE"/>
          <use>
            <code value="900000000000013009"/>
            <display value="Synonym"/>
          </use>
          <value value="Gerinnungsst&#xF6;rung"/>
        </designation>
      </concept>
    </include>
  </compose>
</ValueSet>