<?xml version="1.0" encoding="UTF-8"?>

<ValueSet xmlns="http://hl7.org/fhir">
  <id value="regular-alcohol-intake"/>
  <text>
    <status value="generated"/><div xmlns="http://www.w3.org/1999/xhtml"><p>This value set includes codes based on the following rules:</p><ul><li>Include these codes as defined in <a href="CodeSystem-napkon-vaccination-module.html"><code>https://www.netzwerk-universitaetsmedizin.de/fhir/CodeSystem/napkon-vaccination-module</code></a><table class="none"><tr><td style="white-space:nowrap"><b>Code</b></td><td><b>Display</b></td></tr><tr><td><a href="CodeSystem-napkon-vaccination-module.html#napkon-vaccination-module-8001">8001</a></td><td>Einmal im Monat oder seltener</td></tr><tr><td><a href="CodeSystem-napkon-vaccination-module.html#napkon-vaccination-module-8002">8002</a></td><td>2-4 Mal im Monat</td></tr><tr><td><a href="CodeSystem-napkon-vaccination-module.html#napkon-vaccination-module-8003">8003</a></td><td>2-3 Mal pro Woche</td></tr><tr><td><a href="CodeSystem-napkon-vaccination-module.html#napkon-vaccination-module-8004">8004</a></td><td>4 Mal oder öfter die Woche</td></tr><tr><td><a href="CodeSystem-napkon-vaccination-module.html#napkon-vaccination-module-8005">8005</a></td><td>Nicht mehr (früher gelegentlich)</td></tr></table></li><li>Include these codes as defined in <a href="http://www.snomed.org/"><code>http://snomed.info/sct</code></a><table class="none"><tr><td style="white-space:nowrap"><b>Code</b></td><td><b>Display</b></td></tr><tr><td><a href="http://browser.ihtsdotools.org/?perspective=full&amp;conceptId1=373067005">373067005</a></td><td>No (qualifier value)</td></tr><tr><td><a href="http://browser.ihtsdotools.org/?perspective=full&amp;conceptId1=373068000">373068000</a></td><td>Undetermined (qualifier value)</td></tr></table></li></ul></div>
  </text>
  <url value="https://www.netzwerk-universitaetsmedizin.de/fhir/ValueSet/regular-alcohol-intake"/>
  <version value="0.1.0"/>
  <name value="RegularAlcoholIntake"/>
  <title value="Regular Alcohol Intake"/>
  <status value="active"/>
  <date value="2021-10-12T12:33:34+00:00"/>
  <publisher value="BIH @ Charité"/>
  <contact>
    <name value="BIH @ Charité"/>
    <telecom>
      <system value="url"/>
      <value value="https://www.netzwerk-universitaetsmedizin.de"/>
    </telecom>
  </contact>
  <description value="Frequency of alcoholic beverage intake"/>
  <compose>
    <include>
      <system value="https://www.netzwerk-universitaetsmedizin.de/fhir/CodeSystem/napkon-vaccination-module"/>
      <concept>
        <code value="8001"/>
        <display value="Einmal im Monat oder seltener"/>
      </concept>
      <concept>
        <code value="8002"/>
        <display value="2-4 Mal im Monat"/>
      </concept>
      <concept>
        <code value="8003"/>
        <display value="2-3 Mal pro Woche"/>
      </concept>
      <concept>
        <code value="8004"/>
        <display value="4 Mal oder öfter die Woche"/>
      </concept>
      <concept>
        <code value="8005"/>
        <display value="Nicht mehr (früher gelegentlich)"/>
      </concept>
    </include>
    <include>
      <system value="http://snomed.info/sct"/>
      <concept>
        <code value="373067005"/>
        <display value="No (qualifier value)"/>
      </concept>
      <concept>
        <code value="373068000"/>
        <display value="Undetermined (qualifier value)"/>
      </concept>
    </include>
  </compose>
</ValueSet>