<?xml version="1.0" encoding="UTF-8"?>

<ValueSet xmlns="http://hl7.org/fhir">
  <id value="imaging-procedures-cardiology"/>
  <text>
    <status value="generated"/><div xmlns="http://www.w3.org/1999/xhtml"><ul><li>Include these codes as defined in <a href="http://www.snomed.org/"><code>http://snomed.info/sct</code></a><table class="none"><tr><td style="white-space:nowrap"><b>Code</b></td><td><b>Display</b></td><td><b>Deutsch (Deutschland) (German (Germany), de)</b></td></tr><tr><td><a href="http://browser.ihtsdotools.org/?perspective=full&amp;conceptId1=268400002">268400002</a></td><td>12 lead electrocardiogram (procedure)</td><td>Durchgeführte 12-Kanal-EKG-Untersuchung</td></tr><tr><td><a href="http://browser.ihtsdotools.org/?perspective=full&amp;conceptId1=40701008">40701008</a></td><td>Echocardiography (procedure)</td><td>Durchgeführte Echokardiographie</td></tr><tr><td><a href="http://browser.ihtsdotools.org/?perspective=full&amp;conceptId1=433236007">433236007</a></td><td>Transthoracic echocardiography (procedure)</td><td>Transthorakale Echokardiographie</td></tr></table></li></ul></div>
  </text>
  <url value="https://www.netzwerk-universitaetsmedizin.de/fhir/ValueSet/EcgCodes"/>
  <version value="0.1.0"/>
  <name value="ImagingCodes"/>
  <status value="draft"/>
  <date value="2021-05-28"/>
  <publisher value="BIH @ Charité"/>
  <contact>
    <name value="BIH @ Charité"/>
    <telecom>
      <system value="url"/>
      <value value="https://www.netzwerk-universitaetsmedizin.de"/>
    </telecom>
  </contact>
  <compose>
    <include>
      <system value="http://snomed.info/sct"/>
      <concept>
        <code value="268400002"/>
        <display value="12 lead electrocardiogram (procedure)"/>
        <designation>
          <language value="de-DE"/>
          <use>
            <system value="http://snomed.info/sct"/>
            <code value="900000000000013009"/>
            <display value="Synonym"/>
          </use>
          <value value="Durchgeführte 12-Kanal-EKG-Untersuchung"/>
        </designation>
      </concept>
      <concept>
        <code value="40701008"/>
        <display value="Echocardiography (procedure)"/>
        <designation>
          <language value="de-DE"/>
          <use>
            <system value="http://snomed.info/sct"/>
            <code value="900000000000013009"/>
            <display value="Synonym"/>
          </use>
          <value value="Durchgeführte Echokardiographie"/>
        </designation>
      </concept>
      <concept>
        <code value="433236007"/>
        <display value="Transthoracic echocardiography (procedure)"/>
        <designation>
          <language value="de-DE"/>
          <use>
            <system value="http://snomed.info/sct"/>
            <code value="900000000000013009"/>
            <display value="Synonym"/>
          </use>
          <value value="Transthorakale Echokardiographie"/>
        </designation>
      </concept>
    </include>
  </compose>
</ValueSet>