<?xml version="1.0" encoding="UTF-8"?><ImplementationGuide xmlns="http://hl7.org/fhir"><id value="napkon-bih"/><text><status value="extensions"/><div xmlns="http://www.w3.org/1999/xhtml"><h2>NAPKONBIH</h2><p>The official URL for this implementation guide is: </p><pre>https://www.netzwerk-universitaetsmedizin.de/fhir/ImplementationGuide/napkon-bih</pre></div></text><url value="https://www.netzwerk-universitaetsmedizin.de/fhir/ImplementationGuide/napkon-bih"/><version value="0.1.0"/><name value="NAPKONBIH"/><status value="draft"/><date value="2021-10-12T18:15:52+00:00"/><publisher value="BIH @ Charité"/><contact><name value="BIH @ Charité"/><telecom><system value="url"/><value value="https://www.netzwerk-universitaetsmedizin.de"/></telecom></contact><packageId value="napkon-bih"/><license value="CC0-1.0"/><fhirVersion value="4.0.1"/><dependsOn id="prozedur"><uri value="https://www.medizininformatik-initiative.de/fhir/core/modul-prozedur/StructureDefinition/Procedure"/><packageId value="de.medizininformatikinitiative.kerndatensatz.prozedur"/><version value="2.0.0-alpha3"/></dependsOn><dependsOn id="person"><uri value="https://www.medizininformatik-initiative.de/fhir/core/modul-person/StructureDefinition/Patient"/><packageId value="de.medizininformatikinitiative.kerndatensatz.person"/><version value="2.0.0-alpha3"/></dependsOn><dependsOn id="medikation"><uri value="https://www.medizininformatik-initiative.de/fhir/core/modul-medikation/StructureDefinition/MedicationStatement"/><packageId value="de.medizininformatikinitiative.kerndatensatz.medikation"/><version value="1.0.10"/></dependsOn><definition><extension url="http://hl7.org/fhir/tools/StructureDefinition/ig-parameter"><extension url="code"><valueString value="copyrightyear"/></extension><extension url="value"><valueString value="2021+"/></extension></extension><extension url="http://hl7.org/fhir/tools/StructureDefinition/ig-parameter"><extension url="code"><valueString value="releaselabel"/></extension><extension url="value"><valueString value="ci-build"/></extension></extension><extension url="http://hl7.org/fhir/tools/StructureDefinition/ig-parameter"><extension url="code"><valueString value="path-liquid"/></extension><extension url="value"><valueString value="template/liquid"/></extension></extension><extension url="http://hl7.org/fhir/tools/StructureDefinition/ig-parameter"><extension url="code"><valueString value="path-liquid"/></extension><extension url="value"><valueString value="input/liquid"/></extension></extension><extension url="http://hl7.org/fhir/tools/StructureDefinition/ig-parameter"><extension url="code"><valueString value="path-qa"/></extension><extension url="value"><valueString value="temp/qa"/></extension></extension><extension url="http://hl7.org/fhir/tools/StructureDefinition/ig-parameter"><extension url="code"><valueString value="path-temp"/></extension><extension url="value"><valueString value="temp/pages"/></extension></extension><extension url="http://hl7.org/fhir/tools/StructureDefinition/ig-parameter"><extension url="code"><valueString value="path-output"/></extension><extension url="value"><valueString value="output"/></extension></extension><extension url="http://hl7.org/fhir/tools/StructureDefinition/ig-parameter"><extension url="code"><valueString value="path-suppressed-warnings"/></extension><extension url="value"><valueString value="input/ignoreWarnings.txt"/></extension></extension><extension url="http://hl7.org/fhir/tools/StructureDefinition/ig-parameter"><extension url="code"><valueString value="path-history"/></extension><extension url="value"><valueString value="https://www.netzwerk-universitaetsmedizin.de/fhir/history.html"/></extension></extension><extension url="http://hl7.org/fhir/tools/StructureDefinition/ig-parameter"><extension url="code"><valueString value="template-html"/></extension><extension url="value"><valueString value="template-page.html"/></extension></extension><extension url="http://hl7.org/fhir/tools/StructureDefinition/ig-parameter"><extension url="code"><valueString value="template-md"/></extension><extension url="value"><valueString value="template-page-md.html"/></extension></extension><extension url="http://hl7.org/fhir/tools/StructureDefinition/ig-parameter"><extension url="code"><valueString value="apply-contact"/></extension><extension url="value"><valueString value="true"/></extension></extension><extension url="http://hl7.org/fhir/tools/StructureDefinition/ig-parameter"><extension url="code"><valueString value="apply-context"/></extension><extension url="value"><valueString value="true"/></extension></extension><extension url="http://hl7.org/fhir/tools/StructureDefinition/ig-parameter"><extension url="code"><valueString value="apply-copyright"/></extension><extension url="value"><valueString value="true"/></extension></extension><extension url="http://hl7.org/fhir/tools/StructureDefinition/ig-parameter"><extension url="code"><valueString value="apply-jurisdiction"/></extension><extension url="value"><valueString value="true"/></extension></extension><extension url="http://hl7.org/fhir/tools/StructureDefinition/ig-parameter"><extension url="code"><valueString value="apply-license"/></extension><extension url="value"><valueString value="true"/></extension></extension><extension url="http://hl7.org/fhir/tools/StructureDefinition/ig-parameter"><extension url="code"><valueString value="apply-publisher"/></extension><extension url="value"><valueString value="true"/></extension></extension><extension url="http://hl7.org/fhir/tools/StructureDefinition/ig-parameter"><extension url="code"><valueString value="apply-version"/></extension><extension url="value"><valueString value="true"/></extension></extension><extension url="http://hl7.org/fhir/tools/StructureDefinition/ig-parameter"><extension url="code"><valueString value="active-tables"/></extension><extension url="value"><valueString value="true"/></extension></extension><grouping id="-str-profile"><name value="Structures: Resource Profiles"/><description value="These define constraints on FHIR resources for systems conforming to this implementation guide"/></grouping><grouping id="-term-valueset"><name value="Terminology: Value Sets"/><description value="These define sets of codes used by systems conforming to this implementation guide"/></grouping><grouping id="-term-codesystem"><name value="Terminology: Code Systems"/><description value="These define new code systems used by systems conforming to this implementation guide"/></grouping><grouping id="-ex-example"><name value="Example: Example Instances"/><description value="These are example instances that show what data produced and consumed by systems conforming with this implementation guide might look like"/></grouping><resource><extension url="http://hl7.org/fhir/StructureDefinition/implementationguide-page"><valueUri value="StructureDefinition-covid19-complication.html"/></extension><reference><reference value="StructureDefinition/covid19-complication"/></reference><name value="Covid19 complication"/><description value="Complication due to COVID19"/><exampleBoolean value="false"/><groupingId value="-str-profile"/></resource><resource><extension url="http://hl7.org/fhir/StructureDefinition/implementationguide-page"><valueUri value="StructureDefinition-fungal-infection.html"/></extension><reference><reference value="StructureDefinition/fungal-infection"/></reference><name value="Fungal Infection"/><description value="Occurrence of a fungal infection"/><exampleBoolean value="false"/><groupingId value="-str-profile"/></resource><resource><extension url="http://hl7.org/fhir/StructureDefinition/implementationguide-page"><valueUri value="StructureDefinition-immunosuppresive-permanent-medication.html"/></extension><reference><reference value="StructureDefinition/immunosuppresive-permanent-medication"/></reference><name value="Immunosuppresive Permanent Medication"/><description value="Immunosuppresive Permanent Medication"/><exampleBoolean value="false"/><groupingId value="-str-profile"/></resource><resource><extension url="http://hl7.org/fhir/StructureDefinition/implementationguide-page"><valueUri value="StructureDefinition-intensive-care-treatment-duration.html"/></extension><reference><reference value="StructureDefinition/intensive-care-treatment-duration"/></reference><name value="Intensive care treatment duration"/><description value="Duration of intensive care treatment"/><exampleBoolean value="false"/><groupingId value="-str-profile"/></resource><resource><extension url="http://hl7.org/fhir/StructureDefinition/implementationguide-page"><valueUri value="StructureDefinition-thoracic-drainage.html"/></extension><reference><reference value="StructureDefinition/thoracic-drainage"/></reference><name value="Thoracic Drainge"/><description value="Application of a thoraric drainage"/><exampleBoolean value="false"/><groupingId value="-str-profile"/></resource><resource><extension url="http://hl7.org/fhir/StructureDefinition/implementationguide-page"><valueUri value="StructureDefinition-total-length-of-stay.html"/></extension><reference><reference value="StructureDefinition/total-length-of-stay"/></reference><name value="Total length of stay"/><description value="Total length of stay"/><exampleBoolean value="false"/><groupingId value="-str-profile"/></resource><resource><extension url="http://hl7.org/fhir/StructureDefinition/implementationguide-page"><valueUri value="ValueSet-covid19-complications.html"/></extension><reference><reference value="ValueSet/covid19-complications"/></reference><name value="Covid19 complications"/><description value="Complications due to COVID19"/><exampleBoolean value="false"/><groupingId value="-term-valueset"/></resource><resource><extension url="http://hl7.org/fhir/StructureDefinition/implementationguide-page"><valueUri value="ValueSet-fungal-infections.html"/></extension><reference><reference value="ValueSet/fungal-infections"/></reference><name value="Fungal Infections"/><description value="Value set of fungal infections"/><exampleBoolean value="false"/><groupingId value="-term-valueset"/></resource><resource><extension url="http://hl7.org/fhir/StructureDefinition/implementationguide-page"><valueUri value="ValueSet-immunosuppressive-permament-medications.html"/></extension><reference><reference value="ValueSet/immunosuppressive-permament-medications"/></reference><name value="Immunosuppressive Permanent Medications"/><description value="Immunosuppressive medications"/><exampleBoolean value="false"/><groupingId value="-term-valueset"/></resource><resource><extension url="http://hl7.org/fhir/StructureDefinition/implementationguide-page"><valueUri value="ValueSet-restricted-event-status.html"/></extension><reference><reference value="ValueSet/restricted-event-status"/></reference><name value="RestrictedEventStatus"/><description value="EventStatus value set restricted to codes not-done, completed and unknown"/><exampleBoolean value="false"/><groupingId value="-term-valueset"/></resource><resource><extension url="http://hl7.org/fhir/StructureDefinition/implementationguide-page"><valueUri value="CodeSystem-napkon-pediatrics-module.html"/></extension><reference><reference value="CodeSystem/napkon-pediatrics-module"/></reference><name value="NapkonPediatricsModule"/><description value="NAPKON Pediatrics Module Code System - Collection of pediatrics module-specific codes that are missing from common terminologies such as SNOMED CT"/><exampleBoolean value="false"/><groupingId value="-term-codesystem"/></resource><resource><extension url="http://hl7.org/fhir/StructureDefinition/implementationguide-page"><valueUri value="Condition-Covid19Complication.html"/></extension><reference><reference value="Condition/Covid19Complication"/></reference><name value="Covid19 Complication"/><description value="Example of a covid19 complication"/><exampleCanonical value="https://www.netzwerk-universitaetsmedizin.de/fhir/StructureDefinition/covid19-complication"/><groupingId value="-ex-example"/></resource><resource><extension url="http://hl7.org/fhir/StructureDefinition/implementationguide-page"><valueUri value="Patient-ExamplePatient.html"/></extension><reference><reference value="Patient/ExamplePatient"/></reference><name value="ExamplePatient"/><exampleBoolean value="true"/><groupingId value="-ex-example"/></resource><resource><extension url="http://hl7.org/fhir/StructureDefinition/implementationguide-page"><valueUri value="Condition-FungalInfection.html"/></extension><reference><reference value="Condition/FungalInfection"/></reference><name value="fungal-infection-instance"/><description value="Example of a fungal infection"/><exampleCanonical value="https://www.netzwerk-universitaetsmedizin.de/fhir/StructureDefinition/fungal-infection"/><groupingId value="-ex-example"/></resource><resource><extension url="http://hl7.org/fhir/StructureDefinition/implementationguide-page"><valueUri value="MedicationStatement-ImmunosuppresivePermanentMedication.html"/></extension><reference><reference value="MedicationStatement/ImmunosuppresivePermanentMedication"/></reference><name value="Immunosuppresive Permanent Medication"/><description value="Example of a Immunosuppresive Permanent Medication"/><exampleCanonical value="https://www.netzwerk-universitaetsmedizin.de/fhir/StructureDefinition/immunosuppresive-permanent-medication"/><groupingId value="-ex-example"/></resource><resource><extension url="http://hl7.org/fhir/StructureDefinition/implementationguide-page"><valueUri value="Observation-IntensiveCareTreatmentDuration.html"/></extension><reference><reference value="Observation/IntensiveCareTreatmentDuration"/></reference><name value="Intensive Care Treatment Duration"/><description value="Example of an intensive care treatment duration"/><exampleCanonical value="https://www.netzwerk-universitaetsmedizin.de/fhir/StructureDefinition/intensive-care-treatment-duration"/><groupingId value="-ex-example"/></resource><resource><extension url="http://hl7.org/fhir/StructureDefinition/implementationguide-page"><valueUri value="Procedure-ThoracicDrainage.html"/></extension><reference><reference value="Procedure/ThoracicDrainage"/></reference><name value="Thoracic Drainage"/><description value="Example of a thoracic drainage"/><exampleCanonical value="https://www.netzwerk-universitaetsmedizin.de/fhir/StructureDefinition/thoracic-drainage"/><groupingId value="-ex-example"/></resource><resource><extension url="http://hl7.org/fhir/StructureDefinition/implementationguide-page"><valueUri value="Observation-TotalLengthOfStay.html"/></extension><reference><reference value="Observation/TotalLengthOfStay"/></reference><name value="Total Length of Stay"/><description value="Example of an total length of stay"/><exampleCanonical value="https://www.netzwerk-universitaetsmedizin.de/fhir/StructureDefinition/total-length-of-stay"/><groupingId value="-ex-example"/></resource><page><nameUrl value="toc.html"/><title value="Table of Contents"/><generation value="html"/><page><nameUrl value="index.html"/><title value="Home"/><generation value="html"/></page><page><nameUrl value="about.html"/><title value="About"/><generation value="markdown"/></page><page><nameUrl value="background.html"/><title value="Background"/><generation value="html"/></page><page><nameUrl value="changes.html"/><title value="Changes"/><generation value="html"/></page><page><nameUrl value="downloads.html"/><title value="Downloads"/><generation value="html"/></page><page><nameUrl value="spec.html"/><title value="Spec"/><generation value="markdown"/></page><page><nameUrl value="artifacts.html"/><title value="Artifacts Summary"/><generation value="html"/><page><nameUrl value="StructureDefinition-covid19-complication.html"/><title value="Covid19 complication"/><generation value="generated"/></page><page><nameUrl value="StructureDefinition-fungal-infection.html"/><title value="Fungal Infection"/><generation value="generated"/></page><page><nameUrl value="StructureDefinition-immunosuppresive-permanent-medication.html"/><title value="Immunosuppresive Permanent Medication"/><generation value="generated"/></page><page><nameUrl value="StructureDefinition-intensive-care-treatment-duration.html"/><title value="Intensive care treatment duration"/><generation value="generated"/></page><page><nameUrl value="StructureDefinition-thoracic-drainage.html"/><title value="Thoracic Drainge"/><generation value="generated"/></page><page><nameUrl value="StructureDefinition-total-length-of-stay.html"/><title value="Total length of stay"/><generation value="generated"/></page><page><nameUrl value="ValueSet-covid19-complications.html"/><title value="Covid19 complications"/><generation value="generated"/></page><page><nameUrl value="ValueSet-fungal-infections.html"/><title value="Fungal Infections"/><generation value="generated"/></page><page><nameUrl value="ValueSet-immunosuppressive-permament-medications.html"/><title value="Immunosuppressive Permanent Medications"/><generation value="generated"/></page><page><nameUrl value="ValueSet-restricted-event-status.html"/><title value="RestrictedEventStatus"/><generation value="generated"/></page><page><nameUrl value="CodeSystem-napkon-pediatrics-module.html"/><title value="NapkonPediatricsModule"/><generation value="generated"/></page><page><nameUrl value="Condition-Covid19Complication.html"/><title value="Covid19 Complication"/><generation value="generated"/></page><page><nameUrl value="Patient-ExamplePatient.html"/><title value="ExamplePatient"/><generation value="generated"/></page><page><nameUrl value="Condition-FungalInfection.html"/><title value="fungal-infection-instance"/><generation value="generated"/></page><page><nameUrl value="MedicationStatement-ImmunosuppresivePermanentMedication.html"/><title value="Immunosuppresive Permanent Medication"/><generation value="generated"/></page><page><nameUrl value="Observation-IntensiveCareTreatmentDuration.html"/><title value="Intensive Care Treatment Duration"/><generation value="generated"/></page><page><nameUrl value="Procedure-ThoracicDrainage.html"/><title value="Thoracic Drainage"/><generation value="generated"/></page><page><nameUrl value="Observation-TotalLengthOfStay.html"/><title value="Total Length of Stay"/><generation value="generated"/></page></page></page><parameter><code value="path-resource"/><value value="input/capabilities"/></parameter><parameter><code value="path-resource"/><value value="input/examples"/></parameter><parameter><code value="path-resource"/><value value="input/extensions"/></parameter><parameter><code value="path-resource"/><value value="input/models"/></parameter><parameter><code value="path-resource"/><value value="input/operations"/></parameter><parameter><code value="path-resource"/><value value="input/profiles"/></parameter><parameter><code value="path-resource"/><value value="input/resources"/></parameter><parameter><code value="path-resource"/><value value="input/vocabulary"/></parameter><parameter><code value="path-resource"/><value value="input/maps"/></parameter><parameter><code value="path-resource"/><value value="input/testing"/></parameter><parameter><code value="path-resource"/><value value="input/history"/></parameter><parameter><code value="path-resource"/><value value="fsh-generated/resources"/></parameter><parameter><code value="path-pages"/><value value="template/config"/></parameter><parameter><code value="path-pages"/><value value="input/images"/></parameter><parameter><code value="path-tx-cache"/><value value="input-cache/txcache"/></parameter></definition></ImplementationGuide>