<?xml version="1.0" encoding="UTF-8"?><ImplementationGuide xmlns="http://hl7.org/fhir"><id value="napkon-bih"/><text><status value="extensions"/><div xmlns="http://www.w3.org/1999/xhtml"><h2>NAPKONBIH</h2><p>The official URL for this implementation guide is: </p><pre>https://www.netzwerk-universitaetsmedizin.de/fhir/ImplementationGuide/napkon-bih</pre></div></text><url value="https://www.netzwerk-universitaetsmedizin.de/fhir/ImplementationGuide/napkon-bih"/><version value="0.1.0"/><name value="NAPKONBIH"/><status value="draft"/><date value="2021-10-12T17:32:20+00:00"/><publisher value="BIH @ Charité"/><contact><name value="BIH @ Charité"/><telecom><system value="url"/><value value="https://www.netzwerk-universitaetsmedizin.de"/></telecom></contact><packageId value="napkon-bih"/><license value="CC0-1.0"/><fhirVersion value="4.0.1"/><dependsOn id="de_medizininformatikinitiative_kerndatensatz_prozedur"><uri value="https://simplifier.net/guide/medizininformatikinitiative-modulprozeduren-implementationguide"/><packageId value="de.medizininformatikinitiative.kerndatensatz.prozedur"/><version value="2.0.0-alpha3"/></dependsOn><dependsOn id="de_medizininformatikinitiative_kerndatensatz_person"><uri value="https://simplifier.net/guide/medizininformatikinitiative-modulperson-implementationguide"/><packageId value="de.medizininformatikinitiative.kerndatensatz.person"/><version value="2.0.0-alpha3"/></dependsOn><dependsOn id="de_medizininformatikinitiative_kerndatensatz_medikation"><uri value="https://simplifier.net/guide/medizininformatikinitiative-modulmedikation-implementationguide"/><packageId value="de.medizininformatikinitiative.kerndatensatz.medikation"/><version value="1.0.10"/></dependsOn><dependsOn id="de_medizininformatikinitiative_kerndatensatz_diagnose"><uri value="https://simplifier.net/guide/medizininformatikinitiative-moduldiagnosen-implementationguide"/><packageId value="de.medizininformatikinitiative.kerndatensatz.diagnose"/><version value="2.0.0-alpha3"/></dependsOn><dependsOn id="de_gecco"><uri value="https://simplifier.net/guide/germancoronaconsensusdataset-implementationguide"/><packageId value="de.gecco"/><version value="1.0.5"/></dependsOn><definition><extension url="http://hl7.org/fhir/tools/StructureDefinition/ig-parameter"><extension url="code"><valueString value="copyrightyear"/></extension><extension url="value"><valueString value="2021+"/></extension></extension><extension url="http://hl7.org/fhir/tools/StructureDefinition/ig-parameter"><extension url="code"><valueString value="releaselabel"/></extension><extension url="value"><valueString value="ci-build"/></extension></extension><extension url="http://hl7.org/fhir/tools/StructureDefinition/ig-parameter"><extension url="code"><valueString value="path-liquid"/></extension><extension url="value"><valueString value="template/liquid"/></extension></extension><extension url="http://hl7.org/fhir/tools/StructureDefinition/ig-parameter"><extension url="code"><valueString value="path-liquid"/></extension><extension url="value"><valueString value="input/liquid"/></extension></extension><extension url="http://hl7.org/fhir/tools/StructureDefinition/ig-parameter"><extension url="code"><valueString value="path-qa"/></extension><extension url="value"><valueString value="temp/qa"/></extension></extension><extension url="http://hl7.org/fhir/tools/StructureDefinition/ig-parameter"><extension url="code"><valueString value="path-temp"/></extension><extension url="value"><valueString value="temp/pages"/></extension></extension><extension url="http://hl7.org/fhir/tools/StructureDefinition/ig-parameter"><extension url="code"><valueString value="path-output"/></extension><extension url="value"><valueString value="output"/></extension></extension><extension url="http://hl7.org/fhir/tools/StructureDefinition/ig-parameter"><extension url="code"><valueString value="path-suppressed-warnings"/></extension><extension url="value"><valueString value="input/ignoreWarnings.txt"/></extension></extension><extension url="http://hl7.org/fhir/tools/StructureDefinition/ig-parameter"><extension url="code"><valueString value="path-history"/></extension><extension url="value"><valueString value="https://www.netzwerk-universitaetsmedizin.de/fhir/history.html"/></extension></extension><extension url="http://hl7.org/fhir/tools/StructureDefinition/ig-parameter"><extension url="code"><valueString value="template-html"/></extension><extension url="value"><valueString value="template-page.html"/></extension></extension><extension url="http://hl7.org/fhir/tools/StructureDefinition/ig-parameter"><extension url="code"><valueString value="template-md"/></extension><extension url="value"><valueString value="template-page-md.html"/></extension></extension><extension url="http://hl7.org/fhir/tools/StructureDefinition/ig-parameter"><extension url="code"><valueString value="apply-contact"/></extension><extension url="value"><valueString value="true"/></extension></extension><extension url="http://hl7.org/fhir/tools/StructureDefinition/ig-parameter"><extension url="code"><valueString value="apply-context"/></extension><extension url="value"><valueString value="true"/></extension></extension><extension url="http://hl7.org/fhir/tools/StructureDefinition/ig-parameter"><extension url="code"><valueString value="apply-copyright"/></extension><extension url="value"><valueString value="true"/></extension></extension><extension url="http://hl7.org/fhir/tools/StructureDefinition/ig-parameter"><extension url="code"><valueString value="apply-jurisdiction"/></extension><extension url="value"><valueString value="true"/></extension></extension><extension url="http://hl7.org/fhir/tools/StructureDefinition/ig-parameter"><extension url="code"><valueString value="apply-license"/></extension><extension url="value"><valueString value="true"/></extension></extension><extension url="http://hl7.org/fhir/tools/StructureDefinition/ig-parameter"><extension url="code"><valueString value="apply-publisher"/></extension><extension url="value"><valueString value="true"/></extension></extension><extension url="http://hl7.org/fhir/tools/StructureDefinition/ig-parameter"><extension url="code"><valueString value="apply-version"/></extension><extension url="value"><valueString value="true"/></extension></extension><extension url="http://hl7.org/fhir/tools/StructureDefinition/ig-parameter"><extension url="code"><valueString value="active-tables"/></extension><extension url="value"><valueString value="true"/></extension></extension><grouping id="-str-profile"><name value="Structures: Resource Profiles"/><description value="These define constraints on FHIR resources for systems conforming to this implementation guide"/></grouping><grouping id="-term-valueset"><name value="Terminology: Value Sets"/><description value="These define sets of codes used by systems conforming to this implementation guide"/></grouping><grouping id="-term-codesystem"><name value="Terminology: Code Systems"/><description value="These define new code systems used by systems conforming to this implementation guide"/></grouping><grouping id="-ex-example"><name value="Example: Example Instances"/><description value="These are example instances that show what data produced and consumed by systems conforming with this implementation guide might look like"/></grouping><resource><extension url="http://hl7.org/fhir/StructureDefinition/implementationguide-page"><valueUri value="StructureDefinition-additional-vaccination-willingness.html"/></extension><reference><reference value="StructureDefinition/additional-vaccination-willingness"/></reference><name value="Additional Vaccination Willingness"/><description value="Willingness of the patient to receive additional COVID-19 vaccination if officially recommended"/><exampleBoolean value="false"/><groupingId value="-str-profile"/></resource><resource><extension url="http://hl7.org/fhir/StructureDefinition/implementationguide-page"><valueUri value="StructureDefinition-allergic-reaction-to-vaccination.html"/></extension><reference><reference value="StructureDefinition/allergic-reaction-to-vaccination"/></reference><name value="Allergic Reaction To Vaccination"/><description value="Whether a vaccination caused an allergic reaction"/><exampleBoolean value="false"/><groupingId value="-str-profile"/></resource><resource><extension url="http://hl7.org/fhir/StructureDefinition/implementationguide-page"><valueUri value="StructureDefinition-analgesic-antipyretic-intake-after-vaccination.html"/></extension><reference><reference value="StructureDefinition/analgesic-antipyretic-intake-after-vaccination"/></reference><name value="Analgesic Antipyretic Intake After Vaccination"/><description value="Whether a patient took analgesic or antipyretic drugs after a vaccination event"/><exampleBoolean value="false"/><groupingId value="-str-profile"/></resource><resource><extension url="http://hl7.org/fhir/StructureDefinition/implementationguide-page"><valueUri value="StructureDefinition-body-temperature-after-vaccination.html"/></extension><reference><reference value="StructureDefinition/body-temperature-after-vaccination"/></reference><name value="Body Temperature After Vaccination"/><description value="Maximal body temperature after a vaccination event (indicating fever)"/><exampleBoolean value="false"/><groupingId value="-str-profile"/></resource><resource><extension url="http://hl7.org/fhir/StructureDefinition/implementationguide-page"><valueUri value="StructureDefinition-chemotherapy.html"/></extension><reference><reference value="StructureDefinition/chemotherapy"/></reference><name value="Chemotherapy"/><description value="Whether a patient is or has been receiving a chemotherapy within the last 3 months"/><exampleBoolean value="false"/><groupingId value="-str-profile"/></resource><resource><extension url="http://hl7.org/fhir/StructureDefinition/implementationguide-page"><valueUri value="StructureDefinition-covid-vaccination.html"/></extension><reference><reference value="StructureDefinition/covid-vaccination"/></reference><name value="CovidVaccination"/><description value="COVID-19 vaccination event"/><exampleBoolean value="false"/><groupingId value="-str-profile"/></resource><resource><extension url="http://hl7.org/fhir/StructureDefinition/implementationguide-page"><valueUri value="StructureDefinition-general-complaints-after-vaccination.html"/></extension><reference><reference value="StructureDefinition/general-complaints-after-vaccination"/></reference><name value="General Complaints After Vaccination"/><description value="General complaints after a vaccination event"/><exampleBoolean value="false"/><groupingId value="-str-profile"/></resource><resource><extension url="http://hl7.org/fhir/StructureDefinition/implementationguide-page"><valueUri value="StructureDefinition-immunosuppressive-therapy.html"/></extension><reference><reference value="StructureDefinition/immunosuppressive-therapy"/></reference><name value="Immunosuppressive Therapy"/><description value="Whether a patient is receiving an immunosuppressive or -modulatory therapy"/><exampleBoolean value="false"/><groupingId value="-str-profile"/></resource><resource><extension url="http://hl7.org/fhir/StructureDefinition/implementationguide-page"><valueUri value="StructureDefinition-medical-treatment-for-vaccination-adverse-reaction.html"/></extension><reference><reference value="StructureDefinition/medical-treatment-for-vaccination-adverse-reaction"/></reference><name value="Medical Treatment For Vaccination Adverse Reaction"/><description value="Whether a patient underwent medical treatment for a potential or actual adverse reaction to a vaccination event"/><exampleBoolean value="false"/><groupingId value="-str-profile"/></resource><resource><extension url="http://hl7.org/fhir/StructureDefinition/implementationguide-page"><valueUri value="StructureDefinition-medical-treatment-reason.html"/></extension><reference><reference value="StructureDefinition/medical-treatment-reason"/></reference><name value="Medical Treatment Reason"/><description value="Reason for a medical treatment for a potential or actual adverse reaction to a vaccination event (free text only)"/><exampleBoolean value="false"/><groupingId value="-str-profile"/></resource><resource><extension url="http://hl7.org/fhir/StructureDefinition/implementationguide-page"><valueUri value="StructureDefinition-regular-alcohol-intake.html"/></extension><reference><reference value="StructureDefinition/regular-alcohol-intake"/></reference><name value="Regular Alcohol Intake"/><description value="Whether a patient regularly drinks alcohol"/><exampleBoolean value="false"/><groupingId value="-str-profile"/></resource><resource><extension url="http://hl7.org/fhir/StructureDefinition/implementationguide-page"><valueUri value="StructureDefinition-regular-alcohol-intake-quantity.html"/></extension><reference><reference value="StructureDefinition/regular-alcohol-intake-quantity"/></reference><name value="Regular Alcohol Intake Quantity"/><description value="How many alcoholic drinks a patient usually drings per day"/><exampleBoolean value="false"/><groupingId value="-str-profile"/></resource><resource><extension url="http://hl7.org/fhir/StructureDefinition/implementationguide-page"><valueUri value="StructureDefinition-sars-cov2-infection-vaccination.html"/></extension><reference><reference value="StructureDefinition/sars-cov2-infection-vaccination"/></reference><name value="SARS CoV2 Infection"/><description value="Whether SARS CoV2 was detected in a patient"/><exampleBoolean value="false"/><groupingId value="-str-profile"/></resource><resource><extension url="http://hl7.org/fhir/StructureDefinition/implementationguide-page"><valueUri value="StructureDefinition-sars-cov2-infection-course-vaccination.html"/></extension><reference><reference value="StructureDefinition/sars-cov2-infection-course-vaccination"/></reference><name value="SARS CoV2 Infection Course"/><description value="Course of a SARS CoV2 infection"/><exampleBoolean value="false"/><groupingId value="-str-profile"/></resource><resource><extension url="http://hl7.org/fhir/StructureDefinition/implementationguide-page"><valueUri value="StructureDefinition-sars-cov2-variant.html"/></extension><reference><reference value="StructureDefinition/sars-cov2-variant"/></reference><name value="SARS CoV2 Variant"/><description value="Variant/strain of detected SARS CoV2 (Pango Cov-lineage)"/><exampleBoolean value="false"/><groupingId value="-str-profile"/></resource><resource><extension url="http://hl7.org/fhir/StructureDefinition/implementationguide-page"><valueUri value="StructureDefinition-vaccination-injection-site-erythema.html"/></extension><reference><reference value="StructureDefinition/vaccination-injection-site-erythema"/></reference><name value="Vaccination Injection Site Erythema"/><description value="Size of an erythema at a vaccine injection site"/><exampleBoolean value="false"/><groupingId value="-str-profile"/></resource><resource><extension url="http://hl7.org/fhir/StructureDefinition/implementationguide-page"><valueUri value="StructureDefinition-vaccination-injection-site-pain-movement.html"/></extension><reference><reference value="StructureDefinition/vaccination-injection-site-pain-movement"/></reference><name value="Vaccination Injection Site Pain Movement"/><description value="Pain intensity at vaccine injection site during pressure or movement"/><exampleBoolean value="false"/><groupingId value="-str-profile"/></resource><resource><extension url="http://hl7.org/fhir/StructureDefinition/implementationguide-page"><valueUri value="StructureDefinition-vaccination-injection-site-pain-rest.html"/></extension><reference><reference value="StructureDefinition/vaccination-injection-site-pain-rest"/></reference><name value="Vaccination Injection Site Pain Rest"/><description value="Pain intensity at vaccine injection site at rest"/><exampleBoolean value="false"/><groupingId value="-str-profile"/></resource><resource><extension url="http://hl7.org/fhir/StructureDefinition/implementationguide-page"><valueUri value="StructureDefinition-vaccination-injection-site-swelling.html"/></extension><reference><reference value="StructureDefinition/vaccination-injection-site-swelling"/></reference><name value="Vaccination Injection Site Swelling"/><description value="Size of an swelling at a vaccine injection site"/><exampleBoolean value="false"/><groupingId value="-str-profile"/></resource><resource><extension url="http://hl7.org/fhir/StructureDefinition/implementationguide-page"><valueUri value="ValueSet-analgesics-antipyretics.html"/></extension><reference><reference value="ValueSet/analgesics-antipyretics"/></reference><name value="Analgesics Antipyretics"/><description value="Analgetic and antipyretic drugs"/><exampleBoolean value="false"/><groupingId value="-term-valueset"/></resource><resource><extension url="http://hl7.org/fhir/StructureDefinition/implementationguide-page"><valueUri value="ValueSet-body-temperature.html"/></extension><reference><reference value="ValueSet/body-temperature"/></reference><name value="Body Temperature"/><description value="Body temperature categories"/><exampleBoolean value="false"/><groupingId value="-term-valueset"/></resource><resource><extension url="http://hl7.org/fhir/StructureDefinition/implementationguide-page"><valueUri value="ValueSet-complaint-intensity.html"/></extension><reference><reference value="ValueSet/complaint-intensity"/></reference><name value="Complaint Intensity"/><description value="Intensity of general complaints"/><exampleBoolean value="false"/><groupingId value="-term-valueset"/></resource><resource><extension url="http://hl7.org/fhir/StructureDefinition/implementationguide-page"><valueUri value="ValueSet-covid-vaccination-contraindications.html"/></extension><reference><reference value="ValueSet/covid-vaccination-contraindications"/></reference><name value="covid-vaccination-contraindications"/><description value="Contraindications precluding COVID-19 vaccination"/><exampleBoolean value="false"/><groupingId value="-term-valueset"/></resource><resource><extension url="http://hl7.org/fhir/StructureDefinition/implementationguide-page"><valueUri value="ValueSet-covid-vaccination-reasons.html"/></extension><reference><reference value="ValueSet/covid-vaccination-reasons"/></reference><name value="Covid Vaccination Reasons"/><description value="Individual reason for getting vaccinated against COVID-19"/><exampleBoolean value="false"/><groupingId value="-term-valueset"/></resource><resource><extension url="http://hl7.org/fhir/StructureDefinition/implementationguide-page"><valueUri value="ValueSet-detected-not-detected-unknown-undetermined.html"/></extension><reference><reference value="ValueSet/detected-not-detected-unknown-undetermined"/></reference><name value="Detected Not Detected Unknown Undetermined"/><description value="Values for laboratory observations"/><exampleBoolean value="false"/><groupingId value="-term-valueset"/></resource><resource><extension url="http://hl7.org/fhir/StructureDefinition/implementationguide-page"><valueUri value="ValueSet-general-complaints-after-vaccination.html"/></extension><reference><reference value="ValueSet/general-complaints-after-vaccination"/></reference><name value="General Complaints After Vaccination"/><description value="General complaints after vaccination"/><exampleBoolean value="false"/><groupingId value="-term-valueset"/></resource><resource><extension url="http://hl7.org/fhir/StructureDefinition/implementationguide-page"><valueUri value="ValueSet-medical-treatment-for-vaccination-adverse-reaction.html"/></extension><reference><reference value="ValueSet/medical-treatment-for-vaccination-adverse-reaction"/></reference><name value="Medical Treatment For Vaccination Adverse Reaction"/><description value="Types of medical treatments for potential or actual adverse reactions to a vaccination"/><exampleBoolean value="false"/><groupingId value="-term-valueset"/></resource><resource><extension url="http://hl7.org/fhir/StructureDefinition/implementationguide-page"><valueUri value="ValueSet-present-not-present-undetermined-other.html"/></extension><reference><reference value="ValueSet/present-not-present-undetermined-other"/></reference><name value="Present Not Present Undetermined Other"/><description value="Values for laboratory observations"/><exampleBoolean value="false"/><groupingId value="-term-valueset"/></resource><resource><extension url="http://hl7.org/fhir/StructureDefinition/implementationguide-page"><valueUri value="ValueSet-regular-alcohol-intake.html"/></extension><reference><reference value="ValueSet/regular-alcohol-intake"/></reference><name value="Regular Alcohol Intake"/><description value="Frequency of alcoholic beverage intake"/><exampleBoolean value="false"/><groupingId value="-term-valueset"/></resource><resource><extension url="http://hl7.org/fhir/StructureDefinition/implementationguide-page"><valueUri value="ValueSet-regular-alcohol-intake-quantity.html"/></extension><reference><reference value="ValueSet/regular-alcohol-intake-quantity"/></reference><name value="Regular Alcohol Intake Quantity"/><description value="Number of alcoholic beverages per day"/><exampleBoolean value="false"/><groupingId value="-term-valueset"/></resource><resource><extension url="http://hl7.org/fhir/StructureDefinition/implementationguide-page"><valueUri value="ValueSet-restricted-event-status.html"/></extension><reference><reference value="ValueSet/restricted-event-status"/></reference><name value="RestrictedEventStatus"/><description value="EventStatus value set restricted to codes not-done, completed and unknown"/><exampleBoolean value="false"/><groupingId value="-term-valueset"/></resource><resource><extension url="http://hl7.org/fhir/StructureDefinition/implementationguide-page"><valueUri value="ValueSet-sars-cov2-infection-course.html"/></extension><reference><reference value="ValueSet/sars-cov2-infection-course"/></reference><name value="SARS-CoV2 Infection Course"/><description value="Infection course of SARS-CoV2"/><exampleBoolean value="false"/><groupingId value="-term-valueset"/></resource><resource><extension url="http://hl7.org/fhir/StructureDefinition/implementationguide-page"><valueUri value="ValueSet-vaccination-injection-site-erythema-size.html"/></extension><reference><reference value="ValueSet/vaccination-injection-site-erythema-size"/></reference><name value="Vaccination Injection Site Erythema Size"/><description value="Erythema size category at vaccine injection site"/><exampleBoolean value="false"/><groupingId value="-term-valueset"/></resource><resource><extension url="http://hl7.org/fhir/StructureDefinition/implementationguide-page"><valueUri value="ValueSet-vaccination-injection-site-swelling-size.html"/></extension><reference><reference value="ValueSet/vaccination-injection-site-swelling-size"/></reference><name value="Vaccination Injection Site Swelling Size"/><description value="Swelling size category at vaccine injection site"/><exampleBoolean value="false"/><groupingId value="-term-valueset"/></resource><resource><extension url="http://hl7.org/fhir/StructureDefinition/implementationguide-page"><valueUri value="ValueSet-vaccination-pain-scale.html"/></extension><reference><reference value="ValueSet/vaccination-pain-scale"/></reference><name value="Vaccination pain scale"/><description value="Pain intensity at vaccine injection site"/><exampleBoolean value="false"/><groupingId value="-term-valueset"/></resource><resource><extension url="http://hl7.org/fhir/StructureDefinition/implementationguide-page"><valueUri value="ValueSet-yes-no-unknown.html"/></extension><reference><reference value="ValueSet/yes-no-unknown"/></reference><name value="Yes No Unknown"/><description value="Yes / No / Unknown"/><exampleBoolean value="false"/><groupingId value="-term-valueset"/></resource><resource><extension url="http://hl7.org/fhir/StructureDefinition/implementationguide-page"><valueUri value="CodeSystem-napkon-vaccination-module.html"/></extension><reference><reference value="CodeSystem/napkon-vaccination-module"/></reference><name value="NapkonVaccinationModule"/><description value="NAPKON Vaccination Module Code System - Collection of vaccination module-specific codes that are missing from common terminologies such as SNOMED CT"/><exampleBoolean value="false"/><groupingId value="-term-codesystem"/></resource><resource><extension url="http://hl7.org/fhir/StructureDefinition/implementationguide-page"><valueUri value="Observation-AdditionalVaccinationWillingness.html"/></extension><reference><reference value="Observation/AdditionalVaccinationWillingness"/></reference><name value="Additional Vaccination Willingness"/><description value="Example of a willingness for additional vaccinations item"/><exampleCanonical value="https://www.netzwerk-universitaetsmedizin.de/fhir/StructureDefinition/additional-vaccination-willingness"/><groupingId value="-ex-example"/></resource><resource><extension url="http://hl7.org/fhir/StructureDefinition/implementationguide-page"><valueUri value="Observation-AllergicReactionToVaccinationInstance.html"/></extension><reference><reference value="Observation/AllergicReactionToVaccinationInstance"/></reference><name value="Allergic Reaction To Vaccination Instance"/><description value="Example of an undetermined state of an allergic reaction cause by a vaccine"/><exampleCanonical value="https://www.netzwerk-universitaetsmedizin.de/fhir/StructureDefinition/allergic-reaction-to-vaccination"/><groupingId value="-ex-example"/></resource><resource><extension url="http://hl7.org/fhir/StructureDefinition/implementationguide-page"><valueUri value="Observation-AllergicReactionToVaccinationInstanceOther.html"/></extension><reference><reference value="Observation/AllergicReactionToVaccinationInstanceOther"/></reference><name value="Allergic Reaction To Vaccination Instance"/><description value="Example of a free-text answer to an allergic reaction caused by vaccination"/><exampleCanonical value="https://www.netzwerk-universitaetsmedizin.de/fhir/StructureDefinition/allergic-reaction-to-vaccination"/><groupingId value="-ex-example"/></resource><resource><extension url="http://hl7.org/fhir/StructureDefinition/implementationguide-page"><valueUri value="MedicationStatement-AnalgesicAntipyreticIntakeAfterVaccination.html"/></extension><reference><reference value="MedicationStatement/AnalgesicAntipyreticIntakeAfterVaccination"/></reference><name value="Analgesic Antipyretic Intake After Vaccination"/><description value="Example of an antipyretic drug taken after a vaccination event"/><exampleCanonical value="https://www.netzwerk-universitaetsmedizin.de/fhir/StructureDefinition/analgesic-antipyretic-intake-after-vaccination"/><groupingId value="-ex-example"/></resource><resource><extension url="http://hl7.org/fhir/StructureDefinition/implementationguide-page"><valueUri value="Observation-BodyTemperatureAfterVaccination.html"/></extension><reference><reference value="Observation/BodyTemperatureAfterVaccination"/></reference><name value="Body Temperature After Vaccination"/><description value="Example of an elevated body temperature after vaccination"/><exampleCanonical value="https://www.netzwerk-universitaetsmedizin.de/fhir/StructureDefinition/body-temperature-after-vaccination"/><groupingId value="-ex-example"/></resource><resource><extension url="http://hl7.org/fhir/StructureDefinition/implementationguide-page"><valueUri value="Procedure-Chemotherapy.html"/></extension><reference><reference value="Procedure/Chemotherapy"/></reference><name value="Chemotherapy"/><description value="Example of a patient not receiving chemotherapy during the last 3 months"/><exampleCanonical value="https://www.netzwerk-universitaetsmedizin.de/fhir/StructureDefinition/chemotherapy"/><groupingId value="-ex-example"/></resource><resource><extension url="http://hl7.org/fhir/StructureDefinition/implementationguide-page"><valueUri value="Immunization-CovidVaccinationDone.html"/></extension><reference><reference value="Immunization/CovidVaccinationDone"/></reference><name value="Covid Vaccination Done"/><description value="Example of a patient having received a vaccination"/><exampleCanonical value="https://www.netzwerk-universitaetsmedizin.de/fhir/StructureDefinition/covid-vaccination"/><groupingId value="-ex-example"/></resource><resource><extension url="http://hl7.org/fhir/StructureDefinition/implementationguide-page"><valueUri value="Immunization-CovidVaccinationNotDone.html"/></extension><reference><reference value="Immunization/CovidVaccinationNotDone"/></reference><name value="Covid Vaccination Not Done"/><description value="Example of a patient not receiving a vaccination due to pregnancy"/><exampleCanonical value="https://www.netzwerk-universitaetsmedizin.de/fhir/StructureDefinition/covid-vaccination"/><groupingId value="-ex-example"/></resource><resource><extension url="http://hl7.org/fhir/StructureDefinition/implementationguide-page"><valueUri value="Immunization-CovidVaccinationNotDoneReasonOther.html"/></extension><reference><reference value="Immunization/CovidVaccinationNotDoneReasonOther"/></reference><name value="Covid Vaccination Not Done Reason Other"/><description value="Example of a patient not receiving a vaccination due to a specified (free-text) &#39;other reason&#39;"/><exampleCanonical value="https://www.netzwerk-universitaetsmedizin.de/fhir/StructureDefinition/covid-vaccination"/><groupingId value="-ex-example"/></resource><resource><extension url="http://hl7.org/fhir/StructureDefinition/implementationguide-page"><valueUri value="Patient-ExamplePatient.html"/></extension><reference><reference value="Patient/ExamplePatient"/></reference><name value="ExamplePatient"/><exampleBoolean value="true"/><groupingId value="-ex-example"/></resource><resource><extension url="http://hl7.org/fhir/StructureDefinition/implementationguide-page"><valueUri value="Condition-GeneralComplaintsAfterVaccination.html"/></extension><reference><reference value="Condition/GeneralComplaintsAfterVaccination"/></reference><name value="General Complaints After Vaccination"/><description value="Example of a chill after a vaccination event"/><exampleCanonical value="https://www.netzwerk-universitaetsmedizin.de/fhir/StructureDefinition/general-complaints-after-vaccination"/><groupingId value="-ex-example"/></resource><resource><extension url="http://hl7.org/fhir/StructureDefinition/implementationguide-page"><valueUri value="Procedure-ImmunosuppressiveTherapy.html"/></extension><reference><reference value="Procedure/ImmunosuppressiveTherapy"/></reference><name value="Immunosuppressive Therapy"/><description value="Example of a patient not receiving an immunosuppresive therapy"/><exampleCanonical value="https://www.netzwerk-universitaetsmedizin.de/fhir/StructureDefinition/immunosuppressive-therapy"/><groupingId value="-ex-example"/></resource><resource><extension url="http://hl7.org/fhir/StructureDefinition/implementationguide-page"><valueUri value="Observation-MedicalTreatmentForVaccinationAdverseReaction.html"/></extension><reference><reference value="Observation/MedicalTreatmentForVaccinationAdverseReaction"/></reference><name value="Medical Treatment For Vaccination Adverse Reaction"/><description value="Example of a patient hospitalized for a potential or actual adverse reaction to a vaccination event"/><exampleCanonical value="https://www.netzwerk-universitaetsmedizin.de/fhir/StructureDefinition/medical-treatment-for-vaccination-adverse-reaction"/><groupingId value="-ex-example"/></resource><resource><extension url="http://hl7.org/fhir/StructureDefinition/implementationguide-page"><valueUri value="Observation-MedicalTreatmentReason.html"/></extension><reference><reference value="Observation/MedicalTreatmentReason"/></reference><name value="Medical Treatment Reason"/><description value="Example of a skin rash as a reason for a medical treatment for a potential or actual adverse reaction to a vaccination event"/><exampleCanonical value="https://www.netzwerk-universitaetsmedizin.de/fhir/StructureDefinition/medical-treatment-reason"/><groupingId value="-ex-example"/></resource><resource><extension url="http://hl7.org/fhir/StructureDefinition/implementationguide-page"><valueUri value="Observation-RegularAlcoholIntake.html"/></extension><reference><reference value="Observation/RegularAlcoholIntake"/></reference><name value="Regular Alcohol Intake"/><description value="Example of a patient who does not drink alcohol"/><exampleCanonical value="https://www.netzwerk-universitaetsmedizin.de/fhir/StructureDefinition/regular-alcohol-intake"/><groupingId value="-ex-example"/></resource><resource><extension url="http://hl7.org/fhir/StructureDefinition/implementationguide-page"><valueUri value="Observation-RegularAlcoholIntakeQuantity.html"/></extension><reference><reference value="Observation/RegularAlcoholIntakeQuantity"/></reference><name value="Regular Alcohol Intake Quantity"/><description value="Example of intake of 5 or more alcoholic beverages per day"/><exampleCanonical value="https://www.netzwerk-universitaetsmedizin.de/fhir/StructureDefinition/regular-alcohol-intake-quantity"/><groupingId value="-ex-example"/></resource><resource><extension url="http://hl7.org/fhir/StructureDefinition/implementationguide-page"><valueUri value="Observation-SARSCoV2Infection.html"/></extension><reference><reference value="Observation/SARSCoV2Infection"/></reference><name value="SARS CoV2 Infection"/><description value="Example of a patient without detected SARS CoV2"/><exampleCanonical value="https://www.netzwerk-universitaetsmedizin.de/fhir/StructureDefinition/sars-cov2-infection-vaccination"/><groupingId value="-ex-example"/></resource><resource><extension url="http://hl7.org/fhir/StructureDefinition/implementationguide-page"><valueUri value="Observation-SARSCoV2InfectionCourseInstance.html"/></extension><reference><reference value="Observation/SARSCoV2InfectionCourseInstance"/></reference><name value="SARS CoV2 Infection Course Instance"/><description value="Example of a patient who suffered from COVID-19 and was treated on an intensive care unit"/><exampleCanonical value="https://www.netzwerk-universitaetsmedizin.de/fhir/StructureDefinition/sars-cov2-infection-course-vaccination"/><groupingId value="-ex-example"/></resource><resource><extension url="http://hl7.org/fhir/StructureDefinition/implementationguide-page"><valueUri value="Observation-SARSCoV2Variant.html"/></extension><reference><reference value="Observation/SARSCoV2Variant"/></reference><name value="SARS CoV2 Variant"/><description value="Example of a SARS CoV2 variant (Pango lineage)"/><exampleCanonical value="https://www.netzwerk-universitaetsmedizin.de/fhir/StructureDefinition/sars-cov2-variant"/><groupingId value="-ex-example"/></resource><resource><extension url="http://hl7.org/fhir/StructureDefinition/implementationguide-page"><valueUri value="Observation-VaccinationInjectionSiteErythema.html"/></extension><reference><reference value="Observation/VaccinationInjectionSiteErythema"/></reference><name value="Vaccination Injection Site Erythema"/><description value="Example of a 2.5-5 cm erythema at a vaccine injection site"/><exampleCanonical value="https://www.netzwerk-universitaetsmedizin.de/fhir/StructureDefinition/vaccination-injection-site-erythema"/><groupingId value="-ex-example"/></resource><resource><extension url="http://hl7.org/fhir/StructureDefinition/implementationguide-page"><valueUri value="Observation-VaccinationInjectionSitePainMovement.html"/></extension><reference><reference value="Observation/VaccinationInjectionSitePainMovement"/></reference><name value="Vaccination Injection Site Pain Movement Instance"/><description value="Example of mild pain at vaccine injection site during pressure or movement"/><exampleCanonical value="https://www.netzwerk-universitaetsmedizin.de/fhir/StructureDefinition/vaccination-injection-site-pain-movement"/><groupingId value="-ex-example"/></resource><resource><extension url="http://hl7.org/fhir/StructureDefinition/implementationguide-page"><valueUri value="Observation-VaccinationInjectionSitePainRest.html"/></extension><reference><reference value="Observation/VaccinationInjectionSitePainRest"/></reference><name value="Vaccination Injection Site Pain Rest"/><description value="Example of mild pain at vaccine injection site at rest"/><exampleCanonical value="https://www.netzwerk-universitaetsmedizin.de/fhir/StructureDefinition/vaccination-injection-site-pain-rest"/><groupingId value="-ex-example"/></resource><resource><extension url="http://hl7.org/fhir/StructureDefinition/implementationguide-page"><valueUri value="Observation-VaccinationInjectionSiteSwelling.html"/></extension><reference><reference value="Observation/VaccinationInjectionSiteSwelling"/></reference><name value="Vaccination Injection Site Swelling Instance"/><description value="Example of a 5.1-10 cm swelling at a vaccine injection site"/><exampleCanonical value="https://www.netzwerk-universitaetsmedizin.de/fhir/StructureDefinition/vaccination-injection-site-swelling"/><groupingId value="-ex-example"/></resource><page><nameUrl value="toc.html"/><title value="Table of Contents"/><generation value="html"/><page><nameUrl value="index.html"/><title value="Home"/><generation value="html"/></page><page><nameUrl value="about.html"/><title value="About"/><generation value="markdown"/></page><page><nameUrl value="background.html"/><title value="Background"/><generation value="html"/></page><page><nameUrl value="changes.html"/><title value="Changes"/><generation value="html"/></page><page><nameUrl value="downloads.html"/><title value="Downloads"/><generation value="html"/></page><page><nameUrl value="spec.html"/><title value="Spec"/><generation value="markdown"/></page><page><nameUrl value="artifacts.html"/><title value="Artifacts Summary"/><generation value="html"/><page><nameUrl value="StructureDefinition-additional-vaccination-willingness.html"/><title value="Additional Vaccination Willingness"/><generation value="generated"/></page><page><nameUrl value="StructureDefinition-allergic-reaction-to-vaccination.html"/><title value="Allergic Reaction To Vaccination"/><generation value="generated"/></page><page><nameUrl value="StructureDefinition-analgesic-antipyretic-intake-after-vaccination.html"/><title value="Analgesic Antipyretic Intake After Vaccination"/><generation value="generated"/></page><page><nameUrl value="StructureDefinition-body-temperature-after-vaccination.html"/><title value="Body Temperature After Vaccination"/><generation value="generated"/></page><page><nameUrl value="StructureDefinition-chemotherapy.html"/><title value="Chemotherapy"/><generation value="generated"/></page><page><nameUrl value="StructureDefinition-covid-vaccination.html"/><title value="CovidVaccination"/><generation value="generated"/></page><page><nameUrl value="StructureDefinition-general-complaints-after-vaccination.html"/><title value="General Complaints After Vaccination"/><generation value="generated"/></page><page><nameUrl value="StructureDefinition-immunosuppressive-therapy.html"/><title value="Immunosuppressive Therapy"/><generation value="generated"/></page><page><nameUrl value="StructureDefinition-medical-treatment-for-vaccination-adverse-reaction.html"/><title value="Medical Treatment For Vaccination Adverse Reaction"/><generation value="generated"/></page><page><nameUrl value="StructureDefinition-medical-treatment-reason.html"/><title value="Medical Treatment Reason"/><generation value="generated"/></page><page><nameUrl value="StructureDefinition-regular-alcohol-intake.html"/><title value="Regular Alcohol Intake"/><generation value="generated"/></page><page><nameUrl value="StructureDefinition-regular-alcohol-intake-quantity.html"/><title value="Regular Alcohol Intake Quantity"/><generation value="generated"/></page><page><nameUrl value="StructureDefinition-sars-cov2-infection-vaccination.html"/><title value="SARS CoV2 Infection"/><generation value="generated"/></page><page><nameUrl value="StructureDefinition-sars-cov2-infection-course-vaccination.html"/><title value="SARS CoV2 Infection Course"/><generation value="generated"/></page><page><nameUrl value="StructureDefinition-sars-cov2-variant.html"/><title value="SARS CoV2 Variant"/><generation value="generated"/></page><page><nameUrl value="StructureDefinition-vaccination-injection-site-erythema.html"/><title value="Vaccination Injection Site Erythema"/><generation value="generated"/></page><page><nameUrl value="StructureDefinition-vaccination-injection-site-pain-movement.html"/><title value="Vaccination Injection Site Pain Movement"/><generation value="generated"/></page><page><nameUrl value="StructureDefinition-vaccination-injection-site-pain-rest.html"/><title value="Vaccination Injection Site Pain Rest"/><generation value="generated"/></page><page><nameUrl value="StructureDefinition-vaccination-injection-site-swelling.html"/><title value="Vaccination Injection Site Swelling"/><generation value="generated"/></page><page><nameUrl value="ValueSet-analgesics-antipyretics.html"/><title value="Analgesics Antipyretics"/><generation value="generated"/></page><page><nameUrl value="ValueSet-body-temperature.html"/><title value="Body Temperature"/><generation value="generated"/></page><page><nameUrl value="ValueSet-complaint-intensity.html"/><title value="Complaint Intensity"/><generation value="generated"/></page><page><nameUrl value="ValueSet-covid-vaccination-contraindications.html"/><title value="covid-vaccination-contraindications"/><generation value="generated"/></page><page><nameUrl value="ValueSet-covid-vaccination-reasons.html"/><title value="Covid Vaccination Reasons"/><generation value="generated"/></page><page><nameUrl value="ValueSet-detected-not-detected-unknown-undetermined.html"/><title value="Detected Not Detected Unknown Undetermined"/><generation value="generated"/></page><page><nameUrl value="ValueSet-general-complaints-after-vaccination.html"/><title value="General Complaints After Vaccination"/><generation value="generated"/></page><page><nameUrl value="ValueSet-medical-treatment-for-vaccination-adverse-reaction.html"/><title value="Medical Treatment For Vaccination Adverse Reaction"/><generation value="generated"/></page><page><nameUrl value="ValueSet-present-not-present-undetermined-other.html"/><title value="Present Not Present Undetermined Other"/><generation value="generated"/></page><page><nameUrl value="ValueSet-regular-alcohol-intake.html"/><title value="Regular Alcohol Intake"/><generation value="generated"/></page><page><nameUrl value="ValueSet-regular-alcohol-intake-quantity.html"/><title value="Regular Alcohol Intake Quantity"/><generation value="generated"/></page><page><nameUrl value="ValueSet-restricted-event-status.html"/><title value="RestrictedEventStatus"/><generation value="generated"/></page><page><nameUrl value="ValueSet-sars-cov2-infection-course.html"/><title value="SARS-CoV2 Infection Course"/><generation value="generated"/></page><page><nameUrl value="ValueSet-vaccination-injection-site-erythema-size.html"/><title value="Vaccination Injection Site Erythema Size"/><generation value="generated"/></page><page><nameUrl value="ValueSet-vaccination-injection-site-swelling-size.html"/><title value="Vaccination Injection Site Swelling Size"/><generation value="generated"/></page><page><nameUrl value="ValueSet-vaccination-pain-scale.html"/><title value="Vaccination pain scale"/><generation value="generated"/></page><page><nameUrl value="ValueSet-yes-no-unknown.html"/><title value="Yes No Unknown"/><generation value="generated"/></page><page><nameUrl value="CodeSystem-napkon-vaccination-module.html"/><title value="NapkonVaccinationModule"/><generation value="generated"/></page><page><nameUrl value="Observation-AdditionalVaccinationWillingness.html"/><title value="Additional Vaccination Willingness"/><generation value="generated"/></page><page><nameUrl value="Observation-AllergicReactionToVaccinationInstance.html"/><title value="Allergic Reaction To Vaccination Instance"/><generation value="generated"/></page><page><nameUrl value="Observation-AllergicReactionToVaccinationInstanceOther.html"/><title value="Allergic Reaction To Vaccination Instance"/><generation value="generated"/></page><page><nameUrl value="MedicationStatement-AnalgesicAntipyreticIntakeAfterVaccination.html"/><title value="Analgesic Antipyretic Intake After Vaccination"/><generation value="generated"/></page><page><nameUrl value="Observation-BodyTemperatureAfterVaccination.html"/><title value="Body Temperature After Vaccination"/><generation value="generated"/></page><page><nameUrl value="Procedure-Chemotherapy.html"/><title value="Chemotherapy"/><generation value="generated"/></page><page><nameUrl value="Immunization-CovidVaccinationDone.html"/><title value="Covid Vaccination Done"/><generation value="generated"/></page><page><nameUrl value="Immunization-CovidVaccinationNotDone.html"/><title value="Covid Vaccination Not Done"/><generation value="generated"/></page><page><nameUrl value="Immunization-CovidVaccinationNotDoneReasonOther.html"/><title value="Covid Vaccination Not Done Reason Other"/><generation value="generated"/></page><page><nameUrl value="Patient-ExamplePatient.html"/><title value="ExamplePatient"/><generation value="generated"/></page><page><nameUrl value="Condition-GeneralComplaintsAfterVaccination.html"/><title value="General Complaints After Vaccination"/><generation value="generated"/></page><page><nameUrl value="Procedure-ImmunosuppressiveTherapy.html"/><title value="Immunosuppressive Therapy"/><generation value="generated"/></page><page><nameUrl value="Observation-MedicalTreatmentForVaccinationAdverseReaction.html"/><title value="Medical Treatment For Vaccination Adverse Reaction"/><generation value="generated"/></page><page><nameUrl value="Observation-MedicalTreatmentReason.html"/><title value="Medical Treatment Reason"/><generation value="generated"/></page><page><nameUrl value="Observation-RegularAlcoholIntake.html"/><title value="Regular Alcohol Intake"/><generation value="generated"/></page><page><nameUrl value="Observation-RegularAlcoholIntakeQuantity.html"/><title value="Regular Alcohol Intake Quantity"/><generation value="generated"/></page><page><nameUrl value="Observation-SARSCoV2Infection.html"/><title value="SARS CoV2 Infection"/><generation value="generated"/></page><page><nameUrl value="Observation-SARSCoV2InfectionCourseInstance.html"/><title value="SARS CoV2 Infection Course Instance"/><generation value="generated"/></page><page><nameUrl value="Observation-SARSCoV2Variant.html"/><title value="SARS CoV2 Variant"/><generation value="generated"/></page><page><nameUrl value="Observation-VaccinationInjectionSiteErythema.html"/><title value="Vaccination Injection Site Erythema"/><generation value="generated"/></page><page><nameUrl value="Observation-VaccinationInjectionSitePainMovement.html"/><title value="Vaccination Injection Site Pain Movement Instance"/><generation value="generated"/></page><page><nameUrl value="Observation-VaccinationInjectionSitePainRest.html"/><title value="Vaccination Injection Site Pain Rest"/><generation value="generated"/></page><page><nameUrl value="Observation-VaccinationInjectionSiteSwelling.html"/><title value="Vaccination Injection Site Swelling Instance"/><generation value="generated"/></page></page></page><parameter><code value="path-resource"/><value value="input/capabilities"/></parameter><parameter><code value="path-resource"/><value value="input/examples"/></parameter><parameter><code value="path-resource"/><value value="input/extensions"/></parameter><parameter><code value="path-resource"/><value value="input/models"/></parameter><parameter><code value="path-resource"/><value value="input/operations"/></parameter><parameter><code value="path-resource"/><value value="input/profiles"/></parameter><parameter><code value="path-resource"/><value value="input/resources"/></parameter><parameter><code value="path-resource"/><value value="input/vocabulary"/></parameter><parameter><code value="path-resource"/><value value="input/maps"/></parameter><parameter><code value="path-resource"/><value value="input/testing"/></parameter><parameter><code value="path-resource"/><value value="input/history"/></parameter><parameter><code value="path-resource"/><value value="fsh-generated/resources"/></parameter><parameter><code value="path-pages"/><value value="template/config"/></parameter><parameter><code value="path-pages"/><value value="input/images"/></parameter><parameter><code value="path-tx-cache"/><value value="input-cache/txcache"/></parameter></definition></ImplementationGuide>