<?xml version="1.0" encoding="UTF-8"?><ImplementationGuide xmlns="http://hl7.org/fhir"><id value="hl7.de.fhir.napkon-bih"/><text><status value="extensions"/><div xmlns="http://www.w3.org/1999/xhtml"><h2>NAPKON-BIH</h2><p>The official URL for this implementation guide is: </p><pre>http://fhir.de/napkon-bih/ImplementationGuide/hl7.de.fhir.napkon-bih</pre><div><p>Implementation Guide BIH @ Charité for project NAPKON.</p>
</div></div></text><url value="http://fhir.de/napkon-bih/ImplementationGuide/hl7.de.fhir.napkon-bih"/><version value="0.1.0-test"/><name value="NAPKON-BIH"/><title value="NAPKON Implementation Guide by BIH"/><status value="draft"/><experimental value="false"/><date value="2021-07-14T13:29:39+00:00"/><publisher value="Berlin Institute of Health @ Charit&#xE9;"/><contact><telecom><system value="url"/><value value="https://bihealth.org"/></telecom></contact><description value="Implementation Guide BIH @ Charit&#xE9; for project NAPKON."/><jurisdiction><coding><system value="http://unstats.un.org/unsd/methods/m49/m49.htm"/><code value="001"/></coding></jurisdiction><packageId value="hl7.de.fhir.napkon-bih"/><license value="CC0-1.0"/><fhirVersion value="4.0.1"/><definition><extension url="http://hl7.org/fhir/tools/StructureDefinition/ig-parameter"><extension url="code"><valueString value="copyrightyear"/></extension><extension url="value"><valueString value="2021+"/></extension></extension><extension url="http://hl7.org/fhir/tools/StructureDefinition/ig-parameter"><extension url="code"><valueString value="releaselabel"/></extension><extension url="value"><valueString value="CI Build"/></extension></extension><extension url="http://hl7.org/fhir/tools/StructureDefinition/ig-parameter"><extension url="code"><valueString value="path-binary"/></extension><extension url="value"><valueString value="input\cql"/></extension></extension><extension url="http://hl7.org/fhir/tools/StructureDefinition/ig-parameter"><extension url="code"><valueString value="path-liquid"/></extension><extension url="value"><valueString value="templates\liquid"/></extension></extension><extension url="http://hl7.org/fhir/tools/StructureDefinition/ig-parameter"><extension url="code"><valueString value="autoload-resources"/></extension><extension url="value"><valueString value="true"/></extension></extension><extension url="http://hl7.org/fhir/tools/StructureDefinition/ig-parameter"><extension url="code"><valueString value="path-liquid"/></extension><extension url="value"><valueString value="template/liquid"/></extension></extension><extension url="http://hl7.org/fhir/tools/StructureDefinition/ig-parameter"><extension url="code"><valueString value="path-liquid"/></extension><extension url="value"><valueString value="input/liquid"/></extension></extension><extension url="http://hl7.org/fhir/tools/StructureDefinition/ig-parameter"><extension url="code"><valueString value="path-qa"/></extension><extension url="value"><valueString value="temp/qa"/></extension></extension><extension url="http://hl7.org/fhir/tools/StructureDefinition/ig-parameter"><extension url="code"><valueString value="path-temp"/></extension><extension url="value"><valueString value="temp/pages"/></extension></extension><extension url="http://hl7.org/fhir/tools/StructureDefinition/ig-parameter"><extension url="code"><valueString value="path-output"/></extension><extension url="value"><valueString value="output"/></extension></extension><extension url="http://hl7.org/fhir/tools/StructureDefinition/ig-parameter"><extension url="code"><valueString value="path-suppressed-warnings"/></extension><extension url="value"><valueString value="input/ignoreWarnings.txt"/></extension></extension><extension url="http://hl7.org/fhir/tools/StructureDefinition/ig-parameter"><extension url="code"><valueString value="path-history"/></extension><extension url="value"><valueString value="http://fhir.de/napkon-bih/history.html"/></extension></extension><extension url="http://hl7.org/fhir/tools/StructureDefinition/ig-parameter"><extension url="code"><valueString value="template-html"/></extension><extension url="value"><valueString value="template-page.html"/></extension></extension><extension url="http://hl7.org/fhir/tools/StructureDefinition/ig-parameter"><extension url="code"><valueString value="template-md"/></extension><extension url="value"><valueString value="template-page-md.html"/></extension></extension><extension url="http://hl7.org/fhir/tools/StructureDefinition/ig-parameter"><extension url="code"><valueString value="apply-contact"/></extension><extension url="value"><valueString value="true"/></extension></extension><extension url="http://hl7.org/fhir/tools/StructureDefinition/ig-parameter"><extension url="code"><valueString value="apply-context"/></extension><extension url="value"><valueString value="true"/></extension></extension><extension url="http://hl7.org/fhir/tools/StructureDefinition/ig-parameter"><extension url="code"><valueString value="apply-copyright"/></extension><extension url="value"><valueString value="true"/></extension></extension><extension url="http://hl7.org/fhir/tools/StructureDefinition/ig-parameter"><extension url="code"><valueString value="apply-jurisdiction"/></extension><extension url="value"><valueString value="true"/></extension></extension><extension url="http://hl7.org/fhir/tools/StructureDefinition/ig-parameter"><extension url="code"><valueString value="apply-license"/></extension><extension url="value"><valueString value="true"/></extension></extension><extension url="http://hl7.org/fhir/tools/StructureDefinition/ig-parameter"><extension url="code"><valueString value="apply-publisher"/></extension><extension url="value"><valueString value="true"/></extension></extension><extension url="http://hl7.org/fhir/tools/StructureDefinition/ig-parameter"><extension url="code"><valueString value="apply-version"/></extension><extension url="value"><valueString value="true"/></extension></extension><extension url="http://hl7.org/fhir/tools/StructureDefinition/ig-parameter"><extension url="code"><valueString value="active-tables"/></extension><extension url="value"><valueString value="true"/></extension></extension><grouping id="-str-profile"><name value="Structures: Resource Profiles"/><description value="These define constraints on FHIR resources for systems conforming to this implementation guide"/></grouping><grouping id="-term-valueset"><name value="Terminology: Value Sets"/><description value="These define sets of codes used by systems conforming to this implementation guide"/></grouping><resource><extension url="http://hl7.org/fhir/StructureDefinition/implementationguide-page"><valueUri value="ValueSet-vs-non-pulmonary-bacterial-coinfection-pediatrics.html"/></extension><reference><reference value="ValueSet/vs-non-pulmonary-bacterial-coinfection-pediatrics"/></reference><name value="ValuesetNonPulmonaryBacterialCoinfectionPediatrics"/><description value="Non-pulmonary bacterial co-infection the context of pediatrics and Covid-19"/><groupingId value="-term-valueset"/></resource><resource><extension url="http://hl7.org/fhir/StructureDefinition/implementationguide-page"><valueUri value="StructureDefinition-gecco-observation-heart-rate.html"/></extension><reference><reference value="StructureDefinition/gecco-observation-heart-rate"/></reference><name value="Heart Rate"/><description value="Heart rate of a patient"/><groupingId value="-str-profile"/></resource><resource><extension url="http://hl7.org/fhir/StructureDefinition/implementationguide-page"><valueUri value="ValueSet-chronic-haematologic-diseases-pediatrics-icd.html"/></extension><reference><reference value="ValueSet/chronic-haematologic-diseases-pediatrics-icd"/></reference><name value="ChronicHaematologicDiseasesPediatricsICD-VS"/><description value="Chronic haematologic diseases the context of pediatrics and Covid-19"/><groupingId value="-term-valueset"/></resource><resource><extension url="http://hl7.org/fhir/StructureDefinition/implementationguide-page"><valueUri value="StructureDefinition-gecco-observation-body-weight.html"/></extension><reference><reference value="StructureDefinition/gecco-observation-body-weight"/></reference><name value="Body Weight"/><description value="Body Weight of a patient"/><groupingId value="-str-profile"/></resource><resource><extension url="http://hl7.org/fhir/StructureDefinition/implementationguide-page"><valueUri value="ValueSet-syndromic-diseases-pediatrics.html"/></extension><reference><reference value="ValueSet/syndromic-diseases-pediatrics"/></reference><name value="Syndromic diseases Pediatrics"/><description value="Syndromic diseases in the context of Covid-19 and Pediatrics"/><groupingId value="-term-valueset"/></resource><resource><extension url="http://hl7.org/fhir/StructureDefinition/implementationguide-page"><valueUri value="ValueSet-vaccine-type-covid-pediatrics.html"/></extension><reference><reference value="ValueSet/vaccine-type-covid-pediatrics"/></reference><name value="ValueSetVaccineTypeCovidPediatrics"/><description value="Vaccine type used in the case of a vaccination in the context of Covid-19 and Pediatrics"/><groupingId value="-term-valueset"/></resource><resource><extension url="http://hl7.org/fhir/StructureDefinition/implementationguide-page"><valueUri value="StructureDefinition-gecco-observation-oxygen-saturation.html"/></extension><reference><reference value="StructureDefinition/gecco-observation-oxygen-saturation"/></reference><name value="Oxygen Saturation"/><description value="Oxygen saturation of a patient"/><groupingId value="-str-profile"/></resource><resource><extension url="http://hl7.org/fhir/StructureDefinition/implementationguide-page"><valueUri value="ValueSet-chronic-haematologic-diseases-pediatrics.html"/></extension><reference><reference value="ValueSet/chronic-haematologic-diseases-pediatrics"/></reference><name value="ChronicHaematologicDiseasesPediatricsVS"/><description value="Chronic haematologic diseases the context of pediatrics and Covid-19"/><groupingId value="-term-valueset"/></resource><resource><extension url="http://hl7.org/fhir/StructureDefinition/implementationguide-page"><valueUri value="StructureDefinition-gecco-observation-blood-pressure.html"/></extension><reference><reference value="StructureDefinition/gecco-observation-blood-pressure"/></reference><name value="Blood Pressure"/><description value="The blood pressure of a patient."/><groupingId value="-str-profile"/></resource><resource><extension url="http://hl7.org/fhir/StructureDefinition/implementationguide-page"><valueUri value="ValueSet-1.2.276.0.76.11.467--20200409000000.html"/></extension><reference><reference value="ValueSet/1.2.276.0.76.11.467--20200409000000"/></reference><name value="SARS-CoV-2-Symptoms"/><description value="Symptoms for SARS-CoV-2 infection"/><groupingId value="-term-valueset"/></resource><resource><extension url="http://hl7.org/fhir/StructureDefinition/implementationguide-page"><valueUri value="StructureDefinition-gecco-observation-body-height.html"/></extension><reference><reference value="StructureDefinition/gecco-observation-body-height"/></reference><name value="Body Height"/><description value="Body Height of a patient"/><groupingId value="-str-profile"/></resource><resource><extension url="http://hl7.org/fhir/StructureDefinition/implementationguide-page"><valueUri value="StructureDefinition-gecco-observation-body-temperature.html"/></extension><reference><reference value="StructureDefinition/gecco-observation-body-temperature"/></reference><name value="Body Temperature"/><description value="Body Temperature of a patient"/><groupingId value="-str-profile"/></resource><resource><extension url="http://hl7.org/fhir/StructureDefinition/implementationguide-page"><valueUri value="StructureDefinition-gecco-vital-signs-base.html"/></extension><reference><reference value="StructureDefinition/gecco-vital-signs-base"/></reference><name value="Vital Signs Base Profile"/><description value="Vital signs base definition profile"/><groupingId value="-str-profile"/></resource><resource><extension url="http://hl7.org/fhir/StructureDefinition/implementationguide-page"><valueUri value="ValueSet-vs-antibiotic-therapy-procedure-pediatrics.html"/></extension><reference><reference value="ValueSet/vs-antibiotic-therapy-procedure-pediatrics"/></reference><name value="Antibiotic Therapy Procedure PediatricsVS"/><description value="Antibiotic Therapy the context of pediatrics and Covid-19"/><groupingId value="-term-valueset"/></resource><resource><extension url="http://hl7.org/fhir/StructureDefinition/implementationguide-page"><valueUri value="ValueSet-gastrointestinal-diseases-pediatrics-icd.html"/></extension><reference><reference value="ValueSet/gastrointestinal-diseases-pediatrics-icd"/></reference><name value="Gastrointestinal Diseases Pediatrics ICD-VS"/><description value="Gastrointestinal diseases in the context of pediatrics and Covid-19"/><groupingId value="-term-valueset"/></resource><resource><extension url="http://hl7.org/fhir/StructureDefinition/implementationguide-page"><valueUri value="ValueSet-gastrointestinal-diseases-pediatrics.html"/></extension><reference><reference value="ValueSet/gastrointestinal-diseases-pediatrics"/></reference><name value="VSGastrointestinal Diseases Pediatrics"/><description value="Gastrointestinal diseases in the context of pediatrics and Covid-19"/><groupingId value="-term-valueset"/></resource><resource><extension url="http://hl7.org/fhir/StructureDefinition/implementationguide-page"><valueUri value="StructureDefinition-gecco-observation-respiratory-rate.html"/></extension><reference><reference value="StructureDefinition/gecco-observation-respiratory-rate"/></reference><name value="Respiratory Rate"/><description value="Respiratory rate of a patient"/><groupingId value="-str-profile"/></resource><page><nameUrl value="toc.html"/><title value="Table of Contents"/><generation value="html"/><page><nameUrl value="index.html"/><title value="NAPKON Implementation Guide"/><generation value="html"/></page><page><nameUrl value="about.html"/><title value="About NAPKON Implementation Guide"/><generation value="markdown"/></page><page><nameUrl value="downloads.html"/><title value="Useful Downloads"/><generation value="html"/></page><page><nameUrl value="changes.html"/><title value="IG Change History"/><generation value="html"/></page><page><nameUrl value="artifacts.html"/><title value="Artifacts Summary"/><generation value="html"/><page><nameUrl value="StructureDefinition-gecco-observation-heart-rate.html"/><title value="Heart Rate"/><generation value="generated"/></page><page><nameUrl value="StructureDefinition-gecco-observation-body-weight.html"/><title value="Body Weight"/><generation value="generated"/></page><page><nameUrl value="StructureDefinition-gecco-observation-oxygen-saturation.html"/><title value="Oxygen Saturation"/><generation value="generated"/></page><page><nameUrl value="StructureDefinition-gecco-observation-blood-pressure.html"/><title value="Blood Pressure"/><generation value="generated"/></page><page><nameUrl value="StructureDefinition-gecco-observation-body-height.html"/><title value="Body Height"/><generation value="generated"/></page><page><nameUrl value="StructureDefinition-gecco-observation-body-temperature.html"/><title value="Body Temperature"/><generation value="generated"/></page><page><nameUrl value="StructureDefinition-gecco-vital-signs-base.html"/><title value="Vital Signs Base Profile"/><generation value="generated"/></page><page><nameUrl value="StructureDefinition-gecco-observation-respiratory-rate.html"/><title value="Respiratory Rate"/><generation value="generated"/></page><page><nameUrl value="ValueSet-vs-non-pulmonary-bacterial-coinfection-pediatrics.html"/><title value="ValuesetNonPulmonaryBacterialCoinfectionPediatrics"/><generation value="generated"/></page><page><nameUrl value="ValueSet-chronic-haematologic-diseases-pediatrics-icd.html"/><title value="ChronicHaematologicDiseasesPediatricsICD-VS"/><generation value="generated"/></page><page><nameUrl value="ValueSet-syndromic-diseases-pediatrics.html"/><title value="Syndromic diseases Pediatrics"/><generation value="generated"/></page><page><nameUrl value="ValueSet-vaccine-type-covid-pediatrics.html"/><title value="ValueSetVaccineTypeCovidPediatrics"/><generation value="generated"/></page><page><nameUrl value="ValueSet-chronic-haematologic-diseases-pediatrics.html"/><title value="ChronicHaematologicDiseasesPediatricsVS"/><generation value="generated"/></page><page><nameUrl value="ValueSet-1.2.276.0.76.11.467--20200409000000.html"/><title value="SARS-CoV-2-Symptoms"/><generation value="generated"/></page><page><nameUrl value="ValueSet-vs-antibiotic-therapy-procedure-pediatrics.html"/><title value="Antibiotic Therapy Procedure PediatricsVS"/><generation value="generated"/></page><page><nameUrl value="ValueSet-gastrointestinal-diseases-pediatrics-icd.html"/><title value="Gastrointestinal Diseases Pediatrics ICD-VS"/><generation value="generated"/></page><page><nameUrl value="ValueSet-gastrointestinal-diseases-pediatrics.html"/><title value="VSGastrointestinal Diseases Pediatrics"/><generation value="generated"/></page></page></page><parameter><code value="path-resource"/><value value="input\history"/></parameter><parameter><code value="path-resource"/><value value="input\scenarios"/></parameter><parameter><code value="path-resource"/><value value="input/capabilities"/></parameter><parameter><code value="path-resource"/><value value="input/examples"/></parameter><parameter><code value="path-resource"/><value value="input/extensions"/></parameter><parameter><code value="path-resource"/><value value="input/models"/></parameter><parameter><code value="path-resource"/><value value="input/operations"/></parameter><parameter><code value="path-resource"/><value value="input/profiles"/></parameter><parameter><code value="path-resource"/><value value="input/resources"/></parameter><parameter><code value="path-resource"/><value value="input/vocabulary"/></parameter><parameter><code value="path-resource"/><value value="input/testing"/></parameter><parameter><code value="path-resource"/><value value="input/history"/></parameter><parameter><code value="path-resource"/><value value="fsh-generated/resources"/></parameter><parameter><code value="path-pages"/><value value="template/config"/></parameter><parameter><code value="path-pages"/><value value="input/images"/></parameter><parameter><code value="path-tx-cache"/><value value="input-cache/txcache"/></parameter></definition></ImplementationGuide>