<?xml version="1.0" encoding="UTF-8"?><ImplementationGuide xmlns="http://hl7.org/fhir"><id value="napkon-bih"/><text><status value="extensions"/><div xmlns="http://www.w3.org/1999/xhtml"><h2>NAPKONBIH</h2><p>The official URL for this implementation guide is: </p><pre>https://www.netzwerk-universitaetsmedizin.de/fhir/ImplementationGuide/napkon-bih</pre></div></text><url value="https://www.netzwerk-universitaetsmedizin.de/fhir/ImplementationGuide/napkon-bih"/><version value="0.1.0"/><name value="NAPKONBIH"/><status value="draft"/><date value="2021-10-07T21:11:53+00:00"/><publisher value="BIH @ Charité"/><contact><name value="BIH @ Charité"/><telecom><system value="url"/><value value="https://www.netzwerk-universitaetsmedizin.de"/></telecom></contact><packageId value="napkon-bih"/><license value="CC0-1.0"/><fhirVersion value="4.0.1"/><dependsOn id="de_medizininformatikinitiative_kerndatensatz_prozedur"><uri value="https://simplifier.net/guide/medizininformatikinitiative-modulprozeduren-implementationguide"/><packageId value="de.medizininformatikinitiative.kerndatensatz.prozedur"/><version value="2.0.0-alpha3"/></dependsOn><dependsOn id="de_medizininformatikinitiative_kerndatensatz_person"><uri value="https://simplifier.net/guide/medizininformatikinitiative-modulperson-implementationguide"/><packageId value="de.medizininformatikinitiative.kerndatensatz.person"/><version value="2.0.0-alpha3"/></dependsOn><dependsOn id="de_medizininformatikinitiative_kerndatensatz_medikation"><uri value="https://simplifier.net/guide/medizininformatikinitiative-modulmedikation-implementationguide"/><packageId value="de.medizininformatikinitiative.kerndatensatz.medikation"/><version value="1.0.10"/></dependsOn><dependsOn id="de_medizininformatikinitiative_kerndatensatz_diagnose"><uri value="https://simplifier.net/guide/medizininformatikinitiative-moduldiagnosen-implementationguide"/><packageId value="de.medizininformatikinitiative.kerndatensatz.diagnose"/><version value="2.0.0-alpha3"/></dependsOn><dependsOn id="de_gecco"><uri value="https://simplifier.net/guide/germancoronaconsensusdataset-implementationguide"/><packageId value="de.gecco"/><version value="1.0.5"/></dependsOn><definition><extension url="http://hl7.org/fhir/tools/StructureDefinition/ig-parameter"><extension url="code"><valueString value="copyrightyear"/></extension><extension url="value"><valueString value="2021+"/></extension></extension><extension url="http://hl7.org/fhir/tools/StructureDefinition/ig-parameter"><extension url="code"><valueString value="releaselabel"/></extension><extension url="value"><valueString value="ci-build"/></extension></extension><extension url="http://hl7.org/fhir/tools/StructureDefinition/ig-parameter"><extension url="code"><valueString value="path-liquid"/></extension><extension url="value"><valueString value="template/liquid"/></extension></extension><extension url="http://hl7.org/fhir/tools/StructureDefinition/ig-parameter"><extension url="code"><valueString value="path-liquid"/></extension><extension url="value"><valueString value="input/liquid"/></extension></extension><extension url="http://hl7.org/fhir/tools/StructureDefinition/ig-parameter"><extension url="code"><valueString value="path-qa"/></extension><extension url="value"><valueString value="temp/qa"/></extension></extension><extension url="http://hl7.org/fhir/tools/StructureDefinition/ig-parameter"><extension url="code"><valueString value="path-temp"/></extension><extension url="value"><valueString value="temp/pages"/></extension></extension><extension url="http://hl7.org/fhir/tools/StructureDefinition/ig-parameter"><extension url="code"><valueString value="path-output"/></extension><extension url="value"><valueString value="output"/></extension></extension><extension url="http://hl7.org/fhir/tools/StructureDefinition/ig-parameter"><extension url="code"><valueString value="path-suppressed-warnings"/></extension><extension url="value"><valueString value="input/ignoreWarnings.txt"/></extension></extension><extension url="http://hl7.org/fhir/tools/StructureDefinition/ig-parameter"><extension url="code"><valueString value="path-history"/></extension><extension url="value"><valueString value="https://www.netzwerk-universitaetsmedizin.de/fhir/history.html"/></extension></extension><extension url="http://hl7.org/fhir/tools/StructureDefinition/ig-parameter"><extension url="code"><valueString value="template-html"/></extension><extension url="value"><valueString value="template-page.html"/></extension></extension><extension url="http://hl7.org/fhir/tools/StructureDefinition/ig-parameter"><extension url="code"><valueString value="template-md"/></extension><extension url="value"><valueString value="template-page-md.html"/></extension></extension><extension url="http://hl7.org/fhir/tools/StructureDefinition/ig-parameter"><extension url="code"><valueString value="apply-contact"/></extension><extension url="value"><valueString value="true"/></extension></extension><extension url="http://hl7.org/fhir/tools/StructureDefinition/ig-parameter"><extension url="code"><valueString value="apply-context"/></extension><extension url="value"><valueString value="true"/></extension></extension><extension url="http://hl7.org/fhir/tools/StructureDefinition/ig-parameter"><extension url="code"><valueString value="apply-copyright"/></extension><extension url="value"><valueString value="true"/></extension></extension><extension url="http://hl7.org/fhir/tools/StructureDefinition/ig-parameter"><extension url="code"><valueString value="apply-jurisdiction"/></extension><extension url="value"><valueString value="true"/></extension></extension><extension url="http://hl7.org/fhir/tools/StructureDefinition/ig-parameter"><extension url="code"><valueString value="apply-license"/></extension><extension url="value"><valueString value="true"/></extension></extension><extension url="http://hl7.org/fhir/tools/StructureDefinition/ig-parameter"><extension url="code"><valueString value="apply-publisher"/></extension><extension url="value"><valueString value="true"/></extension></extension><extension url="http://hl7.org/fhir/tools/StructureDefinition/ig-parameter"><extension url="code"><valueString value="apply-version"/></extension><extension url="value"><valueString value="true"/></extension></extension><extension url="http://hl7.org/fhir/tools/StructureDefinition/ig-parameter"><extension url="code"><valueString value="active-tables"/></extension><extension url="value"><valueString value="true"/></extension></extension><grouping id="-str-profile"><name value="Structures: Resource Profiles"/><description value="These define constraints on FHIR resources for systems conforming to this implementation guide"/></grouping><grouping id="-term-valueset"><name value="Terminology: Value Sets"/><description value="These define sets of codes used by systems conforming to this implementation guide"/></grouping><grouping id="-term-codesystem"><name value="Terminology: Code Systems"/><description value="These define new code systems used by systems conforming to this implementation guide"/></grouping><grouping id="-ex-example"><name value="Example: Example Instances"/><description value="These are example instances that show what data produced and consumed by systems conforming with this implementation guide might look like"/></grouping><resource><extension url="http://hl7.org/fhir/StructureDefinition/implementationguide-page"><valueUri value="StructureDefinition-additional-vaccination-willingness.html"/></extension><reference><reference value="StructureDefinition/additional-vaccination-willingness"/></reference><name value="Additional Vaccination Willingness"/><description value="Willingness of the patient to receive additional COVID-19 vaccination if officially recommended"/><exampleBoolean value="false"/><groupingId value="-str-profile"/></resource><resource><extension url="http://hl7.org/fhir/StructureDefinition/implementationguide-page"><valueUri value="StructureDefinition-allergic-reaction-to-vaccination.html"/></extension><reference><reference value="StructureDefinition/allergic-reaction-to-vaccination"/></reference><name value="Allergic Reaction To Vaccination"/><description value="Whether a vaccination caused an allergic reaction"/><exampleBoolean value="false"/><groupingId value="-str-profile"/></resource><resource><extension url="http://hl7.org/fhir/StructureDefinition/implementationguide-page"><valueUri value="StructureDefinition-analgesic-antipyretic-intake-after-vaccination.html"/></extension><reference><reference value="StructureDefinition/analgesic-antipyretic-intake-after-vaccination"/></reference><name value="Analgesic Antipyretic Intake After Vaccination"/><description value="Whether a patient took analgesic or antipyretic drugs after a vaccination event"/><exampleBoolean value="false"/><groupingId value="-str-profile"/></resource><resource><extension url="http://hl7.org/fhir/StructureDefinition/implementationguide-page"><valueUri value="StructureDefinition-observation-birth-height-pediatrics.html"/></extension><reference><reference value="StructureDefinition/observation-birth-height-pediatrics"/></reference><name value="Birth Height"/><description value="Birth Height of a patient in context of Pediatrics"/><exampleBoolean value="false"/><groupingId value="-str-profile"/></resource><resource><extension url="http://hl7.org/fhir/StructureDefinition/implementationguide-page"><valueUri value="StructureDefinition-observation-body-mass-index-pediatrics.html"/></extension><reference><reference value="StructureDefinition/observation-body-mass-index-pediatrics"/></reference><name value="Body Mass Index"/><description value="Body mass index of a patient in context of Pediatrics"/><exampleBoolean value="false"/><groupingId value="-str-profile"/></resource><resource><extension url="http://hl7.org/fhir/StructureDefinition/implementationguide-page"><valueUri value="StructureDefinition-body-temperature-after-vaccination.html"/></extension><reference><reference value="StructureDefinition/body-temperature-after-vaccination"/></reference><name value="Body Temperature After Vaccination"/><description value="Maximal body temperature after a vaccination event (indicating fever)"/><exampleBoolean value="false"/><groupingId value="-str-profile"/></resource><resource><extension url="http://hl7.org/fhir/StructureDefinition/implementationguide-page"><valueUri value="StructureDefinition-cardiology-imaging-procedure.html"/></extension><reference><reference value="StructureDefinition/cardiology-imaging-procedure"/></reference><name value="Cardiology Imaging Procedure"/><description value="Defines constraints and extensions on the Cardiology Imaging procedures"/><exampleBoolean value="false"/><groupingId value="-str-profile"/></resource><resource><extension url="http://hl7.org/fhir/StructureDefinition/implementationguide-page"><valueUri value="StructureDefinition-chemotherapy.html"/></extension><reference><reference value="StructureDefinition/chemotherapy"/></reference><name value="Chemotherapy"/><description value="Whether a patient is or has been receiving a chemotherapy within the last 3 months"/><exampleBoolean value="false"/><groupingId value="-str-profile"/></resource><resource><extension url="http://hl7.org/fhir/StructureDefinition/implementationguide-page"><valueUri value="StructureDefinition-chronic-haematologic-diseases-pediatrics.html"/></extension><reference><reference value="StructureDefinition/chronic-haematologic-diseases-pediatrics"/></reference><name value="Chronic Haematologic Diseases"/><description value="Chronic Haematologic diseases as a risk factor for a severe course of an infection with SARS-CoV-2 in the context of pediatrics"/><exampleBoolean value="false"/><groupingId value="-str-profile"/></resource><resource><extension url="http://hl7.org/fhir/StructureDefinition/implementationguide-page"><valueUri value="StructureDefinition-covid19-complication-pediatrics.html"/></extension><reference><reference value="StructureDefinition/covid19-complication-pediatrics"/></reference><name value="Covid19 complication"/><description value="Complication due to COVID19"/><exampleBoolean value="false"/><groupingId value="-str-profile"/></resource><resource><extension url="http://hl7.org/fhir/StructureDefinition/implementationguide-page"><valueUri value="StructureDefinition-covid-vaccination.html"/></extension><reference><reference value="StructureDefinition/covid-vaccination"/></reference><name value="CovidVaccination"/><description value="COVID-19 vaccination event"/><exampleBoolean value="false"/><groupingId value="-str-profile"/></resource><resource><extension url="http://hl7.org/fhir/StructureDefinition/implementationguide-page"><valueUri value="StructureDefinition-electrocardiographic-ecg-procedure.html"/></extension><reference><reference value="StructureDefinition/electrocardiographic-ecg-procedure"/></reference><name value="ECG procedure"/><description value="Defines constraints and extensions on the Cardiology ECG procedures"/><exampleBoolean value="false"/><groupingId value="-str-profile"/></resource><resource><extension url="http://hl7.org/fhir/StructureDefinition/implementationguide-page"><valueUri value="StructureDefinition-fungal-infection-pediatrics.html"/></extension><reference><reference value="StructureDefinition/fungal-infection-pediatrics"/></reference><name value="Fungal Infection"/><description value="Occurrence of a fungal infection"/><exampleBoolean value="false"/><groupingId value="-str-profile"/></resource><resource><extension url="http://hl7.org/fhir/StructureDefinition/implementationguide-page"><valueUri value="StructureDefinition-gastrointestinal-diseases-pediatrics.html"/></extension><reference><reference value="StructureDefinition/gastrointestinal-diseases-pediatrics"/></reference><name value="Gastrointestinal Diseases Pediatrics"/><description value="Gastrointestinal diseases in the field of pediatrics as a risk factor for a severe course of an infection with SARS-CoV-2."/><exampleBoolean value="false"/><groupingId value="-str-profile"/></resource><resource><extension url="http://hl7.org/fhir/StructureDefinition/implementationguide-page"><valueUri value="StructureDefinition-general-complaints-after-vaccination.html"/></extension><reference><reference value="StructureDefinition/general-complaints-after-vaccination"/></reference><name value="General Complaints After Vaccination"/><description value="General complaints after a vaccination event"/><exampleBoolean value="false"/><groupingId value="-str-profile"/></resource><resource><extension url="http://hl7.org/fhir/StructureDefinition/implementationguide-page"><valueUri value="StructureDefinition-observation-head-circumference-pediatrics.html"/></extension><reference><reference value="StructureDefinition/observation-head-circumference-pediatrics"/></reference><name value="Head circumference"/><description value="Head circumference of a patient in context of Pediatrics"/><exampleBoolean value="false"/><groupingId value="-str-profile"/></resource><resource><extension url="http://hl7.org/fhir/StructureDefinition/implementationguide-page"><valueUri value="StructureDefinition-imaging-procedures.html"/></extension><reference><reference value="StructureDefinition/imaging-procedures"/></reference><name value="Imaging Procedures"/><description value="Defines constraints and methods on imaging procedures performed on the patient."/><exampleBoolean value="false"/><groupingId value="-str-profile"/></resource><resource><extension url="http://hl7.org/fhir/StructureDefinition/implementationguide-page"><valueUri value="StructureDefinition-imaging-procedure-cardiology.html"/></extension><reference><reference value="StructureDefinition/imaging-procedure-cardiology"/></reference><name value="Cardiology Imaging Procedure"/><description value="Defines constraints and extensions on the Cardiology Imaging procedures"/><exampleBoolean value="false"/><groupingId value="-str-profile"/></resource><resource><extension url="http://hl7.org/fhir/StructureDefinition/implementationguide-page"><valueUri value="StructureDefinition-immunosuppresive-permanent-medication-pediatrics.html"/></extension><reference><reference value="StructureDefinition/immunosuppresive-permanent-medication-pediatrics"/></reference><name value="Immunosuppresive Permanent Medication"/><description value="Immunosuppresive Permanent Medication"/><exampleBoolean value="false"/><groupingId value="-str-profile"/></resource><resource><extension url="http://hl7.org/fhir/StructureDefinition/implementationguide-page"><valueUri value="StructureDefinition-immunosuppressive-therapy.html"/></extension><reference><reference value="StructureDefinition/immunosuppressive-therapy"/></reference><name value="Immunosuppressive Therapy"/><description value="Whether a patient is receiving an immunosuppressive or -modulatory therapy"/><exampleBoolean value="false"/><groupingId value="-str-profile"/></resource><resource><extension url="http://hl7.org/fhir/StructureDefinition/implementationguide-page"><valueUri value="StructureDefinition-infectious-complications-pediatrics.html"/></extension><reference><reference value="StructureDefinition/infectious-complications-pediatrics"/></reference><name value="Pediatry Infectious Complications"/><description value="Defines constraints and methods on pediatry infectious complications"/><exampleBoolean value="false"/><groupingId value="-str-profile"/></resource><resource><extension url="http://hl7.org/fhir/StructureDefinition/implementationguide-page"><valueUri value="StructureDefinition-intensive-care-treatment-duration-pediatrics.html"/></extension><reference><reference value="StructureDefinition/intensive-care-treatment-duration-pediatrics"/></reference><name value="Intensive care treatment duration"/><description value="Duration of intensive care treatment"/><exampleBoolean value="false"/><groupingId value="-str-profile"/></resource><resource><extension url="http://hl7.org/fhir/StructureDefinition/implementationguide-page"><valueUri value="StructureDefinition-medical-treatment-for-vaccination-adverse-reaction.html"/></extension><reference><reference value="StructureDefinition/medical-treatment-for-vaccination-adverse-reaction"/></reference><name value="Medical Treatment For Vaccination Adverse Reaction"/><description value="Whether a patient underwent medical treatment for a potential or actual adverse reaction to a vaccination event"/><exampleBoolean value="false"/><groupingId value="-str-profile"/></resource><resource><extension url="http://hl7.org/fhir/StructureDefinition/implementationguide-page"><valueUri value="StructureDefinition-medical-treatment-reason.html"/></extension><reference><reference value="StructureDefinition/medical-treatment-reason"/></reference><name value="Medical Treatment Reason"/><description value="Reason for a medical treatment for a potential or actual adverse reaction to a vaccination event (free text only)"/><exampleBoolean value="false"/><groupingId value="-str-profile"/></resource><resource><extension url="http://hl7.org/fhir/StructureDefinition/implementationguide-page"><valueUri value="StructureDefinition-regular-alcohol-intake.html"/></extension><reference><reference value="StructureDefinition/regular-alcohol-intake"/></reference><name value="Regular Alcohol Intake"/><description value="Whether a patient regularly drinks alcohol"/><exampleBoolean value="false"/><groupingId value="-str-profile"/></resource><resource><extension url="http://hl7.org/fhir/StructureDefinition/implementationguide-page"><valueUri value="StructureDefinition-regular-alcohol-intake-quantity.html"/></extension><reference><reference value="StructureDefinition/regular-alcohol-intake-quantity"/></reference><name value="Regular Alcohol Intake Quantity"/><description value="How many alcoholic drinks a patient usually drings per day"/><exampleBoolean value="false"/><groupingId value="-str-profile"/></resource><resource><extension url="http://hl7.org/fhir/StructureDefinition/implementationguide-page"><valueUri value="StructureDefinition-sars-cov2-infection-vaccination.html"/></extension><reference><reference value="StructureDefinition/sars-cov2-infection-vaccination"/></reference><name value="SARS CoV2 Infection"/><description value="Whether SARS CoV2 was detected in a patient"/><exampleBoolean value="false"/><groupingId value="-str-profile"/></resource><resource><extension url="http://hl7.org/fhir/StructureDefinition/implementationguide-page"><valueUri value="StructureDefinition-sars-cov2-infection-course-vaccination.html"/></extension><reference><reference value="StructureDefinition/sars-cov2-infection-course-vaccination"/></reference><name value="SARS CoV2 Infection Course"/><description value="Course of a SARS CoV2 infection"/><exampleBoolean value="false"/><groupingId value="-str-profile"/></resource><resource><extension url="http://hl7.org/fhir/StructureDefinition/implementationguide-page"><valueUri value="StructureDefinition-sars-cov2-variant.html"/></extension><reference><reference value="StructureDefinition/sars-cov2-variant"/></reference><name value="SARS CoV2 Variant"/><description value="Variant/strain of detected SARS CoV2 (Pango Cov-lineage)"/><exampleBoolean value="false"/><groupingId value="-str-profile"/></resource><resource><extension url="http://hl7.org/fhir/StructureDefinition/implementationguide-page"><valueUri value="StructureDefinition-supportive-pharmacotherapy-pediatrics.html"/></extension><reference><reference value="StructureDefinition/supportive-pharmacotherapy-pediatrics"/></reference><name value="Supportive Pharmacotherapy"/><description value="Supportive Pharmacotherapy as an adjunct therapy in case of an infection with SARS-CoV-2 in the context of pediatrics"/><exampleBoolean value="false"/><groupingId value="-str-profile"/></resource><resource><extension url="http://hl7.org/fhir/StructureDefinition/implementationguide-page"><valueUri value="StructureDefinition-thoracic-drainage-pediatrics.html"/></extension><reference><reference value="StructureDefinition/thoracic-drainage-pediatrics"/></reference><name value="Thoracic Drainge"/><description value="Application of a thoraric drainage"/><exampleBoolean value="false"/><groupingId value="-str-profile"/></resource><resource><extension url="http://hl7.org/fhir/StructureDefinition/implementationguide-page"><valueUri value="StructureDefinition-total-length-of-stay-pediatrics.html"/></extension><reference><reference value="StructureDefinition/total-length-of-stay-pediatrics"/></reference><name value="Total length of stay"/><description value="Total length of stay"/><exampleBoolean value="false"/><groupingId value="-str-profile"/></resource><resource><extension url="http://hl7.org/fhir/StructureDefinition/implementationguide-page"><valueUri value="StructureDefinition-vaccination-injection-site-erythema.html"/></extension><reference><reference value="StructureDefinition/vaccination-injection-site-erythema"/></reference><name value="Vaccination Injection Site Erythema"/><description value="Size of an erythema at a vaccine injection site"/><exampleBoolean value="false"/><groupingId value="-str-profile"/></resource><resource><extension url="http://hl7.org/fhir/StructureDefinition/implementationguide-page"><valueUri value="StructureDefinition-vaccination-injection-site-pain-movement.html"/></extension><reference><reference value="StructureDefinition/vaccination-injection-site-pain-movement"/></reference><name value="Vaccination Injection Site Pain Movement"/><description value="Pain intensity at vaccine injection site during pressure or movement"/><exampleBoolean value="false"/><groupingId value="-str-profile"/></resource><resource><extension url="http://hl7.org/fhir/StructureDefinition/implementationguide-page"><valueUri value="StructureDefinition-vaccination-injection-site-pain-rest.html"/></extension><reference><reference value="StructureDefinition/vaccination-injection-site-pain-rest"/></reference><name value="Vaccination Injection Site Pain Rest"/><description value="Pain intensity at vaccine injection site at rest"/><exampleBoolean value="false"/><groupingId value="-str-profile"/></resource><resource><extension url="http://hl7.org/fhir/StructureDefinition/implementationguide-page"><valueUri value="StructureDefinition-vaccination-injection-site-swelling.html"/></extension><reference><reference value="StructureDefinition/vaccination-injection-site-swelling"/></reference><name value="Vaccination Injection Site Swelling"/><description value="Size of an swelling at a vaccine injection site"/><exampleBoolean value="false"/><groupingId value="-str-profile"/></resource><resource><extension url="http://hl7.org/fhir/StructureDefinition/implementationguide-page"><valueUri value="ValueSet-analgesics-antipyretics.html"/></extension><reference><reference value="ValueSet/analgesics-antipyretics"/></reference><name value="Analgesics Antipyretics"/><description value="Analgetic and antipyretic drugs"/><exampleBoolean value="false"/><groupingId value="-term-valueset"/></resource><resource><extension url="http://hl7.org/fhir/StructureDefinition/implementationguide-page"><valueUri value="ValueSet-vs-antibiotic-therapy-procedure-pediatrics.html"/></extension><reference><reference value="ValueSet/vs-antibiotic-therapy-procedure-pediatrics"/></reference><name value="Antibiotic Therapy Procedure PediatricsVS"/><description value="Antibiotic Therapy the context of pediatrics and Covid-19"/><exampleBoolean value="false"/><groupingId value="-term-valueset"/></resource><resource><extension url="http://hl7.org/fhir/StructureDefinition/implementationguide-page"><valueUri value="ValueSet-bacterial-infectious-complications-sct.html"/></extension><reference><reference value="ValueSet/bacterial-infectious-complications-sct"/></reference><name value="BacterialInfectiousDiseases"/><exampleBoolean value="false"/><groupingId value="-term-valueset"/></resource><resource><extension url="http://hl7.org/fhir/StructureDefinition/implementationguide-page"><valueUri value="ValueSet-body-temperature.html"/></extension><reference><reference value="ValueSet/body-temperature"/></reference><name value="Body Temperature"/><description value="Body temperature categories"/><exampleBoolean value="false"/><groupingId value="-term-valueset"/></resource><resource><extension url="http://hl7.org/fhir/StructureDefinition/implementationguide-page"><valueUri value="ValueSet-cardiology-diseases-codes.html"/></extension><reference><reference value="ValueSet/cardiology-diseases-codes"/></reference><name value="ValueSet for Cardiology Module"/><description value="Codes related to the Cardiology Module."/><exampleBoolean value="false"/><groupingId value="-term-valueset"/></resource><resource><extension url="http://hl7.org/fhir/StructureDefinition/implementationguide-page"><valueUri value="ValueSet-cardiology-imaging-procedures.html"/></extension><reference><reference value="ValueSet/cardiology-imaging-procedures"/></reference><name value="Cardiology Imaging Procedures ValueSet"/><description value="Imaging procedures related to cardiology"/><exampleBoolean value="false"/><groupingId value="-term-valueset"/></resource><resource><extension url="http://hl7.org/fhir/StructureDefinition/implementationguide-page"><valueUri value="ValueSet-chronic-haematologic-diseases-pediatrics.html"/></extension><reference><reference value="ValueSet/chronic-haematologic-diseases-pediatrics"/></reference><name value="ChronicHaematologicDiseasesPediatricsVS"/><description value="Chronic haematologic diseases the context of pediatrics and Covid-19"/><exampleBoolean value="false"/><groupingId value="-term-valueset"/></resource><resource><extension url="http://hl7.org/fhir/StructureDefinition/implementationguide-page"><valueUri value="ValueSet-chronic-haematologic-diseases-pediatrics-icd.html"/></extension><reference><reference value="ValueSet/chronic-haematologic-diseases-pediatrics-icd"/></reference><name value="ChronicHaematologicDiseasesPediatricsICD-VS"/><description value="Chronic haematologic diseases the context of pediatrics and Covid-19"/><exampleBoolean value="false"/><groupingId value="-term-valueset"/></resource><resource><extension url="http://hl7.org/fhir/StructureDefinition/implementationguide-page"><valueUri value="ValueSet-covid19-complications.html"/></extension><reference><reference value="ValueSet/covid19-complications"/></reference><name value="Covid19 complications"/><description value="Complications due to COVID19"/><exampleBoolean value="false"/><groupingId value="-term-valueset"/></resource><resource><extension url="http://hl7.org/fhir/StructureDefinition/implementationguide-page"><valueUri value="ValueSet-covid-vaccination-codes.html"/></extension><reference><reference value="ValueSet/covid-vaccination-codes"/></reference><name value="CovidVaccinationCodes"/><description value="COVID-19 vaccines"/><exampleBoolean value="false"/><groupingId value="-term-valueset"/></resource><resource><extension url="http://hl7.org/fhir/StructureDefinition/implementationguide-page"><valueUri value="ValueSet-covid-vaccination-contraindications.html"/></extension><reference><reference value="ValueSet/covid-vaccination-contraindications"/></reference><name value="covid-vaccination-contraindications"/><description value="Contraindications precluding COVID-19 vaccination"/><exampleBoolean value="false"/><groupingId value="-term-valueset"/></resource><resource><extension url="http://hl7.org/fhir/StructureDefinition/implementationguide-page"><valueUri value="ValueSet-covid-vaccination-reasons.html"/></extension><reference><reference value="ValueSet/covid-vaccination-reasons"/></reference><name value="Covid Vaccination Reasons"/><description value="Individual reason for getting vaccinated against COVID-19"/><exampleBoolean value="false"/><groupingId value="-term-valueset"/></resource><resource><extension url="http://hl7.org/fhir/StructureDefinition/implementationguide-page"><valueUri value="ValueSet-detected-not-detected-unknown-undetermined.html"/></extension><reference><reference value="ValueSet/detected-not-detected-unknown-undetermined"/></reference><name value="Detected Not Detected Unknown Undetermined"/><description value="Values for laboratory observations"/><exampleBoolean value="false"/><groupingId value="-term-valueset"/></resource><resource><extension url="http://hl7.org/fhir/StructureDefinition/implementationguide-page"><valueUri value="ValueSet-drug-therapy-pediatrics.html"/></extension><reference><reference value="ValueSet/drug-therapy-pediatrics"/></reference><name value="ValueSetDrugTherapyPediatrics"/><description value="Drug thereapy used in the case of a of Covid-19 infection and Pediatrics"/><exampleBoolean value="false"/><groupingId value="-term-valueset"/></resource><resource><extension url="http://hl7.org/fhir/StructureDefinition/implementationguide-page"><valueUri value="ValueSet-ecg-expressions.html"/></extension><reference><reference value="ValueSet/ecg-expressions"/></reference><name value="Cardiology ECG Expressions ValueSet"/><description value="ValueSet for ECG expressions such as findings, disorders, observable entities etc."/><exampleBoolean value="false"/><groupingId value="-term-valueset"/></resource><resource><extension url="http://hl7.org/fhir/StructureDefinition/implementationguide-page"><valueUri value="ValueSet-fungal-infections.html"/></extension><reference><reference value="ValueSet/fungal-infections"/></reference><name value="Fungal Infections"/><description value="Value set of fungal infections"/><exampleBoolean value="false"/><groupingId value="-term-valueset"/></resource><resource><extension url="http://hl7.org/fhir/StructureDefinition/implementationguide-page"><valueUri value="ValueSet-gastrointestinal-diseases-pediatrics.html"/></extension><reference><reference value="ValueSet/gastrointestinal-diseases-pediatrics"/></reference><name value="VSGastrointestinal Diseases Pediatrics"/><description value="Gastrointestinal diseases in the context of pediatrics and Covid-19"/><exampleBoolean value="false"/><groupingId value="-term-valueset"/></resource><resource><extension url="http://hl7.org/fhir/StructureDefinition/implementationguide-page"><valueUri value="ValueSet-gastrointestinal-diseases-pediatrics-icd.html"/></extension><reference><reference value="ValueSet/gastrointestinal-diseases-pediatrics-icd"/></reference><name value="Gastrointestinal Diseases Pediatrics ICD-VS"/><description value="Gastrointestinal diseases in the context of pediatrics and Covid-19"/><exampleBoolean value="false"/><groupingId value="-term-valueset"/></resource><resource><extension url="http://hl7.org/fhir/StructureDefinition/implementationguide-page"><valueUri value="ValueSet-general-complaints-after-vaccination.html"/></extension><reference><reference value="ValueSet/general-complaints-after-vaccination"/></reference><name value="General Complaints After Vaccination"/><description value="General complaints after vaccination"/><exampleBoolean value="false"/><groupingId value="-term-valueset"/></resource><resource><extension url="http://hl7.org/fhir/StructureDefinition/implementationguide-page"><valueUri value="ValueSet-imaging-category-sct.html"/></extension><reference><reference value="ValueSet/imaging-category-sct"/></reference><name value="ImagingCategorySnomed"/><exampleBoolean value="false"/><groupingId value="-term-valueset"/></resource><resource><extension url="http://hl7.org/fhir/StructureDefinition/implementationguide-page"><valueUri value="ValueSet-imaging-procedures-cardiology.html"/></extension><reference><reference value="ValueSet/imaging-procedures-cardiology"/></reference><name value="ImagingCodes"/><exampleBoolean value="false"/><groupingId value="-term-valueset"/></resource><resource><extension url="http://hl7.org/fhir/StructureDefinition/implementationguide-page"><valueUri value="ValueSet-imaging-pediatrics.html"/></extension><reference><reference value="ValueSet/imaging-pediatrics"/></reference><name value="ValueSetImagingPediatrics"/><description value="Imaging procedures used in the case of a of Covid-19 infection and Pediatrics"/><exampleBoolean value="false"/><groupingId value="-term-valueset"/></resource><resource><extension url="http://hl7.org/fhir/StructureDefinition/implementationguide-page"><valueUri value="ValueSet-immunosuppressive-permament-medications.html"/></extension><reference><reference value="ValueSet/immunosuppressive-permament-medications"/></reference><name value="Immunosuppressive Permanent Medications"/><description value="Imunosuppresive medications"/><exampleBoolean value="false"/><groupingId value="-term-valueset"/></resource><resource><extension url="http://hl7.org/fhir/StructureDefinition/implementationguide-page"><valueUri value="ValueSet-medical-treatment-for-vaccination-adverse-reaction.html"/></extension><reference><reference value="ValueSet/medical-treatment-for-vaccination-adverse-reaction"/></reference><name value="Medical Treatment For Vaccination Adverse Reaction"/><description value="Types of medical treatments for potential or actual adverse reactions to a vaccination"/><exampleBoolean value="false"/><groupingId value="-term-valueset"/></resource><resource><extension url="http://hl7.org/fhir/StructureDefinition/implementationguide-page"><valueUri value="ValueSet-medication-pediatrics.html"/></extension><reference><reference value="ValueSet/medication-pediatrics"/></reference><name value="ValueSetMedicationPediatrics"/><description value="Medication used in the case of a of Covid-19 infection and Pediatrics"/><exampleBoolean value="false"/><groupingId value="-term-valueset"/></resource><resource><extension url="http://hl7.org/fhir/StructureDefinition/implementationguide-page"><valueUri value="ValueSet-vs-non-pulmonary-bacterial-coinfection-pediatrics.html"/></extension><reference><reference value="ValueSet/vs-non-pulmonary-bacterial-coinfection-pediatrics"/></reference><name value="ValuesetNonPulmonaryBacterialCoinfectionPediatrics"/><description value="Non-pulmonary bacterial co-infection the context of pediatrics and Covid-19"/><exampleBoolean value="false"/><groupingId value="-term-valueset"/></resource><resource><extension url="http://hl7.org/fhir/StructureDefinition/implementationguide-page"><valueUri value="ValueSet-pediatric-medication-codes.html"/></extension><reference><reference value="ValueSet/pediatric-medication-codes"/></reference><name value="ValueSet for Pediatric Module"/><description value="Codes related to the Pediatric Module."/><exampleBoolean value="false"/><groupingId value="-term-valueset"/></resource><resource><extension url="http://hl7.org/fhir/StructureDefinition/implementationguide-page"><valueUri value="ValueSet-pediatric-drug-therapy-codes.html"/></extension><reference><reference value="ValueSet/pediatric-drug-therapy-codes"/></reference><name value="ValueSet for Pediatric Module"/><description value="Codes related to the Pediatric Module."/><exampleBoolean value="false"/><groupingId value="-term-valueset"/></resource><resource><extension url="http://hl7.org/fhir/StructureDefinition/implementationguide-page"><valueUri value="ValueSet-pediatric-imaging-codes.html"/></extension><reference><reference value="ValueSet/pediatric-imaging-codes"/></reference><name value="ValueSet for Pediatric Module"/><description value="Codes related to the Pediatric Module."/><exampleBoolean value="false"/><groupingId value="-term-valueset"/></resource><resource><extension url="http://hl7.org/fhir/StructureDefinition/implementationguide-page"><valueUri value="ValueSet-present-not-present-undetermined-other.html"/></extension><reference><reference value="ValueSet/present-not-present-undetermined-other"/></reference><name value="Present Not Present Undetermined Other"/><description value="Values for laboratory observations"/><exampleBoolean value="false"/><groupingId value="-term-valueset"/></resource><resource><extension url="http://hl7.org/fhir/StructureDefinition/implementationguide-page"><valueUri value="ValueSet-regular-alcohol-intake.html"/></extension><reference><reference value="ValueSet/regular-alcohol-intake"/></reference><name value="Regular Alcohol Intake"/><description value="Frequency of alcoholic beverage intake"/><exampleBoolean value="false"/><groupingId value="-term-valueset"/></resource><resource><extension url="http://hl7.org/fhir/StructureDefinition/implementationguide-page"><valueUri value="ValueSet-regular-alcohol-intake-quantity.html"/></extension><reference><reference value="ValueSet/regular-alcohol-intake-quantity"/></reference><name value="Regular Alcohol Intake Quantity"/><description value="Number of alcoholic beverages per day"/><exampleBoolean value="false"/><groupingId value="-term-valueset"/></resource><resource><extension url="http://hl7.org/fhir/StructureDefinition/implementationguide-page"><valueUri value="ValueSet-restricted-event-status.html"/></extension><reference><reference value="ValueSet/restricted-event-status"/></reference><name value="RestrictedEventStatus"/><description value="EventStatus value set restricted to codes not-done, completed and unknown"/><exampleBoolean value="false"/><groupingId value="-term-valueset"/></resource><resource><extension url="http://hl7.org/fhir/StructureDefinition/implementationguide-page"><valueUri value="ValueSet-sars-cov2-infection-course.html"/></extension><reference><reference value="ValueSet/sars-cov2-infection-course"/></reference><name value="SARS-CoV2 Infection Course"/><description value="Infection course of SARS-CoV2"/><exampleBoolean value="false"/><groupingId value="-term-valueset"/></resource><resource><extension url="http://hl7.org/fhir/StructureDefinition/implementationguide-page"><valueUri value="ValueSet-vs-supportive-pharmacotherapy-pediatrics.html"/></extension><reference><reference value="ValueSet/vs-supportive-pharmacotherapy-pediatrics"/></reference><name value="ValuesetSupportivePharmacotherapy"/><description value="Supportive pharamcotherapy used in the context of Covid-19 and Pediatrics"/><exampleBoolean value="false"/><groupingId value="-term-valueset"/></resource><resource><extension url="http://hl7.org/fhir/StructureDefinition/implementationguide-page"><valueUri value="ValueSet-syndromic-diseases-pediatrics.html"/></extension><reference><reference value="ValueSet/syndromic-diseases-pediatrics"/></reference><name value="Syndromic diseases Pediatrics"/><description value="Syndromic diseases in the context of Covid-19 and Pediatrics"/><exampleBoolean value="false"/><groupingId value="-term-valueset"/></resource><resource><extension url="http://hl7.org/fhir/StructureDefinition/implementationguide-page"><valueUri value="ValueSet-vaccination-injection-site-erythema-size.html"/></extension><reference><reference value="ValueSet/vaccination-injection-site-erythema-size"/></reference><name value="Vaccination Injection Site Erythema Size"/><description value="Erythema size category at vaccine injection site"/><exampleBoolean value="false"/><groupingId value="-term-valueset"/></resource><resource><extension url="http://hl7.org/fhir/StructureDefinition/implementationguide-page"><valueUri value="ValueSet-vaccination-injection-site-swelling-size.html"/></extension><reference><reference value="ValueSet/vaccination-injection-site-swelling-size"/></reference><name value="Vaccination Injection Site Swelling Size"/><description value="Swelling size category at vaccine injection site"/><exampleBoolean value="false"/><groupingId value="-term-valueset"/></resource><resource><extension url="http://hl7.org/fhir/StructureDefinition/implementationguide-page"><valueUri value="ValueSet-vaccination-pain-scale.html"/></extension><reference><reference value="ValueSet/vaccination-pain-scale"/></reference><name value="Vaccination pain scale"/><description value="Pain intensity at vaccine injection site"/><exampleBoolean value="false"/><groupingId value="-term-valueset"/></resource><resource><extension url="http://hl7.org/fhir/StructureDefinition/implementationguide-page"><valueUri value="ValueSet-vaccine-type-covid-pediatrics.html"/></extension><reference><reference value="ValueSet/vaccine-type-covid-pediatrics"/></reference><name value="ValueSetVaccineTypeCovidPediatrics"/><description value="Vaccine type used in the case of a vaccination in the context of Covid-19 and Pediatrics"/><exampleBoolean value="false"/><groupingId value="-term-valueset"/></resource><resource><extension url="http://hl7.org/fhir/StructureDefinition/implementationguide-page"><valueUri value="ValueSet-viral-infectious-complications-sct.html"/></extension><reference><reference value="ValueSet/viral-infectious-complications-sct"/></reference><name value="ViralInfectiousDiseases"/><exampleBoolean value="false"/><groupingId value="-term-valueset"/></resource><resource><extension url="http://hl7.org/fhir/StructureDefinition/implementationguide-page"><valueUri value="ValueSet-yes-no-unknown.html"/></extension><reference><reference value="ValueSet/yes-no-unknown"/></reference><name value="Yes No Unknown"/><description value="Yes / No / Unknown"/><exampleBoolean value="false"/><groupingId value="-term-valueset"/></resource><resource><extension url="http://hl7.org/fhir/StructureDefinition/implementationguide-page"><valueUri value="CodeSystem-napkon-immunosuppresive-medications.html"/></extension><reference><reference value="CodeSystem/napkon-immunosuppresive-medications"/></reference><name value="Immunosuppresive medications (NAPKON pediatrics module)"/><description value="Immunosuppresive medications not listed in SNOMED"/><exampleBoolean value="false"/><groupingId value="-term-codesystem"/></resource><resource><extension url="http://hl7.org/fhir/StructureDefinition/implementationguide-page"><valueUri value="CodeSystem-napkon-vaccination-module.html"/></extension><reference><reference value="CodeSystem/napkon-vaccination-module"/></reference><name value="NapkonVaccinationModule"/><description value="NAPKON Vaccination Module Code System - Collection of vaccination module-specific codes that are missing from common terminologies such as SNOMED CT"/><exampleBoolean value="false"/><groupingId value="-term-codesystem"/></resource><resource><extension url="http://hl7.org/fhir/StructureDefinition/implementationguide-page"><valueUri value="Observation-AdditionalVaccinationWillingness.html"/></extension><reference><reference value="Observation/AdditionalVaccinationWillingness"/></reference><name value="Additional Vaccination Willingness"/><description value="Example of a willingness for additional vaccinations item"/><exampleCanonical value="https://www.netzwerk-universitaetsmedizin.de/fhir/StructureDefinition/additional-vaccination-willingness"/><groupingId value="-ex-example"/></resource><resource><extension url="http://hl7.org/fhir/StructureDefinition/implementationguide-page"><valueUri value="Observation-AllergicReactionToVaccinationInstance.html"/></extension><reference><reference value="Observation/AllergicReactionToVaccinationInstance"/></reference><name value="Allergic Reaction To Vaccination Instance"/><description value="Example of an undetermined state of an allergic reaction cause by a vaccine"/><exampleCanonical value="https://www.netzwerk-universitaetsmedizin.de/fhir/StructureDefinition/allergic-reaction-to-vaccination"/><groupingId value="-ex-example"/></resource><resource><extension url="http://hl7.org/fhir/StructureDefinition/implementationguide-page"><valueUri value="Observation-AllergicReactionToVaccinationInstanceOther.html"/></extension><reference><reference value="Observation/AllergicReactionToVaccinationInstanceOther"/></reference><name value="Allergic Reaction To Vaccination Instance"/><description value="Example of a free-text answer to an allergic reaction caused by vaccination"/><exampleCanonical value="https://www.netzwerk-universitaetsmedizin.de/fhir/StructureDefinition/allergic-reaction-to-vaccination"/><groupingId value="-ex-example"/></resource><resource><extension url="http://hl7.org/fhir/StructureDefinition/implementationguide-page"><valueUri value="MedicationStatement-AnalgesicAntipyreticIntakeAfterVaccination.html"/></extension><reference><reference value="MedicationStatement/AnalgesicAntipyreticIntakeAfterVaccination"/></reference><name value="Analgesic Antipyretic Intake After Vaccination"/><description value="Example of an antipyretic drug taken after a vaccination event"/><exampleCanonical value="https://www.netzwerk-universitaetsmedizin.de/fhir/StructureDefinition/analgesic-antipyretic-intake-after-vaccination"/><groupingId value="-ex-example"/></resource><resource><extension url="http://hl7.org/fhir/StructureDefinition/implementationguide-page"><valueUri value="Observation-BodyTemperatureAfterVaccination.html"/></extension><reference><reference value="Observation/BodyTemperatureAfterVaccination"/></reference><name value="Body Temperature After Vaccination"/><description value="Example of an elevated body temperature after vaccination"/><exampleCanonical value="https://www.netzwerk-universitaetsmedizin.de/fhir/StructureDefinition/body-temperature-after-vaccination"/><groupingId value="-ex-example"/></resource><resource><extension url="http://hl7.org/fhir/StructureDefinition/implementationguide-page"><valueUri value="Procedure-Chemotherapy.html"/></extension><reference><reference value="Procedure/Chemotherapy"/></reference><name value="Chemotherapy"/><description value="Example of a patient not receiving chemotherapy during the last 3 months"/><exampleCanonical value="https://www.netzwerk-universitaetsmedizin.de/fhir/StructureDefinition/chemotherapy"/><groupingId value="-ex-example"/></resource><resource><extension url="http://hl7.org/fhir/StructureDefinition/implementationguide-page"><valueUri value="Patient-ExamplePatient.html"/></extension><reference><reference value="Patient/ExamplePatient"/></reference><name value="ExamplePatient"/><description value="Napkon Example Patient"/><exampleBoolean value="true"/><groupingId value="-ex-example"/></resource><resource><extension url="http://hl7.org/fhir/StructureDefinition/implementationguide-page"><valueUri value="Condition-GeneralComplaintsAfterVaccination.html"/></extension><reference><reference value="Condition/GeneralComplaintsAfterVaccination"/></reference><name value="General Complaints After Vaccination"/><description value="Example of a chill after a vaccination event"/><exampleCanonical value="https://www.netzwerk-universitaetsmedizin.de/fhir/StructureDefinition/general-complaints-after-vaccination"/><groupingId value="-ex-example"/></resource><resource><extension url="http://hl7.org/fhir/StructureDefinition/implementationguide-page"><valueUri value="Procedure-ImmunosuppressiveTherapy.html"/></extension><reference><reference value="Procedure/ImmunosuppressiveTherapy"/></reference><name value="Immunosuppressive Therapy"/><description value="Example of a patient not receiving an immunosuppresive therapy"/><exampleCanonical value="https://www.netzwerk-universitaetsmedizin.de/fhir/StructureDefinition/immunosuppressive-therapy"/><groupingId value="-ex-example"/></resource><resource><extension url="http://hl7.org/fhir/StructureDefinition/implementationguide-page"><valueUri value="Condition-InfectionsComplicationPediatrics.html"/></extension><reference><reference value="Condition/InfectionsComplicationPediatrics"/></reference><name value="InfectionsComplicationPediatrics"/><description value="Example instance of infectious-complications-pediatrics"/><exampleCanonical value="https://www.netzwerk-universitaetsmedizin.de/fhir/StructureDefinition/infectious-complications-pediatrics"/><groupingId value="-ex-example"/></resource><resource><extension url="http://hl7.org/fhir/StructureDefinition/implementationguide-page"><valueUri value="Observation-MedicalTreatmentForVaccinationAdverseReaction.html"/></extension><reference><reference value="Observation/MedicalTreatmentForVaccinationAdverseReaction"/></reference><name value="Medical Treatment For Vaccination Adverse Reaction"/><description value="Example of a patient hospitalized for a potential or actual adverse reaction to a vaccination event"/><exampleCanonical value="https://www.netzwerk-universitaetsmedizin.de/fhir/StructureDefinition/medical-treatment-for-vaccination-adverse-reaction"/><groupingId value="-ex-example"/></resource><resource><extension url="http://hl7.org/fhir/StructureDefinition/implementationguide-page"><valueUri value="Observation-MedicalTreatmentReason.html"/></extension><reference><reference value="Observation/MedicalTreatmentReason"/></reference><name value="Medical Treatment Reason"/><description value="Example of a skin rash as a reason for a medical treatment for a potential or actual adverse reaction to a vaccination event"/><exampleCanonical value="https://www.netzwerk-universitaetsmedizin.de/fhir/StructureDefinition/medical-treatment-reason"/><groupingId value="-ex-example"/></resource><resource><extension url="http://hl7.org/fhir/StructureDefinition/implementationguide-page"><valueUri value="Observation-RegularAlcoholIntake.html"/></extension><reference><reference value="Observation/RegularAlcoholIntake"/></reference><name value="Regular Alcohol Intake"/><description value="Example of a patient who does not drink alcohol"/><exampleCanonical value="https://www.netzwerk-universitaetsmedizin.de/fhir/StructureDefinition/regular-alcohol-intake"/><groupingId value="-ex-example"/></resource><resource><extension url="http://hl7.org/fhir/StructureDefinition/implementationguide-page"><valueUri value="Observation-RegularAlcoholIntakeQuantity.html"/></extension><reference><reference value="Observation/RegularAlcoholIntakeQuantity"/></reference><name value="Regular Alcohol Intake Quantity"/><description value="Example of intake of 5 or more alcoholic beverages per day"/><exampleCanonical value="https://www.netzwerk-universitaetsmedizin.de/fhir/StructureDefinition/regular-alcohol-intake-quantity"/><groupingId value="-ex-example"/></resource><resource><extension url="http://hl7.org/fhir/StructureDefinition/implementationguide-page"><valueUri value="Observation-SARSCoV2Infection.html"/></extension><reference><reference value="Observation/SARSCoV2Infection"/></reference><name value="SARS CoV2 Infection"/><description value="Example of a patient without detected SARS CoV2"/><exampleCanonical value="https://www.netzwerk-universitaetsmedizin.de/fhir/StructureDefinition/sars-cov2-infection-vaccination"/><groupingId value="-ex-example"/></resource><resource><extension url="http://hl7.org/fhir/StructureDefinition/implementationguide-page"><valueUri value="Observation-SARSCoV2InfectionCourseInstance.html"/></extension><reference><reference value="Observation/SARSCoV2InfectionCourseInstance"/></reference><name value="SARS CoV2 Infection Course Instance"/><description value="Example of a patient who suffered from COVID-19 and was treated on an intensive care unit"/><exampleCanonical value="https://www.netzwerk-universitaetsmedizin.de/fhir/StructureDefinition/sars-cov2-infection-course-vaccination"/><groupingId value="-ex-example"/></resource><resource><extension url="http://hl7.org/fhir/StructureDefinition/implementationguide-page"><valueUri value="Observation-SARSCoV2Variant.html"/></extension><reference><reference value="Observation/SARSCoV2Variant"/></reference><name value="SARS CoV2 Variant"/><description value="Example of a SARS CoV2 variant (Pango lineage)"/><exampleCanonical value="https://www.netzwerk-universitaetsmedizin.de/fhir/StructureDefinition/sars-cov2-variant"/><groupingId value="-ex-example"/></resource><resource><extension url="http://hl7.org/fhir/StructureDefinition/implementationguide-page"><valueUri value="Observation-VaccinationInjectionSiteErythema.html"/></extension><reference><reference value="Observation/VaccinationInjectionSiteErythema"/></reference><name value="Vaccination Injection Site Erythema"/><description value="Example of a 2.5-5 cm erythema at a vaccine injection site"/><exampleCanonical value="https://www.netzwerk-universitaetsmedizin.de/fhir/StructureDefinition/vaccination-injection-site-erythema"/><groupingId value="-ex-example"/></resource><resource><extension url="http://hl7.org/fhir/StructureDefinition/implementationguide-page"><valueUri value="Observation-VaccinationInjectionSitePainMovement.html"/></extension><reference><reference value="Observation/VaccinationInjectionSitePainMovement"/></reference><name value="Vaccination Injection Site Pain Movement Instance"/><description value="Example of mild pain at vaccine injection site during pressure or movement"/><exampleCanonical value="https://www.netzwerk-universitaetsmedizin.de/fhir/StructureDefinition/vaccination-injection-site-pain-movement"/><groupingId value="-ex-example"/></resource><resource><extension url="http://hl7.org/fhir/StructureDefinition/implementationguide-page"><valueUri value="Observation-VaccinationInjectionSitePainRest.html"/></extension><reference><reference value="Observation/VaccinationInjectionSitePainRest"/></reference><name value="Vaccination Injection Site Pain Rest// alcoholic beverage intake"/><description value="Example of mild pain at vaccine injection site at rest"/><exampleCanonical value="https://www.netzwerk-universitaetsmedizin.de/fhir/StructureDefinition/vaccination-injection-site-pain-rest"/><groupingId value="-ex-example"/></resource><resource><extension url="http://hl7.org/fhir/StructureDefinition/implementationguide-page"><valueUri value="Observation-VaccinationInjectionSiteSwelling.html"/></extension><reference><reference value="Observation/VaccinationInjectionSiteSwelling"/></reference><name value="Vaccination Injection Site Swelling Instance"/><description value="Example of a 5.1-10 cm swelling at a vaccine injection site"/><exampleCanonical value="https://www.netzwerk-universitaetsmedizin.de/fhir/StructureDefinition/vaccination-injection-site-swelling"/><groupingId value="-ex-example"/></resource><resource><extension url="http://hl7.org/fhir/StructureDefinition/implementationguide-page"><valueUri value="Immunization-covid-vaccination-instance-done.html"/></extension><reference><reference value="Immunization/covid-vaccination-instance-done"/></reference><name value="covid-vaccination-instance"/><description value="Example of a patient having received a vaccination"/><exampleCanonical value="https://www.netzwerk-universitaetsmedizin.de/fhir/StructureDefinition/covid-vaccination"/><groupingId value="-ex-example"/></resource><resource><extension url="http://hl7.org/fhir/StructureDefinition/implementationguide-page"><valueUri value="Immunization-covid-vaccination-instance-not-done.html"/></extension><reference><reference value="Immunization/covid-vaccination-instance-not-done"/></reference><name value="covid-vaccination-instance"/><description value="Example of a patient not receiving a vaccination due to pregnancy"/><exampleCanonical value="https://www.netzwerk-universitaetsmedizin.de/fhir/StructureDefinition/covid-vaccination"/><groupingId value="-ex-example"/></resource><resource><extension url="http://hl7.org/fhir/StructureDefinition/implementationguide-page"><valueUri value="Immunization-covid-vaccination-instance-not-done-reason-other.html"/></extension><reference><reference value="Immunization/covid-vaccination-instance-not-done-reason-other"/></reference><name value="covid-vaccination-instance"/><description value="Example of a patient not receiving a vaccination due to a specified (free-text) &#39;other reason&#39;"/><exampleCanonical value="https://www.netzwerk-universitaetsmedizin.de/fhir/StructureDefinition/covid-vaccination"/><groupingId value="-ex-example"/></resource><resource><extension url="http://hl7.org/fhir/StructureDefinition/implementationguide-page"><valueUri value="Condition-covid19-complication-instance.html"/></extension><reference><reference value="Condition/covid19-complication-instance"/></reference><name value="covid19-complication-instance"/><description value="Example of a covid19 complication"/><exampleCanonical value="https://www.netzwerk-universitaetsmedizin.de/fhir/StructureDefinition/covid19-complication-pediatrics"/><groupingId value="-ex-example"/></resource><resource><extension url="http://hl7.org/fhir/StructureDefinition/implementationguide-page"><valueUri value="Procedure-electrocardiographic-ecg-procedure-instance.html"/></extension><reference><reference value="Procedure/electrocardiographic-ecg-procedure-instance"/></reference><name value="Instance of ECG procedure"/><description value="Example of an ECG procedure instance"/><exampleCanonical value="https://www.netzwerk-universitaetsmedizin.de/fhir/StructureDefinition/electrocardiographic-ecg-procedure"/><groupingId value="-ex-example"/></resource><resource><extension url="http://hl7.org/fhir/StructureDefinition/implementationguide-page"><valueUri value="Condition-fungal-infection-instance.html"/></extension><reference><reference value="Condition/fungal-infection-instance"/></reference><name value="fungal-infection-instance"/><description value="Example of a fungal infection"/><exampleCanonical value="https://www.netzwerk-universitaetsmedizin.de/fhir/StructureDefinition/fungal-infection-pediatrics"/><groupingId value="-ex-example"/></resource><resource><extension url="http://hl7.org/fhir/StructureDefinition/implementationguide-page"><valueUri value="MedicationStatement-immunosuppresive-permanent-medication-instance.html"/></extension><reference><reference value="MedicationStatement/immunosuppresive-permanent-medication-instance"/></reference><name value="immunosuppresive-permanent-medication-instance"/><description value="Example of a Immunosuppresive Permanent Medication"/><exampleCanonical value="https://www.netzwerk-universitaetsmedizin.de/fhir/StructureDefinition/immunosuppresive-permanent-medication-pediatrics"/><groupingId value="-ex-example"/></resource><resource><extension url="http://hl7.org/fhir/StructureDefinition/implementationguide-page"><valueUri value="Observation-instance-body-mass-index-pediatrics.html"/></extension><reference><reference value="Observation/instance-body-mass-index-pediatrics"/></reference><name value="Instance of fhir resource body mass index in the context of pediatrics"/><description value="Example of body mass index"/><exampleCanonical value="https://www.netzwerk-universitaetsmedizin.de/fhir/StructureDefinition/observation-body-mass-index-pediatrics"/><groupingId value="-ex-example"/></resource><resource><extension url="http://hl7.org/fhir/StructureDefinition/implementationguide-page"><valueUri value="Condition-instance-gastrointestinal-diseases-pediatrics.html"/></extension><reference><reference value="Condition/instance-gastrointestinal-diseases-pediatrics"/></reference><name value="Instance of fhir resource sgastrointestinal-diseases in the context of pediatrics"/><description value="Example of a gastrointestinal disease"/><exampleCanonical value="https://www.netzwerk-universitaetsmedizin.de/fhir/StructureDefinition/gastrointestinal-diseases-pediatrics"/><groupingId value="-ex-example"/></resource><resource><extension url="http://hl7.org/fhir/StructureDefinition/implementationguide-page"><valueUri value="Condition-instance-gastrointestinal-diseases-pediatrics-icd10.html"/></extension><reference><reference value="Condition/instance-gastrointestinal-diseases-pediatrics-icd10"/></reference><name value="Instance of fhir resource sgastrointestinal-diseases in the context of pediatrics"/><description value="Example of a gastrointestinal disease"/><exampleCanonical value="https://www.netzwerk-universitaetsmedizin.de/fhir/StructureDefinition/gastrointestinal-diseases-pediatrics"/><groupingId value="-ex-example"/></resource><resource><extension url="http://hl7.org/fhir/StructureDefinition/implementationguide-page"><valueUri value="Observation-instance-head-circumference-pediatrics.html"/></extension><reference><reference value="Observation/instance-head-circumference-pediatrics"/></reference><name value="Instance of fhir resource head circumference in teh context of pediatrics"/><description value="Example of a head circumference"/><exampleCanonical value="https://www.netzwerk-universitaetsmedizin.de/fhir/StructureDefinition/observation-head-circumference-pediatrics"/><groupingId value="-ex-example"/></resource><resource><extension url="http://hl7.org/fhir/StructureDefinition/implementationguide-page"><valueUri value="Condition-instance-supportive-pharmacotherapy-pediatrics.html"/></extension><reference><reference value="Condition/instance-supportive-pharmacotherapy-pediatrics"/></reference><name value="Instance of fhir resource supportive pharmacotherapy in the context of pediatrics"/><description value="Example of a supportive pharmacotherapy"/><exampleCanonical value="https://www.netzwerk-universitaetsmedizin.de/fhir/StructureDefinition/supportive-pharmacotherapy-pediatrics"/><groupingId value="-ex-example"/></resource><resource><extension url="http://hl7.org/fhir/StructureDefinition/implementationguide-page"><valueUri value="Observation-intensive-care-treatment-duration-instance.html"/></extension><reference><reference value="Observation/intensive-care-treatment-duration-instance"/></reference><name value="intensive-care-treatment-duration-instance"/><description value="Example of an intensive care treatment duration"/><exampleCanonical value="https://www.netzwerk-universitaetsmedizin.de/fhir/StructureDefinition/intensive-care-treatment-duration-pediatrics"/><groupingId value="-ex-example"/></resource><resource><extension url="http://hl7.org/fhir/StructureDefinition/implementationguide-page"><valueUri value="Procedure-thoracic-drainage-instance.html"/></extension><reference><reference value="Procedure/thoracic-drainage-instance"/></reference><name value="thoracic-drainage-instance"/><description value="Example of a thoracic drainage"/><exampleCanonical value="https://www.netzwerk-universitaetsmedizin.de/fhir/StructureDefinition/thoracic-drainage-pediatrics"/><groupingId value="-ex-example"/></resource><resource><extension url="http://hl7.org/fhir/StructureDefinition/implementationguide-page"><valueUri value="Observation-total-length-of-stay-instance.html"/></extension><reference><reference value="Observation/total-length-of-stay-instance"/></reference><name value="total-length-of-stay-instance"/><description value="Example of an total length of stay"/><exampleCanonical value="https://www.netzwerk-universitaetsmedizin.de/fhir/StructureDefinition/total-length-of-stay-pediatrics"/><groupingId value="-ex-example"/></resource><page><nameUrl value="toc.html"/><title value="Table of Contents"/><generation value="html"/><page><nameUrl value="index.html"/><title value="Home"/><generation value="html"/></page><page><nameUrl value="about.html"/><title value="About"/><generation value="markdown"/></page><page><nameUrl value="background.html"/><title value="Background"/><generation value="html"/></page><page><nameUrl value="changes.html"/><title value="Changes"/><generation value="html"/></page><page><nameUrl value="downloads.html"/><title value="Downloads"/><generation value="html"/></page><page><nameUrl value="spec.html"/><title value="Spec"/><generation value="markdown"/></page><page><nameUrl value="artifacts.html"/><title value="Artifacts Summary"/><generation value="html"/><page><nameUrl value="StructureDefinition-additional-vaccination-willingness.html"/><title value="Additional Vaccination Willingness"/><generation value="generated"/></page><page><nameUrl value="StructureDefinition-allergic-reaction-to-vaccination.html"/><title value="Allergic Reaction To Vaccination"/><generation value="generated"/></page><page><nameUrl value="StructureDefinition-analgesic-antipyretic-intake-after-vaccination.html"/><title value="Analgesic Antipyretic Intake After Vaccination"/><generation value="generated"/></page><page><nameUrl value="StructureDefinition-observation-birth-height-pediatrics.html"/><title value="Birth Height"/><generation value="generated"/></page><page><nameUrl value="StructureDefinition-observation-body-mass-index-pediatrics.html"/><title value="Body Mass Index"/><generation value="generated"/></page><page><nameUrl value="StructureDefinition-body-temperature-after-vaccination.html"/><title value="Body Temperature After Vaccination"/><generation value="generated"/></page><page><nameUrl value="StructureDefinition-cardiology-imaging-procedure.html"/><title value="Cardiology Imaging Procedure"/><generation value="generated"/></page><page><nameUrl value="StructureDefinition-chemotherapy.html"/><title value="Chemotherapy"/><generation value="generated"/></page><page><nameUrl value="StructureDefinition-chronic-haematologic-diseases-pediatrics.html"/><title value="Chronic Haematologic Diseases"/><generation value="generated"/></page><page><nameUrl value="StructureDefinition-covid19-complication-pediatrics.html"/><title value="Covid19 complication"/><generation value="generated"/></page><page><nameUrl value="StructureDefinition-covid-vaccination.html"/><title value="CovidVaccination"/><generation value="generated"/></page><page><nameUrl value="StructureDefinition-electrocardiographic-ecg-procedure.html"/><title value="ECG procedure"/><generation value="generated"/></page><page><nameUrl value="StructureDefinition-fungal-infection-pediatrics.html"/><title value="Fungal Infection"/><generation value="generated"/></page><page><nameUrl value="StructureDefinition-gastrointestinal-diseases-pediatrics.html"/><title value="Gastrointestinal Diseases Pediatrics"/><generation value="generated"/></page><page><nameUrl value="StructureDefinition-general-complaints-after-vaccination.html"/><title value="General Complaints After Vaccination"/><generation value="generated"/></page><page><nameUrl value="StructureDefinition-observation-head-circumference-pediatrics.html"/><title value="Head circumference"/><generation value="generated"/></page><page><nameUrl value="StructureDefinition-imaging-procedures.html"/><title value="Imaging Procedures"/><generation value="generated"/></page><page><nameUrl value="StructureDefinition-imaging-procedure-cardiology.html"/><title value="Cardiology Imaging Procedure"/><generation value="generated"/></page><page><nameUrl value="StructureDefinition-immunosuppresive-permanent-medication-pediatrics.html"/><title value="Immunosuppresive Permanent Medication"/><generation value="generated"/></page><page><nameUrl value="StructureDefinition-immunosuppressive-therapy.html"/><title value="Immunosuppressive Therapy"/><generation value="generated"/></page><page><nameUrl value="StructureDefinition-infectious-complications-pediatrics.html"/><title value="Pediatry Infectious Complications"/><generation value="generated"/></page><page><nameUrl value="StructureDefinition-intensive-care-treatment-duration-pediatrics.html"/><title value="Intensive care treatment duration"/><generation value="generated"/></page><page><nameUrl value="StructureDefinition-medical-treatment-for-vaccination-adverse-reaction.html"/><title value="Medical Treatment For Vaccination Adverse Reaction"/><generation value="generated"/></page><page><nameUrl value="StructureDefinition-medical-treatment-reason.html"/><title value="Medical Treatment Reason"/><generation value="generated"/></page><page><nameUrl value="StructureDefinition-regular-alcohol-intake.html"/><title value="Regular Alcohol Intake"/><generation value="generated"/></page><page><nameUrl value="StructureDefinition-regular-alcohol-intake-quantity.html"/><title value="Regular Alcohol Intake Quantity"/><generation value="generated"/></page><page><nameUrl value="StructureDefinition-sars-cov2-infection-vaccination.html"/><title value="SARS CoV2 Infection"/><generation value="generated"/></page><page><nameUrl value="StructureDefinition-sars-cov2-infection-course-vaccination.html"/><title value="SARS CoV2 Infection Course"/><generation value="generated"/></page><page><nameUrl value="StructureDefinition-sars-cov2-variant.html"/><title value="SARS CoV2 Variant"/><generation value="generated"/></page><page><nameUrl value="StructureDefinition-supportive-pharmacotherapy-pediatrics.html"/><title value="Supportive Pharmacotherapy"/><generation value="generated"/></page><page><nameUrl value="StructureDefinition-thoracic-drainage-pediatrics.html"/><title value="Thoracic Drainge"/><generation value="generated"/></page><page><nameUrl value="StructureDefinition-total-length-of-stay-pediatrics.html"/><title value="Total length of stay"/><generation value="generated"/></page><page><nameUrl value="StructureDefinition-vaccination-injection-site-erythema.html"/><title value="Vaccination Injection Site Erythema"/><generation value="generated"/></page><page><nameUrl value="StructureDefinition-vaccination-injection-site-pain-movement.html"/><title value="Vaccination Injection Site Pain Movement"/><generation value="generated"/></page><page><nameUrl value="StructureDefinition-vaccination-injection-site-pain-rest.html"/><title value="Vaccination Injection Site Pain Rest"/><generation value="generated"/></page><page><nameUrl value="StructureDefinition-vaccination-injection-site-swelling.html"/><title value="Vaccination Injection Site Swelling"/><generation value="generated"/></page><page><nameUrl value="ValueSet-analgesics-antipyretics.html"/><title value="Analgesics Antipyretics"/><generation value="generated"/></page><page><nameUrl value="ValueSet-vs-antibiotic-therapy-procedure-pediatrics.html"/><title value="Antibiotic Therapy Procedure PediatricsVS"/><generation value="generated"/></page><page><nameUrl value="ValueSet-bacterial-infectious-complications-sct.html"/><title value="BacterialInfectiousDiseases"/><generation value="generated"/></page><page><nameUrl value="ValueSet-body-temperature.html"/><title value="Body Temperature"/><generation value="generated"/></page><page><nameUrl value="ValueSet-cardiology-diseases-codes.html"/><title value="ValueSet for Cardiology Module"/><generation value="generated"/></page><page><nameUrl value="ValueSet-cardiology-imaging-procedures.html"/><title value="Cardiology Imaging Procedures ValueSet"/><generation value="generated"/></page><page><nameUrl value="ValueSet-chronic-haematologic-diseases-pediatrics.html"/><title value="ChronicHaematologicDiseasesPediatricsVS"/><generation value="generated"/></page><page><nameUrl value="ValueSet-chronic-haematologic-diseases-pediatrics-icd.html"/><title value="ChronicHaematologicDiseasesPediatricsICD-VS"/><generation value="generated"/></page><page><nameUrl value="ValueSet-covid19-complications.html"/><title value="Covid19 complications"/><generation value="generated"/></page><page><nameUrl value="ValueSet-covid-vaccination-codes.html"/><title value="CovidVaccinationCodes"/><generation value="generated"/></page><page><nameUrl value="ValueSet-covid-vaccination-contraindications.html"/><title value="covid-vaccination-contraindications"/><generation value="generated"/></page><page><nameUrl value="ValueSet-covid-vaccination-reasons.html"/><title value="Covid Vaccination Reasons"/><generation value="generated"/></page><page><nameUrl value="ValueSet-detected-not-detected-unknown-undetermined.html"/><title value="Detected Not Detected Unknown Undetermined"/><generation value="generated"/></page><page><nameUrl value="ValueSet-drug-therapy-pediatrics.html"/><title value="ValueSetDrugTherapyPediatrics"/><generation value="generated"/></page><page><nameUrl value="ValueSet-ecg-expressions.html"/><title value="Cardiology ECG Expressions ValueSet"/><generation value="generated"/></page><page><nameUrl value="ValueSet-fungal-infections.html"/><title value="Fungal Infections"/><generation value="generated"/></page><page><nameUrl value="ValueSet-gastrointestinal-diseases-pediatrics.html"/><title value="VSGastrointestinal Diseases Pediatrics"/><generation value="generated"/></page><page><nameUrl value="ValueSet-gastrointestinal-diseases-pediatrics-icd.html"/><title value="Gastrointestinal Diseases Pediatrics ICD-VS"/><generation value="generated"/></page><page><nameUrl value="ValueSet-general-complaints-after-vaccination.html"/><title value="General Complaints After Vaccination"/><generation value="generated"/></page><page><nameUrl value="ValueSet-imaging-category-sct.html"/><title value="ImagingCategorySnomed"/><generation value="generated"/></page><page><nameUrl value="ValueSet-imaging-procedures-cardiology.html"/><title value="ImagingCodes"/><generation value="generated"/></page><page><nameUrl value="ValueSet-imaging-pediatrics.html"/><title value="ValueSetImagingPediatrics"/><generation value="generated"/></page><page><nameUrl value="ValueSet-immunosuppressive-permament-medications.html"/><title value="Immunosuppressive Permanent Medications"/><generation value="generated"/></page><page><nameUrl value="ValueSet-medical-treatment-for-vaccination-adverse-reaction.html"/><title value="Medical Treatment For Vaccination Adverse Reaction"/><generation value="generated"/></page><page><nameUrl value="ValueSet-medication-pediatrics.html"/><title value="ValueSetMedicationPediatrics"/><generation value="generated"/></page><page><nameUrl value="ValueSet-vs-non-pulmonary-bacterial-coinfection-pediatrics.html"/><title value="ValuesetNonPulmonaryBacterialCoinfectionPediatrics"/><generation value="generated"/></page><page><nameUrl value="ValueSet-pediatric-medication-codes.html"/><title value="ValueSet for Pediatric Module"/><generation value="generated"/></page><page><nameUrl value="ValueSet-pediatric-drug-therapy-codes.html"/><title value="ValueSet for Pediatric Module"/><generation value="generated"/></page><page><nameUrl value="ValueSet-pediatric-imaging-codes.html"/><title value="ValueSet for Pediatric Module"/><generation value="generated"/></page><page><nameUrl value="ValueSet-present-not-present-undetermined-other.html"/><title value="Present Not Present Undetermined Other"/><generation value="generated"/></page><page><nameUrl value="ValueSet-regular-alcohol-intake.html"/><title value="Regular Alcohol Intake"/><generation value="generated"/></page><page><nameUrl value="ValueSet-regular-alcohol-intake-quantity.html"/><title value="Regular Alcohol Intake Quantity"/><generation value="generated"/></page><page><nameUrl value="ValueSet-restricted-event-status.html"/><title value="RestrictedEventStatus"/><generation value="generated"/></page><page><nameUrl value="ValueSet-sars-cov2-infection-course.html"/><title value="SARS-CoV2 Infection Course"/><generation value="generated"/></page><page><nameUrl value="ValueSet-vs-supportive-pharmacotherapy-pediatrics.html"/><title value="ValuesetSupportivePharmacotherapy"/><generation value="generated"/></page><page><nameUrl value="ValueSet-syndromic-diseases-pediatrics.html"/><title value="Syndromic diseases Pediatrics"/><generation value="generated"/></page><page><nameUrl value="ValueSet-vaccination-injection-site-erythema-size.html"/><title value="Vaccination Injection Site Erythema Size"/><generation value="generated"/></page><page><nameUrl value="ValueSet-vaccination-injection-site-swelling-size.html"/><title value="Vaccination Injection Site Swelling Size"/><generation value="generated"/></page><page><nameUrl value="ValueSet-vaccination-pain-scale.html"/><title value="Vaccination pain scale"/><generation value="generated"/></page><page><nameUrl value="ValueSet-vaccine-type-covid-pediatrics.html"/><title value="ValueSetVaccineTypeCovidPediatrics"/><generation value="generated"/></page><page><nameUrl value="ValueSet-viral-infectious-complications-sct.html"/><title value="ViralInfectiousDiseases"/><generation value="generated"/></page><page><nameUrl value="ValueSet-yes-no-unknown.html"/><title value="Yes No Unknown"/><generation value="generated"/></page><page><nameUrl value="CodeSystem-napkon-immunosuppresive-medications.html"/><title value="Immunosuppresive medications (NAPKON pediatrics module)"/><generation value="generated"/></page><page><nameUrl value="CodeSystem-napkon-vaccination-module.html"/><title value="NapkonVaccinationModule"/><generation value="generated"/></page><page><nameUrl value="Observation-AdditionalVaccinationWillingness.html"/><title value="Additional Vaccination Willingness"/><generation value="generated"/></page><page><nameUrl value="Observation-AllergicReactionToVaccinationInstance.html"/><title value="Allergic Reaction To Vaccination Instance"/><generation value="generated"/></page><page><nameUrl value="Observation-AllergicReactionToVaccinationInstanceOther.html"/><title value="Allergic Reaction To Vaccination Instance"/><generation value="generated"/></page><page><nameUrl value="MedicationStatement-AnalgesicAntipyreticIntakeAfterVaccination.html"/><title value="Analgesic Antipyretic Intake After Vaccination"/><generation value="generated"/></page><page><nameUrl value="Observation-BodyTemperatureAfterVaccination.html"/><title value="Body Temperature After Vaccination"/><generation value="generated"/></page><page><nameUrl value="Procedure-Chemotherapy.html"/><title value="Chemotherapy"/><generation value="generated"/></page><page><nameUrl value="Patient-ExamplePatient.html"/><title value="ExamplePatient"/><generation value="generated"/></page><page><nameUrl value="Condition-GeneralComplaintsAfterVaccination.html"/><title value="General Complaints After Vaccination"/><generation value="generated"/></page><page><nameUrl value="Procedure-ImmunosuppressiveTherapy.html"/><title value="Immunosuppressive Therapy"/><generation value="generated"/></page><page><nameUrl value="Condition-InfectionsComplicationPediatrics.html"/><title value="InfectionsComplicationPediatrics"/><generation value="generated"/></page><page><nameUrl value="Observation-MedicalTreatmentForVaccinationAdverseReaction.html"/><title value="Medical Treatment For Vaccination Adverse Reaction"/><generation value="generated"/></page><page><nameUrl value="Observation-MedicalTreatmentReason.html"/><title value="Medical Treatment Reason"/><generation value="generated"/></page><page><nameUrl value="Observation-RegularAlcoholIntake.html"/><title value="Regular Alcohol Intake"/><generation value="generated"/></page><page><nameUrl value="Observation-RegularAlcoholIntakeQuantity.html"/><title value="Regular Alcohol Intake Quantity"/><generation value="generated"/></page><page><nameUrl value="Observation-SARSCoV2Infection.html"/><title value="SARS CoV2 Infection"/><generation value="generated"/></page><page><nameUrl value="Observation-SARSCoV2InfectionCourseInstance.html"/><title value="SARS CoV2 Infection Course Instance"/><generation value="generated"/></page><page><nameUrl value="Observation-SARSCoV2Variant.html"/><title value="SARS CoV2 Variant"/><generation value="generated"/></page><page><nameUrl value="Observation-VaccinationInjectionSiteErythema.html"/><title value="Vaccination Injection Site Erythema"/><generation value="generated"/></page><page><nameUrl value="Observation-VaccinationInjectionSitePainMovement.html"/><title value="Vaccination Injection Site Pain Movement Instance"/><generation value="generated"/></page><page><nameUrl value="Observation-VaccinationInjectionSitePainRest.html"/><title value="Vaccination Injection Site Pain Rest// alcoholic beverage intake"/><generation value="generated"/></page><page><nameUrl value="Observation-VaccinationInjectionSiteSwelling.html"/><title value="Vaccination Injection Site Swelling Instance"/><generation value="generated"/></page><page><nameUrl value="Immunization-covid-vaccination-instance-done.html"/><title value="covid-vaccination-instance"/><generation value="generated"/></page><page><nameUrl value="Immunization-covid-vaccination-instance-not-done.html"/><title value="covid-vaccination-instance"/><generation value="generated"/></page><page><nameUrl value="Immunization-covid-vaccination-instance-not-done-reason-other.html"/><title value="covid-vaccination-instance"/><generation value="generated"/></page><page><nameUrl value="Condition-covid19-complication-instance.html"/><title value="covid19-complication-instance"/><generation value="generated"/></page><page><nameUrl value="Procedure-electrocardiographic-ecg-procedure-instance.html"/><title value="Instance of ECG procedure"/><generation value="generated"/></page><page><nameUrl value="Condition-fungal-infection-instance.html"/><title value="fungal-infection-instance"/><generation value="generated"/></page><page><nameUrl value="MedicationStatement-immunosuppresive-permanent-medication-instance.html"/><title value="immunosuppresive-permanent-medication-instance"/><generation value="generated"/></page><page><nameUrl value="Observation-instance-body-mass-index-pediatrics.html"/><title value="Instance of fhir resource body mass index in the context of pediatrics"/><generation value="generated"/></page><page><nameUrl value="Condition-instance-gastrointestinal-diseases-pediatrics.html"/><title value="Instance of fhir resource sgastrointestinal-diseases in the context of pediatrics"/><generation value="generated"/></page><page><nameUrl value="Condition-instance-gastrointestinal-diseases-pediatrics-icd10.html"/><title value="Instance of fhir resource sgastrointestinal-diseases in the context of pediatrics"/><generation value="generated"/></page><page><nameUrl value="Observation-instance-head-circumference-pediatrics.html"/><title value="Instance of fhir resource head circumference in teh context of pediatrics"/><generation value="generated"/></page><page><nameUrl value="Condition-instance-supportive-pharmacotherapy-pediatrics.html"/><title value="Instance of fhir resource supportive pharmacotherapy in the context of pediatrics"/><generation value="generated"/></page><page><nameUrl value="Observation-intensive-care-treatment-duration-instance.html"/><title value="intensive-care-treatment-duration-instance"/><generation value="generated"/></page><page><nameUrl value="Procedure-thoracic-drainage-instance.html"/><title value="thoracic-drainage-instance"/><generation value="generated"/></page><page><nameUrl value="Observation-total-length-of-stay-instance.html"/><title value="total-length-of-stay-instance"/><generation value="generated"/></page></page></page><parameter><code value="path-resource"/><value value="input/capabilities"/></parameter><parameter><code value="path-resource"/><value value="input/examples"/></parameter><parameter><code value="path-resource"/><value value="input/extensions"/></parameter><parameter><code value="path-resource"/><value value="input/models"/></parameter><parameter><code value="path-resource"/><value value="input/operations"/></parameter><parameter><code value="path-resource"/><value value="input/profiles"/></parameter><parameter><code value="path-resource"/><value value="input/resources"/></parameter><parameter><code value="path-resource"/><value value="input/vocabulary"/></parameter><parameter><code value="path-resource"/><value value="input/maps"/></parameter><parameter><code value="path-resource"/><value value="input/testing"/></parameter><parameter><code value="path-resource"/><value value="input/history"/></parameter><parameter><code value="path-resource"/><value value="fsh-generated/resources"/></parameter><parameter><code value="path-pages"/><value value="template/config"/></parameter><parameter><code value="path-pages"/><value value="input/images"/></parameter><parameter><code value="path-tx-cache"/><value value="input-cache/txcache"/></parameter></definition></ImplementationGuide>