<?xml version="1.0" encoding="UTF-8"?><ValueSet xmlns="http://hl7.org/fhir"><id value="ecg-expressions"/><text><status value="generated"/><div xmlns="http://www.w3.org/1999/xhtml"><p>This value set includes codes based on the following rules:</p><ul><li>Include these codes as defined in <a href="http://www.snomed.org/"><code>http://snomed.info/sct</code></a><table class="none"><tr><td style="white-space:nowrap"><b>Code</b></td><td><b>Display</b></td></tr><tr><td><a href="http://browser.ihtsdotools.org/?perspective=full&amp;conceptId1=251150006">251150006</a></td><td>Sinus rhythm (finding)</td></tr><tr><td><a href="http://browser.ihtsdotools.org/?perspective=full&amp;conceptId1=426783006">426783006</a></td><td>Electrocardiogram: sinus rhythm (finding)</td></tr><tr><td><a href="http://browser.ihtsdotools.org/?perspective=full&amp;conceptId1=59931005">59931005</a></td><td>Inverted T wave (finding)</td></tr><tr><td><a href="http://browser.ihtsdotools.org/?perspective=full&amp;conceptId1=251146004">251146004</a></td><td>Low QRS voltages (finding)</td></tr><tr><td><a href="http://browser.ihtsdotools.org/?perspective=full&amp;conceptId1=17338001">17338001</a></td><td>Ventricular premature beats (disorder)</td></tr><tr><td><a href="http://browser.ihtsdotools.org/?perspective=full&amp;conceptId1=63593006">63593006</a></td><td>Supraventricular premature beats (disorder)</td></tr><tr><td><a href="http://browser.ihtsdotools.org/?perspective=full&amp;conceptId1=233917008">233917008</a></td><td>Atrioventricular block (disorder)</td></tr><tr><td><a href="http://browser.ihtsdotools.org/?perspective=full&amp;conceptId1=6374002">6374002</a></td><td>Bundle branch block (disorder)</td></tr><tr><td><a href="http://browser.ihtsdotools.org/?perspective=full&amp;conceptId1=840643003">840643003</a></td><td>Date of last examination (observable entity)</td></tr><tr><td><a href="http://browser.ihtsdotools.org/?perspective=full&amp;conceptId1=439272007">439272007</a></td><td>Date of procedure (observable entity)</td></tr><tr><td><a href="http://browser.ihtsdotools.org/?perspective=full&amp;conceptId1=432213005">432213005</a></td><td>Date of diagnosis (observable entity)</td></tr><tr><td><a href="http://browser.ihtsdotools.org/?perspective=full&amp;conceptId1=364075005">364075005</a></td><td>Heart rate (observable entity)</td></tr><tr><td><a href="http://browser.ihtsdotools.org/?perspective=full&amp;conceptId1=251196003">251196003</a></td><td>QRS Axis (observable entity)</td></tr><tr><td><a href="http://browser.ihtsdotools.org/?perspective=full&amp;conceptId1=251208001">251208001</a></td><td>QRS complex duration (observable entity)</td></tr><tr><td><a href="http://browser.ihtsdotools.org/?perspective=full&amp;conceptId1=3030002">3030002</a></td><td>ST segment (observable entity)</td></tr><tr><td><a href="http://browser.ihtsdotools.org/?perspective=full&amp;conceptId1=301117000">301117000</a></td><td>QT interval duration (observable entity)</td></tr></table></li><li>Include codes from <a href="http://www.snomed.org/"><code>http://snomed.info/sct</code></a> where concept  descends from  71388002 (Procedure)</li></ul></div></text><url value="https://www.netzwerk-universitaetsmedizin.de/fhir/ValueSet/EcgCodes"/><version value="0.1.0"/><name value="ECGExpressions"/><title value="Cardiology ECG Expressions ValueSet"/><status value="draft"/><date value="2021-10-01"/><publisher value="BIH @ Charité"/><contact><name value="BIH @ Charité"/><telecom><system value="url"/><value value="https://www.netzwerk-universitaetsmedizin.de"/></telecom></contact><description value="ValueSet for ECG expressions such as findings, disorders, observable entities etc."/><compose><include><system value="http://snomed.info/sct"/><concept><code value="251150006"/><display value="Sinus rhythm (finding)"/></concept><concept><code value="426783006"/><display value="Electrocardiogram: sinus rhythm (finding)"/></concept><concept><code value="59931005"/><display value="Inverted T wave (finding)"/></concept><concept><code value="251146004"/><display value="Low QRS voltages (finding)"/></concept><concept><code value="17338001"/><display value="Ventricular premature beats (disorder)"/></concept><concept><code value="63593006"/><display value="Supraventricular premature beats (disorder)"/></concept><concept><code value="233917008"/><display value="Atrioventricular block (disorder)"/></concept><concept><code value="6374002"/><display value="Bundle branch block (disorder)"/></concept><concept><code value="840643003"/><display value="Date of last examination (observable entity)"/></concept><concept><code value="439272007"/><display value="Date of procedure (observable entity)"/></concept><concept><code value="432213005"/><display value="Date of diagnosis (observable entity)"/></concept><concept><code value="364075005"/><display value="Heart rate (observable entity)"/></concept><concept><code value="251196003"/><display value="QRS Axis (observable entity)"/></concept><concept><code value="251208001"/><display value="QRS complex duration (observable entity)"/></concept><concept><code value="3030002"/><display value="ST segment (observable entity)"/></concept><concept><code value="301117000"/><display value="QT interval duration (observable entity)"/></concept></include><include><system value="http://snomed.info/sct"/><filter><property value="concept"/><op value="descendent-of"/><value value="71388002"/></filter></include></compose></ValueSet>