<?xml version="1.0" encoding="UTF-8"?><ValueSet xmlns="http://hl7.org/fhir"><id value="imaging-category-sct"/><text><status value="generated"/><div xmlns="http://www.w3.org/1999/xhtml"><ul><li>Include these codes as defined in <a href="http://www.snomed.org/"><code>http://snomed.info/sct</code></a><table class="none"><tr><td style="white-space:nowrap"><b>Code</b></td><td><b>Display</b></td></tr><tr><td><a href="http://browser.ihtsdotools.org/?perspective=full&amp;conceptId1=118797008">118797008</a></td><td> Procedure on heart (procedure)</td></tr></table></li></ul></div></text><url value="https://www.netzwerk-universitaetsmedizin.de/fhir/ValueSet/imaging-category-sct"/><version value="0.1.0"/><name value="ImagingCategorySnomed"/><status value="draft"/><date value="2021-05-28"/><publisher value="BIH @ Charité"/><contact><name value="BIH @ Charité"/><telecom><system value="url"/><value value="https://www.netzwerk-universitaetsmedizin.de"/></telecom></contact><compose><include><system value="http://snomed.info/sct"/><concept><code value="118797008"/><display value=" Procedure on heart (procedure)"/></concept></include></compose></ValueSet>