<?xml version="1.0" encoding="UTF-8"?><ValueSet xmlns="http://hl7.org/fhir"><id value="general-complaints-after-vaccination"/><text><status value="generated"/><div xmlns="http://www.w3.org/1999/xhtml"><p>This value set includes codes based on the following rules:</p><ul><li>Include these codes as defined in <a href="http://www.snomed.org/"><code>http://snomed.info/sct</code></a> version <code>http://snomed.info/sct/900000000000207008/version/20210731</code><table class="none"><tr><td style="white-space:nowrap"><b>Code</b></td><td><b>Display</b></td></tr><tr><td><a href="http://browser.ihtsdotools.org/?perspective=full&amp;conceptId1=260413007">260413007</a></td><td>None (qualifier value)</td></tr><tr><td><a href="http://browser.ihtsdotools.org/?perspective=full&amp;conceptId1=386661006">386661006</a></td><td>Fever (finding)</td></tr><tr><td><a href="http://browser.ihtsdotools.org/?perspective=full&amp;conceptId1=43724002">43724002</a></td><td>Chill (finding)</td></tr><tr><td><a href="http://browser.ihtsdotools.org/?perspective=full&amp;conceptId1=103001002">103001002</a></td><td>Feeling feverish (finding)</td></tr><tr><td><a href="http://browser.ihtsdotools.org/?perspective=full&amp;conceptId1=60119000">60119000</a></td><td>Exhaustion (finding)</td></tr><tr><td><a href="http://browser.ihtsdotools.org/?perspective=full&amp;conceptId1=84229001">84229001</a></td><td>Fatigue (finding)</td></tr><tr><td><a href="http://browser.ihtsdotools.org/?perspective=full&amp;conceptId1=68962001">68962001</a></td><td>Muscle pain (finding)</td></tr><tr><td><a href="http://browser.ihtsdotools.org/?perspective=full&amp;conceptId1=57676002">57676002</a></td><td>Joint pain (finding)</td></tr><tr><td><a href="http://browser.ihtsdotools.org/?perspective=full&amp;conceptId1=230145002">230145002</a></td><td>Difficulty breathing (finding)</td></tr><tr><td><a href="http://browser.ihtsdotools.org/?perspective=full&amp;conceptId1=267036007">267036007</a></td><td>Dyspnea (finding)</td></tr><tr><td><a href="http://browser.ihtsdotools.org/?perspective=full&amp;conceptId1=422587007">422587007</a></td><td>Nausea (finding)</td></tr><tr><td><a href="http://browser.ihtsdotools.org/?perspective=full&amp;conceptId1=249497008">249497008</a></td><td>Vomiting symptom (finding)</td></tr><tr><td><a href="http://browser.ihtsdotools.org/?perspective=full&amp;conceptId1=62315008">62315008</a></td><td>Diarrhea (finding)</td></tr><tr><td><a href="http://browser.ihtsdotools.org/?perspective=full&amp;conceptId1=398032003">398032003</a></td><td>Loose stool (finding)</td></tr></table></li><li>Include these codes as defined in <a href="CodeSystem-napkon-vaccination-module.html"><code>https://www.netzwerk-universitaetsmedizin.de/fhir/CodeSystem/napkon-vaccination-module</code></a><table class="none"><tr><td style="white-space:nowrap"><b>Code</b></td><td><b>Display</b></td></tr><tr><td><a href="CodeSystem-napkon-vaccination-module.html#napkon-vaccination-module-10001">10001</a></td><td>Fieber und/oder Schüttelfrost (inkl. sich fiebrig fühlen)</td></tr><tr><td><a href="CodeSystem-napkon-vaccination-module.html#napkon-vaccination-module-10002">10002</a></td><td>Abgeschlagenheit und/oder vermehrte Müdigkeit</td></tr><tr><td><a href="CodeSystem-napkon-vaccination-module.html#napkon-vaccination-module-10003">10003</a></td><td>Neu aufgetretene oder Verstärkung vorbestehender Muskelschmerzen</td></tr><tr><td><a href="CodeSystem-napkon-vaccination-module.html#napkon-vaccination-module-10004">10004</a></td><td>Neu aufgetretene oder Verstärkung vorbestehender Gelenkschmerzen</td></tr><tr><td><a href="CodeSystem-napkon-vaccination-module.html#napkon-vaccination-module-10005">10005</a></td><td>Schwierigkeiten beim Atmen und/oder Luftnot</td></tr><tr><td><a href="CodeSystem-napkon-vaccination-module.html#napkon-vaccination-module-10006">10006</a></td><td>Übelkeit und/oder Erbrechen</td></tr><tr><td><a href="CodeSystem-napkon-vaccination-module.html#napkon-vaccination-module-10007">10007</a></td><td>Durchfall und/oder dünnerer Stuhl</td></tr><tr><td><a href="CodeSystem-napkon-vaccination-module.html#napkon-vaccination-module-10008">10008</a></td><td>Abgeschlagenheit und/oder vermehrte Müdigkeit</td></tr></table></li></ul></div></text><url value="https://www.netzwerk-universitaetsmedizin.de/fhir/ValueSet/general-complaints-after-vaccination"/><version value="0.1.0"/><name value="GeneralComplaintsAfterVaccination"/><title value="General Complaints After Vaccination"/><status value="active"/><date value="2021-10-19T21:05:56+00:00"/><publisher value="BIH @ Charité"/><contact><name value="BIH @ Charité"/><telecom><system value="url"/><value value="https://www.netzwerk-universitaetsmedizin.de"/></telecom></contact><description value="General complaints after vaccination"/><compose><include><system value="http://snomed.info/sct"/><version value="http://snomed.info/sct/900000000000207008/version/20210731"/><concept><code value="260413007"/><display value="None (qualifier value)"/></concept><concept><code value="386661006"/><display value="Fever (finding)"/></concept><concept><code value="43724002"/><display value="Chill (finding)"/></concept><concept><code value="103001002"/><display value="Feeling feverish (finding)"/></concept><concept><code value="60119000"/><display value="Exhaustion (finding)"/></concept><concept><code value="84229001"/><display value="Fatigue (finding)"/></concept><concept><code value="68962001"/><display value="Muscle pain (finding)"/></concept><concept><code value="57676002"/><display value="Joint pain (finding)"/></concept><concept><code value="230145002"/><display value="Difficulty breathing (finding)"/></concept><concept><code value="267036007"/><display value="Dyspnea (finding)"/></concept><concept><code value="422587007"/><display value="Nausea (finding)"/></concept><concept><code value="249497008"/><display value="Vomiting symptom (finding)"/></concept><concept><code value="62315008"/><display value="Diarrhea (finding)"/></concept><concept><code value="398032003"/><display value="Loose stool (finding)"/></concept></include><include><system value="https://www.netzwerk-universitaetsmedizin.de/fhir/CodeSystem/napkon-vaccination-module"/><concept><code value="10001"/><display value="Fieber und/oder Schüttelfrost (inkl. sich fiebrig fühlen)"/></concept><concept><code value="10002"/><display value="Abgeschlagenheit und/oder vermehrte Müdigkeit"/></concept><concept><code value="10003"/><display value="Neu aufgetretene oder Verstärkung vorbestehender Muskelschmerzen"/></concept><concept><code value="10004"/><display value="Neu aufgetretene oder Verstärkung vorbestehender Gelenkschmerzen"/></concept><concept><code value="10005"/><display value="Schwierigkeiten beim Atmen und/oder Luftnot"/></concept><concept><code value="10006"/><display value="Übelkeit und/oder Erbrechen"/></concept><concept><code value="10007"/><display value="Durchfall und/oder dünnerer Stuhl"/></concept><concept><code value="10008"/><display value="Abgeschlagenheit und/oder vermehrte Müdigkeit"/></concept></include></compose></ValueSet>