<?xml version="1.0" encoding="UTF-8"?><ValueSet xmlns="http://hl7.org/fhir"><id value="syndromic-diseases-pediatrics"/><text><status value="generated"/><div xmlns="http://www.w3.org/1999/xhtml"><p>This value set includes codes based on the following rules:</p><ul/></div></text><url value="https://www.netzwerk-universitaetsmedizin.de/fhir/ValueSet/syndromic-diseases-pediatrics"/><version value="0.1.0"/><name value="SyndromicDiseasesPediatrics"/><title value="Syndromic diseases Pediatrics"/><status value="draft"/><date value="2021-05-28"/><publisher value="BIH @ Charité"/><contact><name value="BIH @ Charité"/><telecom><system value="url"/><value value="https://www.netzwerk-universitaetsmedizin.de"/></telecom></contact><description value="Syndromic diseases in the context of Covid-19 and Pediatrics"/></ValueSet>