<?xml version="1.0" encoding="UTF-8"?><ValueSet xmlns="http://hl7.org/fhir"><id value="covid-vaccination-reasons"/><text><status value="generated"/><div xmlns="http://www.w3.org/1999/xhtml"><p>This value set includes codes based on the following rules:</p><ul><li>Include these codes as defined in <a href="CodeSystem-napkon-vaccination-module.html"><code>https://www.netzwerk-universitaetsmedizin.de/fhir/CodeSystem/napkon-vaccination-module</code></a><table class="none"><tr><td style="white-space:nowrap"><b>Code</b></td><td><b>Display</b></td></tr><tr><td><a href="CodeSystem-napkon-vaccination-module.html#napkon-vaccination-module-2001">2001</a></td><td>Um mich vor einer Infektion mit SARS-CoV-2 bzw. vor COVID-19 zu schützen</td></tr><tr><td><a href="CodeSystem-napkon-vaccination-module.html#napkon-vaccination-module-2002">2002</a></td><td>Um mein privates Umfeld vor einer Infektion mit SARS-CoV-2 bzw. COVID-19 zu schützen</td></tr><tr><td><a href="CodeSystem-napkon-vaccination-module.html#napkon-vaccination-module-2003">2003</a></td><td>Um mein Arbetsfeld vor einer Infektion mit SARS-CoV-2 bzw. COVID-19 zu schützen</td></tr><tr><td><a href="CodeSystem-napkon-vaccination-module.html#napkon-vaccination-module-2004">2004</a></td><td>Weil alle sich impfen lassen</td></tr><tr><td><a href="CodeSystem-napkon-vaccination-module.html#napkon-vaccination-module-2005">2005</a></td><td>Weil ich befürchte aufgrund meines Impfstatus&#39; benachteiligt zu werden (z.B. Reiseverbot, Arbeitsverbot)</td></tr></table></li><li>Include these codes as defined in <a href="http://www.snomed.org/"><code>http://snomed.info/sct</code></a> version <code>http://snomed.info/sct/900000000000207008/version/20210731</code><table class="none"><tr><td style="white-space:nowrap"><b>Code</b></td><td><b>Display</b></td></tr><tr><td><a href="http://browser.ihtsdotools.org/?perspective=full&amp;conceptId1=74964007">74964007</a></td><td>Other (qualifier value)</td></tr><tr><td><a href="http://browser.ihtsdotools.org/?perspective=full&amp;conceptId1=385432009">385432009</a></td><td>Not applicable (qualifier value)</td></tr></table></li></ul></div></text><url value="https://www.netzwerk-universitaetsmedizin.de/fhir/ValueSet/covid-vaccination-reasons"/><version value="0.1.0"/><name value="CovidVaccinationReasons"/><title value="Covid Vaccination Reasons"/><status value="active"/><date value="2021-10-19T15:41:32+00:00"/><publisher value="BIH @ Charité"/><contact><name value="BIH @ Charité"/><telecom><system value="url"/><value value="https://www.netzwerk-universitaetsmedizin.de"/></telecom></contact><description value="Individual reason for getting vaccinated against COVID-19"/><compose><include><system value="https://www.netzwerk-universitaetsmedizin.de/fhir/CodeSystem/napkon-vaccination-module"/><concept><code value="2001"/><display value="Um mich vor einer Infektion mit SARS-CoV-2 bzw. vor COVID-19 zu schützen"/></concept><concept><code value="2002"/><display value="Um mein privates Umfeld vor einer Infektion mit SARS-CoV-2 bzw. COVID-19 zu schützen"/></concept><concept><code value="2003"/><display value="Um mein Arbetsfeld vor einer Infektion mit SARS-CoV-2 bzw. COVID-19 zu schützen"/></concept><concept><code value="2004"/><display value="Weil alle sich impfen lassen"/></concept><concept><code value="2005"/><display value="Weil ich befürchte aufgrund meines Impfstatus&#39; benachteiligt zu werden (z.B. Reiseverbot, Arbeitsverbot)"/></concept></include><include><system value="http://snomed.info/sct"/><version value="http://snomed.info/sct/900000000000207008/version/20210731"/><concept><code value="74964007"/><display value="Other (qualifier value)"/></concept><concept><code value="385432009"/><display value="Not applicable (qualifier value)"/></concept></include></compose></ValueSet>