<?xml version="1.0" encoding="UTF-8"?><ValueSet xmlns="http://hl7.org/fhir"><id value="fungal-infections"/><text><status value="generated"/><div xmlns="http://www.w3.org/1999/xhtml"><ul><li>Include these codes as defined in <a href="http://www.snomed.org/"><code>http://snomed.info/sct</code></a><table class="none"><tr><td style="white-space:nowrap"><b>Code</b></td><td><b>Display</b></td></tr><tr><td><a href="http://browser.ihtsdotools.org/?perspective=full&amp;conceptId1=83062006">83062006</a></td><td>Infection caused by Candida albicans (disorder)</td></tr><tr><td><a href="http://browser.ihtsdotools.org/?perspective=full&amp;conceptId1=65553006">65553006</a></td><td>Aspergillosis (disorder)</td></tr><tr><td><a href="http://browser.ihtsdotools.org/?perspective=full&amp;conceptId1=74964007">74964007</a></td><td>Other (qualifier value)</td></tr></table></li></ul></div></text><url value="https://www.netzwerk-universitaetsmedizin.de/fhir/ValueSet/fungal-infections"/><version value="0.1.0"/><name value="FungalInfections"/><title value="Fungal Infections"/><status value="draft"/><date value="2020-10-05"/><publisher value="BIH @ Charité"/><contact><name value="BIH @ Charité"/><telecom><system value="url"/><value value="https://www.netzwerk-universitaetsmedizin.de"/></telecom></contact><description value="Value set of fungal infections"/><compose><include><system value="http://snomed.info/sct"/><concept><code value="83062006"/><display value="Infection caused by Candida albicans (disorder)"/></concept><concept><code value="65553006"/><display value="Aspergillosis (disorder)"/></concept><concept><code value="74964007"/><display value="Other (qualifier value)"/></concept></include></compose></ValueSet>