<?xml version="1.0" encoding="UTF-8"?><ValueSet xmlns="http://hl7.org/fhir"><id value="general-complaints-after-vaccination"/><text><status value="generated"/><div xmlns="http://www.w3.org/1999/xhtml"><p>This value set includes codes based on the following rules:</p><ul><li>Include these codes as defined in <a href="http://www.snomed.org/"><code>http://snomed.info/sct</code></a><table class="none"><tr><td style="white-space:nowrap"><b>Code</b></td><td><b>Display</b></td></tr><tr><td><a href="http://browser.ihtsdotools.org/?perspective=full&amp;conceptId1=260413007">260413007</a></td><td>None (qualifier value)</td></tr></table></li><li>Include these codes as defined in <a href="CodeSystem-napkon-vaccination-module.html"><code>https://www.netzwerk-universitaetsmedizin.de/fhir/CodeSystem/napkon-vaccination-module</code></a><table class="none"><tr><td style="white-space:nowrap"><b>Code</b></td><td><b>Display</b></td></tr><tr><td><a href="CodeSystem-napkon-vaccination-module.html#napkon-vaccination-module-10001">10001</a></td><td>Fieber und/oder Schüttelfrost (inkl. Sich fiebrig fühlen)</td></tr><tr><td><a href="CodeSystem-napkon-vaccination-module.html#napkon-vaccination-module-10002">10002</a></td><td>Abgeschlagenheit und/oder vermehrte Müdigkeit</td></tr><tr><td><a href="CodeSystem-napkon-vaccination-module.html#napkon-vaccination-module-10003">10003</a></td><td>Neu aufgetretene oder Verstärkung vorbestehender Muskelschmerzen</td></tr><tr><td><a href="CodeSystem-napkon-vaccination-module.html#napkon-vaccination-module-10004">10004</a></td><td>Neu aufgetretene oder Verstärkung vorbestehender Gelenkschmerzen</td></tr><tr><td><a href="CodeSystem-napkon-vaccination-module.html#napkon-vaccination-module-10005">10005</a></td><td>Schwierigkeiten beim Atmen und/oder Luftnot</td></tr><tr><td><a href="CodeSystem-napkon-vaccination-module.html#napkon-vaccination-module-10006">10006</a></td><td>Übelkeit und/oder Erbrechen</td></tr><tr><td><a href="CodeSystem-napkon-vaccination-module.html#napkon-vaccination-module-10007">10007</a></td><td>Durchfall und/oder dünnerer Stuhl</td></tr><tr><td><a href="CodeSystem-napkon-vaccination-module.html#napkon-vaccination-module-10008">10008</a></td><td>Abgeschlagenheit und/oder vermehrte Müdigkeit</td></tr></table></li></ul></div></text><url value="https://www.netzwerk-universitaetsmedizin.de/fhir/ValueSet/general-complaints-after-vaccination"/><version value="0.1.0"/><name value="GeneralComplaintsAfterVaccination"/><title value="General Complaints After Vaccination"/><status value="active"/><date value="2021-10-12T18:03:57+00:00"/><publisher value="BIH @ Charité"/><contact><name value="BIH @ Charité"/><telecom><system value="url"/><value value="https://www.netzwerk-universitaetsmedizin.de"/></telecom></contact><description value="General complaints after vaccination"/><compose><include><system value="http://snomed.info/sct"/><concept><code value="260413007"/><display value="None (qualifier value)"/></concept></include><include><system value="https://www.netzwerk-universitaetsmedizin.de/fhir/CodeSystem/napkon-vaccination-module"/><concept><code value="10001"/><display value="Fieber und/oder Schüttelfrost (inkl. Sich fiebrig fühlen)"/></concept><concept><code value="10002"/><display value="Abgeschlagenheit und/oder vermehrte Müdigkeit"/></concept><concept><code value="10003"/><display value="Neu aufgetretene oder Verstärkung vorbestehender Muskelschmerzen"/></concept><concept><code value="10004"/><display value="Neu aufgetretene oder Verstärkung vorbestehender Gelenkschmerzen"/></concept><concept><code value="10005"/><display value="Schwierigkeiten beim Atmen und/oder Luftnot"/></concept><concept><code value="10006"/><display value="Übelkeit und/oder Erbrechen"/></concept><concept><code value="10007"/><display value="Durchfall und/oder dünnerer Stuhl"/></concept><concept><code value="10008"/><display value="Abgeschlagenheit und/oder vermehrte Müdigkeit"/></concept></include></compose></ValueSet>