<?xml version="1.0" encoding="UTF-8"?><ValueSet xmlns="http://hl7.org/fhir"><id value="covid-vaccination-contraindications"/><text><status value="generated"/><div xmlns="http://www.w3.org/1999/xhtml"><ul><li>Include these codes as defined in <a href="http://www.snomed.org/"><code>http://snomed.info/sct</code></a> version <code>http://snomed.info/sct/900000000000207008/version/20210731</code><table class="none"><tr><td style="white-space:nowrap"><b>Code</b></td><td><b>Display</b></td></tr><tr><td><a href="http://browser.ihtsdotools.org/?perspective=full&amp;conceptId1=863903001">863903001</a></td><td>Allergy to component of vaccine product (finding)</td></tr><tr><td><a href="http://browser.ihtsdotools.org/?perspective=full&amp;conceptId1=77386006">77386006</a></td><td>Pregnant (finding)</td></tr><tr><td><a href="http://browser.ihtsdotools.org/?perspective=full&amp;conceptId1=74964007">74964007</a></td><td>Other (qualifier value)</td></tr></table></li></ul></div></text><url value="https://www.netzwerk-universitaetsmedizin.de/fhir/ValueSet/covid-vaccination-contraindications"/><version value="0.1.0"/><name value="CovidVaccinationContraindications"/><title value="covid-vaccination-contraindications"/><status value="active"/><date value="2021-10-19T21:09:33+00:00"/><publisher value="BIH @ Charité"/><contact><name value="BIH @ Charité"/><telecom><system value="url"/><value value="https://www.netzwerk-universitaetsmedizin.de"/></telecom></contact><description value="Contraindications precluding COVID-19 vaccination"/><compose><include><system value="http://snomed.info/sct"/><version value="http://snomed.info/sct/900000000000207008/version/20210731"/><concept><code value="863903001"/><display value="Allergy to component of vaccine product (finding)"/></concept><concept><code value="77386006"/><display value="Pregnant (finding)"/></concept><concept><code value="74964007"/><display value="Other (qualifier value)"/></concept></include></compose></ValueSet>