<?xml version="1.0" encoding="UTF-8"?><ValueSet xmlns="http://hl7.org/fhir"><id value="chronic-haematologic-diseases-pediatrics"/><text><status value="generated"/><div xmlns="http://www.w3.org/1999/xhtml"><ul><li>Include codes from <a href="http://www.snomed.org/"><code>http://snomed.info/sct</code></a> where concept  is-a  394803006 (Clinical hematology)</li></ul></div></text><url value="https://www.netzwerk-universitaetsmedizin.de/fhir/ValueSet/chronic-haematologic-diseases-pediatrics"/><version value="0.1.0"/><name value="ChronicHaematologicDiseasesPediatrics"/><title value="ChronicHaematologicDiseasesPediatricsVS"/><status value="draft"/><date value="2021-08-04"/><publisher value="BIH @ Charité"/><contact><name value="BIH @ Charité"/><telecom><system value="url"/><value value="https://www.netzwerk-universitaetsmedizin.de"/></telecom></contact><description value="Chronic haematologic diseases the context of pediatrics and Covid-19"/><compose><include><system value="http://snomed.info/sct"/><filter><property value="concept"/><op value="is-a"/><value value="394803006"/></filter></include></compose></ValueSet>