<?xml version="1.0" encoding="UTF-8"?><ValueSet xmlns="http://hl7.org/fhir"><id value="covid19-complications"/><text><status value="generated"/><div xmlns="http://www.w3.org/1999/xhtml"><ul><li>Include these codes as defined in <a href="http://www.snomed.org/"><code>http://snomed.info/sct</code></a><table class="none"><tr><td style="white-space:nowrap"><b>Code</b></td><td><b>Display</b></td></tr><tr><td><a href="http://browser.ihtsdotools.org/?perspective=full&amp;conceptId1=52702003">52702003</a></td><td>Chronic fatigue syndrome (disorder)</td></tr><tr><td><a href="http://browser.ihtsdotools.org/?perspective=full&amp;conceptId1=32398004">32398004</a></td><td>Bronchitis (disorder)</td></tr><tr><td><a href="http://browser.ihtsdotools.org/?perspective=full&amp;conceptId1=233981004">233981004</a></td><td>Arterial aneurysm (disorder)</td></tr><tr><td><a href="http://browser.ihtsdotools.org/?perspective=full&amp;conceptId1=304252001">304252001</a></td><td>For resuscitation (finding)</td></tr><tr><td><a href="http://browser.ihtsdotools.org/?perspective=full&amp;conceptId1=235859005">235859005</a></td><td>Liver disorder due to infection (disorder)</td></tr><tr><td><a href="http://browser.ihtsdotools.org/?perspective=full&amp;conceptId1=230431001">230431001</a></td><td>Situation-related seizures (disorder)</td></tr><tr><td><a href="http://browser.ihtsdotools.org/?perspective=full&amp;conceptId1=271594007">271594007</a></td><td>Syncope (finding)</td></tr><tr><td><a href="http://browser.ihtsdotools.org/?perspective=full&amp;conceptId1=271737000">271737000</a></td><td>Anemia (disorder)</td></tr><tr><td><a href="http://browser.ihtsdotools.org/?perspective=full&amp;conceptId1=11479008">11479008</a></td><td>Organic mental disorder (disorder)</td></tr><tr><td><a href="http://browser.ihtsdotools.org/?perspective=full&amp;conceptId1=1119303003">1119303003</a></td><td>Post-acute COVID-19 (disorder)</td></tr><tr><td><a href="http://browser.ihtsdotools.org/?perspective=full&amp;conceptId1=64226004">64226004</a></td><td>Colitis (disorder)</td></tr><tr><td><a href="http://browser.ihtsdotools.org/?perspective=full&amp;conceptId1=52457000">52457000</a></td><td>Ileitis (disorder)</td></tr><tr><td><a href="http://browser.ihtsdotools.org/?perspective=full&amp;conceptId1=48661000">48661000</a></td><td>Peritonitis (disorder)</td></tr><tr><td><a href="http://browser.ihtsdotools.org/?perspective=full&amp;conceptId1=389026000">389026000</a></td><td>Ascites (disorder)</td></tr></table></li></ul></div></text><url value="https://www.netzwerk-universitaetsmedizin.de/fhir/ValueSet/covid19-complications"/><version value="0.1.0"/><name value="Covid19Complications"/><title value="Covid19 complications"/><status value="draft"/><date value="2020-10-05"/><publisher value="BIH @ Charité"/><contact><name value="BIH @ Charité"/><telecom><system value="url"/><value value="https://www.netzwerk-universitaetsmedizin.de"/></telecom></contact><description value="Complications due to COVID19"/><compose><include><system value="http://snomed.info/sct"/><concept><code value="52702003"/><display value="Chronic fatigue syndrome (disorder)"/></concept><concept><code value="32398004"/><display value="Bronchitis (disorder)"/></concept><concept><code value="233981004"/><display value="Arterial aneurysm (disorder)"/></concept><concept><code value="304252001"/><display value="For resuscitation (finding)"/></concept><concept><code value="235859005"/><display value="Liver disorder due to infection (disorder)"/></concept><concept><code value="230431001"/><display value="Situation-related seizures (disorder)"/></concept><concept><code value="271594007"/><display value="Syncope (finding)"/></concept><concept><code value="271737000"/><display value="Anemia (disorder)"/></concept><concept><code value="11479008"/><display value="Organic mental disorder (disorder)"/></concept><concept><code value="1119303003"/><display value="Post-acute COVID-19 (disorder)"/></concept><concept><code value="64226004"/><display value="Colitis (disorder)"/></concept><concept><code value="52457000"/><display value="Ileitis (disorder)"/></concept><concept><code value="48661000"/><display value="Peritonitis (disorder)"/></concept><concept><code value="389026000"/><display value="Ascites (disorder)"/></concept></include></compose></ValueSet>