<?xml version="1.0" encoding="UTF-8"?><ValueSet xmlns="http://hl7.org/fhir"><id value="immunosuppressive-immunomodulatory-therapy"/><text><status value="generated"/><div xmlns="http://www.w3.org/1999/xhtml"><p>This value set includes codes based on the following rules:</p><ul><li>Include codes from <a href="http://www.snomed.org/"><code>http://snomed.info/sct</code></a> where concept  is-a  86553008 (Immunosuppressive therapy)</li><li>Include codes from <a href="http://www.snomed.org/"><code>http://snomed.info/sct</code></a> where concept  is-a  76334006 (Immunotherapy)</li></ul></div></text><url value="https://www.netzwerk-universitaetsmedizin.de/fhir/ValueSet/immunosuppressive-immunomodulatory-therapy"/><version value="0.1.0"/><name value="ImmunosuppressiveImmunomodulatoryTherapy"/><title value="Immunosuppressive Immunomodulatory Therapy"/><status value="active"/><date value="2021-10-19T07:51:56+00:00"/><publisher value="BIH @ Charité"/><contact><name value="BIH @ Charité"/><telecom><system value="url"/><value value="https://www.netzwerk-universitaetsmedizin.de"/></telecom></contact><description value="Immunosuppressive and immunomodulatory procedures / therapies codes"/><compose><include><system value="http://snomed.info/sct"/><filter><property value="concept"/><op value="is-a"/><value value="86553008"/></filter></include><include><system value="http://snomed.info/sct"/><filter><property value="concept"/><op value="is-a"/><value value="76334006"/></filter></include></compose></ValueSet>