<?xml version="1.0" encoding="UTF-8"?><ValueSet xmlns="http://hl7.org/fhir"><id value="1.2.276.0.76.11.467--20200409000000"/><meta><profile value="http://hl7.org/fhir/StructureDefinition/shareablevalueset"/></meta><text><status value="generated"/><div xmlns="http://www.w3.org/1999/xhtml"><ul><li>Include these codes as defined in <a href="http://www.snomed.org/"><code>http://snomed.info/sct</code></a><table class="none"><tr><td style="white-space:nowrap"><b>Code</b></td><td><b>Display</b></td><td><b>Deutsch (Deutschland) (German (Germany), de)</b></td></tr><tr><td><a href="http://browser.ihtsdotools.org/?perspective=full&amp;conceptId1=21522001">21522001</a></td><td>Abdominal pain (finding)</td><td>Bauchschmerzen</td></tr><tr><td><a href="http://browser.ihtsdotools.org/?perspective=full&amp;conceptId1=84387000">84387000</a></td><td>Asymptomatic (finding)</td><td>Asymptomatisch</td></tr><tr><td><a href="http://browser.ihtsdotools.org/?perspective=full&amp;conceptId1=131148009">131148009</a></td><td>Bleeding (finding)</td><td>Blutung</td></tr><tr><td><a href="http://browser.ihtsdotools.org/?perspective=full&amp;conceptId1=29857009">29857009</a></td><td>Chest pain (finding)</td><td>Brustschmerzen</td></tr><tr><td><a href="http://browser.ihtsdotools.org/?perspective=full&amp;conceptId1=43724002">43724002</a></td><td>Chill (finding)</td><td>Schüttelfrost</td></tr><tr><td><a href="http://browser.ihtsdotools.org/?perspective=full&amp;conceptId1=9826008">9826008</a></td><td>Conjunctivitis (disorder)</td><td>Konjunktivitis</td></tr><tr><td><a href="http://browser.ihtsdotools.org/?perspective=full&amp;conceptId1=49727002">49727002</a></td><td>Cough (finding)</td><td>Husten</td></tr><tr><td><a href="http://browser.ihtsdotools.org/?perspective=full&amp;conceptId1=62315008">62315008</a></td><td>Diarrhea (finding)</td><td>Durchfall</td></tr><tr><td><a href="http://browser.ihtsdotools.org/?perspective=full&amp;conceptId1=3006004">3006004</a></td><td>Disturbance of consciousness (finding)</td><td>Bewusstseinsstörung</td></tr><tr><td><a href="http://browser.ihtsdotools.org/?perspective=full&amp;conceptId1=267036007">267036007</a></td><td>Dyspnea (finding)</td><td>Atemnot</td></tr><tr><td><a href="http://browser.ihtsdotools.org/?perspective=full&amp;conceptId1=271807003">271807003</a></td><td>Eruption of skin (disorder)</td><td>Hautausschlag</td></tr><tr><td><a href="http://browser.ihtsdotools.org/?perspective=full&amp;conceptId1=84229001">84229001</a></td><td>Fatigue (finding)</td><td>Müdigkeit</td></tr><tr><td><a href="http://browser.ihtsdotools.org/?perspective=full&amp;conceptId1=103001002">103001002</a></td><td>Feeling feverish (finding)</td><td>Fieberigkeit</td></tr><tr><td><a href="http://browser.ihtsdotools.org/?perspective=full&amp;conceptId1=386661006">386661006</a></td><td>Fever (finding)</td><td>Fieber</td></tr><tr><td><a href="http://browser.ihtsdotools.org/?perspective=full&amp;conceptId1=25064002">25064002</a></td><td>Headache (finding)</td><td>Kopfschmerzen</td></tr><tr><td><a href="http://browser.ihtsdotools.org/?perspective=full&amp;conceptId1=66857006">66857006</a></td><td>Hemoptysis (finding)</td><td>Bluthusten</td></tr><tr><td><a href="http://browser.ihtsdotools.org/?perspective=full&amp;conceptId1=248567008">248567008</a></td><td>Indrawing of ribs during respiration (finding)</td><td>Hauteinziehungen des Brustkorbs bei der Einatmung</td></tr><tr><td><a href="http://browser.ihtsdotools.org/?perspective=full&amp;conceptId1=57676002">57676002</a></td><td>Joint pain (finding)</td><td>Gelenkschmerz</td></tr><tr><td><a href="http://browser.ihtsdotools.org/?perspective=full&amp;conceptId1=79890006">79890006</a></td><td>Loss of appetite (finding)</td><td>Appetitverlust</td></tr><tr><td><a href="http://browser.ihtsdotools.org/?perspective=full&amp;conceptId1=44169009">44169009</a></td><td>Loss of sense of smell (finding)</td><td>Geruchverlust</td></tr><tr><td><a href="http://browser.ihtsdotools.org/?perspective=full&amp;conceptId1=36955009">36955009</a></td><td>Loss of taste (finding)</td><td>Geschmackverlust</td></tr><tr><td><a href="http://browser.ihtsdotools.org/?perspective=full&amp;conceptId1=30746006">30746006</a></td><td>Lymphadenopathy (disorder)</td><td>Lymphadenopathie</td></tr><tr><td><a href="http://browser.ihtsdotools.org/?perspective=full&amp;conceptId1=367391008">367391008</a></td><td>Malaise (finding)</td><td>Unwohlsein</td></tr><tr><td><a href="http://browser.ihtsdotools.org/?perspective=full&amp;conceptId1=68962001">68962001</a></td><td>Muscle pain (finding)</td><td>Muskelschmerzen</td></tr><tr><td><a href="http://browser.ihtsdotools.org/?perspective=full&amp;conceptId1=68235000">68235000</a></td><td>Nasal congestion (finding)</td><td>Verstopfte Nase</td></tr><tr><td><a href="http://browser.ihtsdotools.org/?perspective=full&amp;conceptId1=64531003">64531003</a></td><td>Nasal discharge (finding)</td><td>Laufende Nase</td></tr><tr><td><a href="http://browser.ihtsdotools.org/?perspective=full&amp;conceptId1=422587007">422587007</a></td><td>Nausea (finding)</td><td>Übelkeit</td></tr><tr><td><a href="http://browser.ihtsdotools.org/?perspective=full&amp;conceptId1=162397003">162397003</a></td><td>Pain in throat (finding)</td><td>Halsschmerzen</td></tr><tr><td><a href="http://browser.ihtsdotools.org/?perspective=full&amp;conceptId1=38880002">38880002</a></td><td>Rigor (finding)</td><td>Starre</td></tr><tr><td><a href="http://browser.ihtsdotools.org/?perspective=full&amp;conceptId1=91175000">91175000</a></td><td>Seizure (finding)</td><td>Krampfanfall</td></tr><tr><td><a href="http://browser.ihtsdotools.org/?perspective=full&amp;conceptId1=46742003">46742003</a></td><td>Skin ulcer (disorder)</td><td>Hautgeschwüre</td></tr><tr><td><a href="http://browser.ihtsdotools.org/?perspective=full&amp;conceptId1=282145008">282145008</a></td><td>Unable to walk (finding)</td><td>Unfähig zu gehen</td></tr><tr><td><a href="http://browser.ihtsdotools.org/?perspective=full&amp;conceptId1=422400008">422400008</a></td><td>Vomiting (disorder)</td><td>Erbrechen</td></tr><tr><td><a href="http://browser.ihtsdotools.org/?perspective=full&amp;conceptId1=56018004">56018004</a></td><td>Wheezing (finding)</td><td>Keuchen</td></tr><tr><td><a href="http://browser.ihtsdotools.org/?perspective=full&amp;conceptId1=426000000">426000000</a></td><td>Fever greater than 100.4 Fahrenheit / 38° Celsius (finding)</td><td>Fieber über 38° Celsius</td></tr><tr><td><a href="http://browser.ihtsdotools.org/?perspective=full&amp;conceptId1=13791008">13791008</a></td><td>Asthenia (finding)</td><td>Schwächegefühl</td></tr><tr><td><a href="http://browser.ihtsdotools.org/?perspective=full&amp;conceptId1=22253000">22253000</a></td><td>Pain (finding)</td><td>Schmerzen</td></tr><tr><td><a href="http://browser.ihtsdotools.org/?perspective=full&amp;conceptId1=28743005">28743005</a></td><td>Productive cough (finding)</td><td>Produktiver Husten</td></tr><tr><td><a href="http://browser.ihtsdotools.org/?perspective=full&amp;conceptId1=11833005">11833005</a></td><td>Dry cough (finding)</td><td>Trockener Husten</td></tr><tr><td><a href="http://browser.ihtsdotools.org/?perspective=full&amp;conceptId1=40917007">40917007</a></td><td>Clouded consciousness (finding)</td><td>Bewusstseinstrübung</td></tr></table></li></ul></div></text><extension url="http://hl7.org/fhir/StructureDefinition/resource-effectivePeriod"><valuePeriod><start value="2020-04-09T00:00:00+02:00"/></valuePeriod></extension><url value="https://www.netzwerk-universitaetsmedizin.de/fhir/ValueSet/sars-cov-2-symptoms"/><identifier><use value="official"/><system value="http://art-decor.org/ns/oids/vs"/><value value="1.2.276.0.76.11.563"/></identifier><version value="0.1.0-test"/><name value="SARSCoV2Symptoms"/><title value="SARS-CoV-2-Symptoms"/><status value="active"/><experimental value="false"/><date value="2021-07-16T07:30:20+00:00"/><publisher value="Berlin Institute of Health @ Charit&#xE9;"/><contact><telecom><system value="url"/><value value="https://bihealth.org"/></telecom></contact><description value="Symptoms for SARS-CoV-2 infection"/><jurisdiction><coding><system value="http://unstats.un.org/unsd/methods/m49/m49.htm"/><code value="001"/></coding></jurisdiction><immutable value="false"/><copyright value="This artefact includes content from SNOMED Clinical Terms&#xAE; (SNOMED CT&#xAE;) which is copyright of the International Health Terminology Standards Development Organisation (IHTSDO). Implementers of these artefacts must have the appropriate SNOMED CT Affiliate license - for more information contact http://www.snomed.org/snomed-ct/getsnomed-ct or info@snomed.org."/><compose><include><system value="http://snomed.info/sct"/><concept><code value="21522001"/><display value="Abdominal pain (finding)"/><designation><language value="de-DE"/><value value="Bauchschmerzen"/></designation></concept><concept><code value="84387000"/><display value="Asymptomatic (finding)"/><designation><language value="de-DE"/><value value="Asymptomatisch"/></designation></concept><concept><code value="131148009"/><display value="Bleeding (finding)"/><designation><language value="de-DE"/><value value="Blutung"/></designation></concept><concept><code value="29857009"/><display value="Chest pain (finding)"/><designation><language value="de-DE"/><value value="Brustschmerzen"/></designation></concept><concept><code value="43724002"/><display value="Chill (finding)"/><designation><language value="de-DE"/><value value="Sch&#xFC;ttelfrost"/></designation></concept><concept><code value="9826008"/><display value="Conjunctivitis (disorder)"/><designation><language value="de-DE"/><value value="Konjunktivitis"/></designation></concept><concept><code value="49727002"/><display value="Cough (finding)"/><designation><language value="de-DE"/><value value="Husten"/></designation></concept><concept><code value="62315008"/><display value="Diarrhea (finding)"/><designation><language value="de-DE"/><value value="Durchfall"/></designation></concept><concept><code value="3006004"/><display value="Disturbance of consciousness (finding)"/><designation><language value="de-DE"/><value value="Bewusstseinsst&#xF6;rung"/></designation></concept><concept><code value="267036007"/><display value="Dyspnea (finding)"/><designation><language value="de-DE"/><value value="Atemnot"/></designation></concept><concept><code value="271807003"/><display value="Eruption of skin (disorder)"/><designation><language value="de-DE"/><value value="Hautausschlag"/></designation></concept><concept><code value="84229001"/><display value="Fatigue (finding)"/><designation><language value="de-DE"/><value value="M&#xFC;digkeit"/></designation></concept><concept><code value="103001002"/><display value="Feeling feverish (finding)"/><designation><language value="de-DE"/><value value="Fieberigkeit"/></designation></concept><concept><code value="386661006"/><display value="Fever (finding)"/><designation><language value="de-DE"/><value value="Fieber"/></designation></concept><concept><code value="25064002"/><display value="Headache (finding)"/><designation><language value="de-DE"/><value value="Kopfschmerzen"/></designation></concept><concept><code value="66857006"/><display value="Hemoptysis (finding)"/><designation><language value="de-DE"/><value value="Bluthusten"/></designation></concept><concept><code value="248567008"/><display value="Indrawing of ribs during respiration (finding)"/><designation><language value="de-DE"/><value value="Hauteinziehungen des Brustkorbs bei der Einatmung"/></designation></concept><concept><code value="57676002"/><display value="Joint pain (finding)"/><designation><language value="de-DE"/><value value="Gelenkschmerz"/></designation></concept><concept><code value="79890006"/><display value="Loss of appetite (finding)"/><designation><language value="de-DE"/><value value="Appetitverlust"/></designation></concept><concept><code value="44169009"/><display value="Loss of sense of smell (finding)"/><designation><language value="de-DE"/><value value="Geruchverlust"/></designation></concept><concept><code value="36955009"/><display value="Loss of taste (finding)"/><designation><language value="de-DE"/><value value="Geschmackverlust"/></designation></concept><concept><code value="30746006"/><display value="Lymphadenopathy (disorder)"/><designation><language value="de-DE"/><value value="Lymphadenopathie"/></designation></concept><concept><code value="367391008"/><display value="Malaise (finding)"/><designation><language value="de-DE"/><value value="Unwohlsein"/></designation></concept><concept><code value="68962001"/><display value="Muscle pain (finding)"/><designation><language value="de-DE"/><value value="Muskelschmerzen"/></designation></concept><concept><code value="68235000"/><display value="Nasal congestion (finding)"/><designation><language value="de-DE"/><value value="Verstopfte Nase"/></designation></concept><concept><code value="64531003"/><display value="Nasal discharge (finding)"/><designation><language value="de-DE"/><value value="Laufende Nase"/></designation></concept><concept><code value="422587007"/><display value="Nausea (finding)"/><designation><language value="de-DE"/><value value="&#xDC;belkeit"/></designation></concept><concept><code value="162397003"/><display value="Pain in throat (finding)"/><designation><language value="de-DE"/><value value="Halsschmerzen"/></designation></concept><concept><code value="38880002"/><display value="Rigor (finding)"/><designation><language value="de-DE"/><value value="Starre"/></designation></concept><concept><code value="91175000"/><display value="Seizure (finding)"/><designation><language value="de-DE"/><value value="Krampfanfall"/></designation></concept><concept><code value="46742003"/><display value="Skin ulcer (disorder)"/><designation><language value="de-DE"/><value value="Hautgeschw&#xFC;re"/></designation></concept><concept><code value="282145008"/><display value="Unable to walk (finding)"/><designation><language value="de-DE"/><value value="Unf&#xE4;hig zu gehen"/></designation></concept><concept><code value="422400008"/><display value="Vomiting (disorder)"/><designation><language value="de-DE"/><value value="Erbrechen"/></designation></concept><concept><code value="56018004"/><display value="Wheezing (finding)"/><designation><language value="de-DE"/><value value="Keuchen"/></designation></concept><concept><code value="426000000"/><display value="Fever greater than 100.4 Fahrenheit / 38&#xB0; Celsius (finding)"/><designation><language value="de-DE"/><value value="Fieber &#xFC;ber 38&#xB0; Celsius"/></designation></concept><concept><code value="13791008"/><display value="Asthenia (finding)"/><designation><language value="de-DE"/><value value="Schw&#xE4;chegef&#xFC;hl"/></designation></concept><concept><code value="22253000"/><display value="Pain (finding)"/><designation><language value="de-DE"/><value value="Schmerzen"/></designation></concept><concept><code value="28743005"/><display value="Productive cough (finding)"/><designation><language value="de-DE"/><value value="Produktiver Husten"/></designation></concept><concept><code value="11833005"/><display value="Dry cough (finding)"/><designation><language value="de-DE"/><value value="Trockener Husten"/></designation></concept><concept><code value="40917007"/><display value="Clouded consciousness (finding)"/><designation><language value="de-DE"/><value value="Bewusstseinstr&#xFC;bung"/></designation></concept></include></compose></ValueSet>