[
  {
    "id": "napkon-immunosuppresive-medications",
    "type": "CodeSystem",
    "url": "https://www.netzwerk-universitaetsmedizin.de/fhir/CodeSystem/napkon-immunosuppresive-medications",
    "version": "0.1.0",
    "name": "NapkonImmunosuppresiveMedications"
  },
  {
    "id": "napkon-bih",
    "type": "ImplementationGuide",
    "url": "https://www.netzwerk-universitaetsmedizin.de/fhir/ImplementationGuide/napkon-bih",
    "version": "0.1.0",
    "name": "NAPKONBIH"
  },
  {
    "id": "cardiology-imaging-procedure",
    "type": "StructureDefinition",
    "url": "https://www.netzwerk-universitaetsmedizin.de/fhir/StructureDefinition/cardiology-imaging-procedure",
    "version": "0.1.0",
    "name": "CardiologyImagingProcedures"
  },
  {
    "id": "chronic-haematologic-diseases-pediatrics",
    "type": "StructureDefinition",
    "url": "https://www.netzwerk-universitaetsmedizin.de/fhir/StructureDefinition/chronic-haematologic-diseases-pediatrics",
    "version": "0.1.0",
    "name": "ChronicHaematologicDiseases"
  },
  {
    "id": "covid19-complication-pediatrics",
    "type": "StructureDefinition",
    "url": "https://www.netzwerk-universitaetsmedizin.de/fhir/StructureDefinition/covid19-complication-pediatrics",
    "version": "0.1.0",
    "name": "Covid19ComplicationPediatrics"
  },
  {
    "id": "electrocardiographic-ecg-procedure",
    "type": "StructureDefinition",
    "url": "https://www.netzwerk-universitaetsmedizin.de/fhir/StructureDefinition/electrocardiographic-ecg-procedure",
    "version": "0.1.0",
    "name": "ElectrocardiographicECGProcedure"
  },
  {
    "id": "fungal-infection-pediatrics",
    "type": "StructureDefinition",
    "url": "https://www.netzwerk-universitaetsmedizin.de/fhir/StructureDefinition/fungal-infection-pediatrics",
    "version": "0.1.0",
    "name": "FungalInfectionPediatrics"
  },
  {
    "id": "gastrointestinal-diseases-pediatrics",
    "type": "StructureDefinition",
    "url": "https://www.netzwerk-universitaetsmedizin.de/fhir/StructureDefinition/gastrointestinal-diseases-pediatrics",
    "version": "0.1.0",
    "name": "GastrointestinalDiseasesPediatrics"
  },
  {
    "id": "imaging-procedure-cardiology",
    "type": "StructureDefinition",
    "url": "https://www.netzwerk-universitaetsmedizin.de/fhir/StructureDefinition/imaging-procedure-cardiology",
    "version": "0.1.0",
    "name": "ImagingProceduresCardiology"
  },
  {
    "id": "imaging-procedures",
    "type": "StructureDefinition",
    "url": "https://www.netzwerk-universitaetsmedizin.de/fhir/StructureDefinition/imaging-procedures",
    "version": "0.1.0",
    "name": "ImagingProcedures"
  },
  {
    "id": "immunosuppresive-permanent-medication-pediatrics",
    "type": "StructureDefinition",
    "url": "https://www.netzwerk-universitaetsmedizin.de/fhir/StructureDefinition/immunosuppresive-permanent-medication-pediatrics",
    "version": "0.1.0",
    "name": "ImmunosuppresivePermanentMedicationPediatrics"
  },
  {
    "id": "infectious-complications-pediatrics",
    "type": "StructureDefinition",
    "url": "https://www.netzwerk-universitaetsmedizin.de/fhir/StructureDefinition/infectious-complications-pediatrics",
    "version": "0.1.0",
    "name": "InfectiousComplicationPediatrics"
  },
  {
    "id": "intensive-care-treatment-duration-pediatrics",
    "type": "StructureDefinition",
    "url": "https://www.netzwerk-universitaetsmedizin.de/fhir/StructureDefinition/intensive-care-treatment-duration-pediatrics",
    "version": "0.1.0",
    "name": "IntensiveCareTreatmentDurationPediatrics"
  },
  {
    "id": "observation-birth-height-pediatrics",
    "type": "StructureDefinition",
    "url": "https://www.netzwerk-universitaetsmedizin.de/fhir/StructureDefinition/observation-birth-height-pediatrics",
    "version": "0.1.0",
    "name": "BirthHeightPediatrics"
  },
  {
    "id": "observation-body-mass-index-pediatrics",
    "type": "StructureDefinition",
    "url": "https://www.netzwerk-universitaetsmedizin.de/fhir/StructureDefinition/observation-body-mass-index-pediatrics",
    "version": "0.1.0",
    "name": "BodyMassIndexPediatrics"
  },
  {
    "id": "observation-head-circumference-pediatrics",
    "type": "StructureDefinition",
    "url": "https://www.netzwerk-universitaetsmedizin.de/fhir/StructureDefinition/observation-head-circumference-pediatrics",
    "version": "0.1.0",
    "name": "HeadCircumferencePediatrics"
  },
  {
    "id": "supportive-pharmacotherapy-pediatrics",
    "type": "StructureDefinition",
    "url": "https://www.netzwerk-universitaetsmedizin.de/fhir/StructureDefinition/supportive-pharmacotherapy-pediatrics",
    "version": "0.1.0",
    "name": "SupportivePharmacotherapy"
  },
  {
    "id": "thoracic-drainage-pediatrics",
    "type": "StructureDefinition",
    "url": "https://www.netzwerk-universitaetsmedizin.de/fhir/StructureDefinition/thoracic-drainage-pediatrics",
    "version": "0.1.0",
    "name": "ThoracicDrainagePediatrics"
  },
  {
    "id": "total-length-of-stay-pediatrics",
    "type": "StructureDefinition",
    "url": "https://www.netzwerk-universitaetsmedizin.de/fhir/StructureDefinition/total-length-of-stay-pediatrics",
    "version": "0.1.0",
    "name": "TotalLengthOfStayPediatrics"
  },
  {
    "id": "cardiology-diseases-codes",
    "type": "ValueSet",
    "url": "https://www.netzwerk-universitaetsmedizin.de/fhir/ValueSet/CardiologyDiseasesCodes",
    "version": "0.1.0",
    "name": "CardiologyDiseasesCodes"
  },
  {
    "id": "cardiology-imaging-procedures",
    "type": "ValueSet",
    "url": "https://www.netzwerk-universitaetsmedizin.de/fhir/ValueSet/EcgCodes",
    "version": "0.1.0",
    "name": "CardiologyImagingCodes"
  },
  {
    "id": "ecg-expressions",
    "type": "ValueSet",
    "url": "https://www.netzwerk-universitaetsmedizin.de/fhir/ValueSet/EcgCodes",
    "version": "0.1.0",
    "name": "ECGExpressions"
  },
  {
    "id": "imaging-procedures-cardiology",
    "type": "ValueSet",
    "url": "https://www.netzwerk-universitaetsmedizin.de/fhir/ValueSet/EcgCodes",
    "version": "0.1.0",
    "name": "ImagingCodes"
  },
  {
    "id": "chronic-haematologic-diseases-pediatrics",
    "type": "ValueSet",
    "url": "https://www.netzwerk-universitaetsmedizin.de/fhir/ValueSet/chronic-haematologic-diseases-pediatrics",
    "version": "0.1.0",
    "name": "ChronicHaematologicDiseasesPediatrics"
  },
  {
    "id": "chronic-haematologic-diseases-pediatrics-icd",
    "type": "ValueSet",
    "url": "https://www.netzwerk-universitaetsmedizin.de/fhir/ValueSet/chronic-haematologic-diseases-pediatrics-icd",
    "version": "0.1.0",
    "name": "ChronicHaematologicDiseasesPediatricsICD"
  },
  {
    "id": "covid19-complications",
    "type": "ValueSet",
    "url": "https://www.netzwerk-universitaetsmedizin.de/fhir/ValueSet/covid19-complications",
    "version": "0.1.0",
    "name": "Covid19Complications"
  },
  {
    "id": "drug-therapy-pediatrics",
    "type": "ValueSet",
    "url": "https://www.netzwerk-universitaetsmedizin.de/fhir/ValueSet/drug-therapy-pediatrics",
    "version": "0.1.0",
    "name": "DrugTherapyPediatrics"
  },
  {
    "id": "fungal-infections",
    "type": "ValueSet",
    "url": "https://www.netzwerk-universitaetsmedizin.de/fhir/ValueSet/fungal-infections",
    "version": "0.1.0",
    "name": "FungalInfections"
  },
  {
    "id": "gastrointestinal-diseases-pediatrics",
    "type": "ValueSet",
    "url": "https://www.netzwerk-universitaetsmedizin.de/fhir/ValueSet/gastrointestinal-diseases-pediatrics",
    "version": "0.1.0",
    "name": "GastrointestinalDiseasesPediatrics"
  },
  {
    "id": "gastrointestinal-diseases-pediatrics-icd",
    "type": "ValueSet",
    "url": "https://www.netzwerk-universitaetsmedizin.de/fhir/ValueSet/gastrointestinal-diseases-pediatrics-icd",
    "version": "0.1.0",
    "name": "GastrointestinalDiseasesPediatricsICD"
  },
  {
    "id": "bacterial-infectious-complications-sct",
    "type": "ValueSet",
    "url": "https://www.netzwerk-universitaetsmedizin.de/fhir/ValueSet/imaging-category-sct",
    "version": "0.1.0",
    "name": "BacterialInfectiousDiseases"
  },
  {
    "id": "imaging-category-sct",
    "type": "ValueSet",
    "url": "https://www.netzwerk-universitaetsmedizin.de/fhir/ValueSet/imaging-category-sct",
    "version": "0.1.0",
    "name": "ImagingCategorySnomed"
  },
  {
    "id": "viral-infectious-complications-sct",
    "type": "ValueSet",
    "url": "https://www.netzwerk-universitaetsmedizin.de/fhir/ValueSet/imaging-category-sct",
    "version": "0.1.0",
    "name": "ViralInfectiousDiseases"
  },
  {
    "id": "imaging-pediatrics",
    "type": "ValueSet",
    "url": "https://www.netzwerk-universitaetsmedizin.de/fhir/ValueSet/imaging-pediatrics",
    "version": "0.1.0",
    "name": "ImagingPediatrics"
  },
  {
    "id": "immunosuppressive-permament-medications",
    "type": "ValueSet",
    "url": "https://www.netzwerk-universitaetsmedizin.de/fhir/ValueSet/immunosuppressive-permament-medications",
    "version": "0.1.0",
    "name": "ImmunosuppressivePermanentMedications"
  },
  {
    "id": "medication-pediatrics",
    "type": "ValueSet",
    "url": "https://www.netzwerk-universitaetsmedizin.de/fhir/ValueSet/medication-pediatrics",
    "version": "0.1.0",
    "name": "MedicationPediatrics"
  },
  {
    "id": "pediatric-drug-therapy-codes",
    "type": "ValueSet",
    "url": "https://www.netzwerk-universitaetsmedizin.de/fhir/ValueSet/pediatric-drug-therapy-codes",
    "version": "0.1.0",
    "name": "PediatricsDrugTherapyCodes"
  },
  {
    "id": "pediatric-imaging-codes",
    "type": "ValueSet",
    "url": "https://www.netzwerk-universitaetsmedizin.de/fhir/ValueSet/pediatric-imaging-codes",
    "version": "0.1.0",
    "name": "PediatricsImagingCodes"
  },
  {
    "id": "pediatric-medication-codes",
    "type": "ValueSet",
    "url": "https://www.netzwerk-universitaetsmedizin.de/fhir/ValueSet/pediatric-medication-codes",
    "version": "0.1.0",
    "name": "PediatricMedicationCodes"
  },
  {
    "id": "restricted-event-status",
    "type": "ValueSet",
    "url": "https://www.netzwerk-universitaetsmedizin.de/fhir/ValueSet/restricted-event-status",
    "version": "0.1.0",
    "name": "RestrictedEventStatus"
  },
  {
    "id": "syndromic-diseases-pediatrics",
    "type": "ValueSet",
    "url": "https://www.netzwerk-universitaetsmedizin.de/fhir/ValueSet/syndromic-diseases-pediatrics",
    "version": "0.1.0",
    "name": "SyndromicDiseasesPediatrics"
  },
  {
    "id": "vaccine-type-covid-pediatrics",
    "type": "ValueSet",
    "url": "https://www.netzwerk-universitaetsmedizin.de/fhir/ValueSet/vaccine-type-covid-pediatrics",
    "version": "0.1.0",
    "name": "VaccineTypCovidPediatrics"
  },
  {
    "id": "vs-antibiotic-therapy-procedure-pediatrics",
    "type": "ValueSet",
    "url": "https://www.netzwerk-universitaetsmedizin.de/fhir/ValueSet/vs-antibiotic-therapy-procedure-pediatrics",
    "version": "0.1.0",
    "name": "AntibioticTherapyProcedure"
  },
  {
    "id": "vs-non-pulmonary-bacterial-coinfection-pediatrics",
    "type": "ValueSet",
    "url": "https://www.netzwerk-universitaetsmedizin.de/fhir/ValueSet/vs-non-pulmonary-bacterial-coinfection-pediatrics",
    "version": "0.1.0",
    "name": "NonPulmonaryBacterialCoinfectionPediatrics"
  },
  {
    "id": "vs-supportive-pharmacotherapy-pediatrics",
    "type": "ValueSet",
    "url": "https://www.netzwerk-universitaetsmedizin.de/fhir/ValueSet/vs-supportive-pharmacotherapy-pediatrics",
    "version": "0.1.0",
    "name": "SupportivePharmacotherapy"
  }
]