[
  {
    "id": "chronic-haematologic-diseases-pediatrics",
    "type": "ValueSet",
    "url": "http://example.org/fhir/ValueSet/chronic-haematologic-diseases-pediatrics",
    "version": "0.1.0-test",
    "name": "ChronicHaematologicDiseasesPediatrics"
  },
  {
    "id": "chronic-haematologic-diseases-pediatrics-icd",
    "type": "ValueSet",
    "url": "http://example.org/fhir/ValueSet/chronic-haematologic-diseases-pediatrics-icd",
    "version": "0.1.0-test",
    "name": "ChronicHaematologicDiseasesPediatricsICD"
  },
  {
    "id": "gastrointestinal-diseases-pediatrics",
    "type": "ValueSet",
    "url": "http://example.org/fhir/ValueSet/gastrointestinal-diseases-pediatrics",
    "version": "0.1.0-test",
    "name": "GastrointestinalDiseasesPediatrics"
  },
  {
    "id": "gastrointestinal-diseases-pediatrics-icd",
    "type": "ValueSet",
    "url": "http://example.org/fhir/ValueSet/gastrointestinal-diseases-pediatrics-icd",
    "version": "0.1.0-test",
    "name": "GastrointestinalDiseasesPediatricsICD"
  },
  {
    "id": "syndromic-diseases-pediatrics",
    "type": "ValueSet",
    "url": "http://example.org/fhir/ValueSet/syndromic-diseases-pediatrics",
    "version": "0.1.0-test",
    "name": "SyndromicDiseasesPediatrics"
  },
  {
    "id": "vaccine-type-covid-pediatrics",
    "type": "ValueSet",
    "url": "http://example.org/fhir/ValueSet/vaccine-type-covid-pediatrics",
    "version": "0.1.0-test",
    "name": "VaccineTypCovidPediatrics"
  },
  {
    "id": "vs-antibiotic-therapy-procedure-pediatrics",
    "type": "ValueSet",
    "url": "http://example.org/fhir/ValueSet/vs-antibiotic-therapy-procedure-pediatrics",
    "version": "0.1.0-test",
    "name": "AntibioticTherapyProcedure"
  },
  {
    "id": "vs-non-pulmonary-bacterial-coinfection-pediatrics",
    "type": "ValueSet",
    "url": "http://example.org/fhir/ValueSet/vs-non-pulmonary-bacterial-coinfection-pediatrics",
    "version": "0.1.0-test",
    "name": "NonPulmonaryBacterialCoinfectionPediatrics"
  },
  {
    "id": "hl7.de.fhir.napkon-bih",
    "type": "ImplementationGuide",
    "url": "http://fhir.de/napkon-bih/ImplementationGuide/hl7.de.fhir.napkon-bih",
    "version": "0.1.0-test",
    "name": "NAPKON-BIH"
  },
  {
    "id": "gecco-observation-blood-pressure",
    "type": "StructureDefinition",
    "url": "https://www.netzwerk-universitaetsmedizin.de/fhir/StructureDefinition/blood-pressure",
    "version": "0.1.0-test",
    "name": "BloodPressure"
  },
  {
    "id": "gecco-observation-body-height",
    "type": "StructureDefinition",
    "url": "https://www.netzwerk-universitaetsmedizin.de/fhir/StructureDefinition/body-height",
    "version": "0.1.0-test",
    "name": "BodyHeight"
  },
  {
    "id": "gecco-observation-body-temperature",
    "type": "StructureDefinition",
    "url": "https://www.netzwerk-universitaetsmedizin.de/fhir/StructureDefinition/body-temperature",
    "version": "0.1.0-test",
    "name": "BodyTemperature"
  },
  {
    "id": "gecco-observation-body-weight",
    "type": "StructureDefinition",
    "url": "https://www.netzwerk-universitaetsmedizin.de/fhir/StructureDefinition/body-weight",
    "version": "0.1.0-test",
    "name": "BodyWeight"
  },
  {
    "id": "gecco-observation-heart-rate",
    "type": "StructureDefinition",
    "url": "https://www.netzwerk-universitaetsmedizin.de/fhir/StructureDefinition/heart-rate",
    "version": "0.1.0-test",
    "name": "HeartRate"
  },
  {
    "id": "gecco-observation-oxygen-saturation",
    "type": "StructureDefinition",
    "url": "https://www.netzwerk-universitaetsmedizin.de/fhir/StructureDefinition/oxygen-saturation",
    "version": "0.1.0-test",
    "name": "OxygenSaturation"
  },
  {
    "id": "gecco-observation-respiratory-rate",
    "type": "StructureDefinition",
    "url": "https://www.netzwerk-universitaetsmedizin.de/fhir/StructureDefinition/respiratory-rate",
    "version": "0.1.0-test",
    "name": "RespiratoryRate"
  },
  {
    "id": "gecco-vital-signs-base",
    "type": "StructureDefinition",
    "url": "https://www.netzwerk-universitaetsmedizin.de/fhir/StructureDefinition/vital-signs-base",
    "version": "0.1.0-test",
    "name": "VitalSignsBase"
  },
  {
    "id": "1.2.276.0.76.11.467--20200409000000",
    "type": "ValueSet",
    "url": "https://www.netzwerk-universitaetsmedizin.de/fhir/ValueSet/sars-cov-2-symptoms",
    "version": "0.1.0-test",
    "name": "SARSCoV2Symptoms"
  }
]