[
  {
    "id": "napkon-pediatrics-module",
    "type": "CodeSystem",
    "url": "https://www.netzwerk-universitaetsmedizin.de/fhir/CodeSystem/napkon-pediatrics-module",
    "version": "0.1.0",
    "name": "NapkonPediatricsModule"
  },
  {
    "id": "napkon-bih",
    "type": "ImplementationGuide",
    "url": "https://www.netzwerk-universitaetsmedizin.de/fhir/ImplementationGuide/napkon-bih",
    "version": "0.1.0",
    "name": "NAPKONBIH"
  },
  {
    "id": "covid19-complication",
    "type": "StructureDefinition",
    "url": "https://www.netzwerk-universitaetsmedizin.de/fhir/StructureDefinition/covid19-complication",
    "version": "0.1.0",
    "name": "Covid19Complication"
  },
  {
    "id": "fungal-infection",
    "type": "StructureDefinition",
    "url": "https://www.netzwerk-universitaetsmedizin.de/fhir/StructureDefinition/fungal-infection",
    "version": "0.1.0",
    "name": "FungalInfection"
  },
  {
    "id": "immunosuppresive-permanent-medication",
    "type": "StructureDefinition",
    "url": "https://www.netzwerk-universitaetsmedizin.de/fhir/StructureDefinition/immunosuppresive-permanent-medication",
    "version": "0.1.0",
    "name": "ImmunosuppresivePermanentMedication"
  },
  {
    "id": "intensive-care-treatment-duration",
    "type": "StructureDefinition",
    "url": "https://www.netzwerk-universitaetsmedizin.de/fhir/StructureDefinition/intensive-care-treatment-duration",
    "version": "0.1.0",
    "name": "IntensiveCareTreatmentDuration"
  },
  {
    "id": "thoracic-drainage",
    "type": "StructureDefinition",
    "url": "https://www.netzwerk-universitaetsmedizin.de/fhir/StructureDefinition/thoracic-drainage",
    "version": "0.1.0",
    "name": "ThoracicDrainage"
  },
  {
    "id": "total-length-of-stay",
    "type": "StructureDefinition",
    "url": "https://www.netzwerk-universitaetsmedizin.de/fhir/StructureDefinition/total-length-of-stay",
    "version": "0.1.0",
    "name": "TotalLengthOfStay"
  },
  {
    "id": "covid19-complications",
    "type": "ValueSet",
    "url": "https://www.netzwerk-universitaetsmedizin.de/fhir/ValueSet/covid19-complications",
    "version": "0.1.0",
    "name": "Covid19Complications"
  },
  {
    "id": "fungal-infections",
    "type": "ValueSet",
    "url": "https://www.netzwerk-universitaetsmedizin.de/fhir/ValueSet/fungal-infections",
    "version": "0.1.0",
    "name": "FungalInfections"
  },
  {
    "id": "immunosuppressive-permament-medications",
    "type": "ValueSet",
    "url": "https://www.netzwerk-universitaetsmedizin.de/fhir/ValueSet/immunosuppressive-permament-medications",
    "version": "0.1.0",
    "name": "ImmunosuppressivePermanentMedications"
  },
  {
    "id": "restricted-event-status",
    "type": "ValueSet",
    "url": "https://www.netzwerk-universitaetsmedizin.de/fhir/ValueSet/restricted-event-status",
    "version": "0.1.0",
    "name": "RestrictedEventStatus"
  }
]