<?xml version="1.0" encoding="UTF-8"?>

<CodeSystem xmlns="http://hl7.org/fhir">
  <id value="napkon-vaccination-module"/>
  <text>
    <status value="generated"/><div xmlns="http://www.w3.org/1999/xhtml"><p>This code system https://www.netzwerk-universitaetsmedizin.de/fhir/CodeSystem/napkon-vaccination-module defines the following codes:</p><table class="codes"><tr><td style="white-space:nowrap"><b>Code</b></td><td><b>Display</b></td></tr><tr><td style="white-space:nowrap">q1001<a name="napkon-vaccination-module-q1001"> </a></td><td>Willingness for additional SARS-CoV-2 vaccination if recommended</td></tr><tr><td style="white-space:nowrap">q1004<a name="napkon-vaccination-module-q1004"> </a></td><td>Medical treatment for actual or potential adverse events</td></tr><tr><td style="white-space:nowrap">q1005<a name="napkon-vaccination-module-q1005"> </a></td><td>General complaints after vaccination</td></tr><tr><td style="white-space:nowrap">q1006<a name="napkon-vaccination-module-q1006"> </a></td><td>Course of SARS-CoV-2 Infection</td></tr><tr><td style="white-space:nowrap">q1007<a name="napkon-vaccination-module-q1007"> </a></td><td>Injection site pain at rest</td></tr><tr><td style="white-space:nowrap">q1008<a name="napkon-vaccination-module-q1008"> </a></td><td>Injection site pain with pressure or movement</td></tr><tr><td style="white-space:nowrap">0001<a name="napkon-vaccination-module-0001"> </a></td><td>Comirnaty (BioNTech/Pfizer)</td></tr><tr><td style="white-space:nowrap">0002<a name="napkon-vaccination-module-0002"> </a></td><td>COVID-19 Vaccine Moderna (Moderna Biotech)</td></tr><tr><td style="white-space:nowrap">0003<a name="napkon-vaccination-module-0003"> </a></td><td>Vaxzevria (AstraZeneca AB)</td></tr><tr><td style="white-space:nowrap">0004<a name="napkon-vaccination-module-0004"> </a></td><td>COVID-19 Vaccine Janssen (Janssen-Cilag/Johnson &amp; Johnson)</td></tr><tr><td style="white-space:nowrap">1001<a name="napkon-vaccination-module-1001"> </a></td><td>Nicht erkrankt (keine Symptome)</td></tr><tr><td style="white-space:nowrap">1002<a name="napkon-vaccination-module-1002"> </a></td><td>Erkrankt und zu Hause</td></tr><tr><td style="white-space:nowrap">1003<a name="napkon-vaccination-module-1003"> </a></td><td>Erkrankt und im Krankenhaus ohne Sauerstofftherapie</td></tr><tr><td style="white-space:nowrap">1004<a name="napkon-vaccination-module-1004"> </a></td><td>Erkrankt und im Krankenhaus mit Sauerstofftherapie</td></tr><tr><td style="white-space:nowrap">1005<a name="napkon-vaccination-module-1005"> </a></td><td>Erkrankt und im Krankenhaus auf einer Intensivstation</td></tr><tr><td style="white-space:nowrap">2001<a name="napkon-vaccination-module-2001"> </a></td><td>Um mich vor einer Infektion mit SARS-CoV-2 bzw. vor COVID-19 zu schützen</td></tr><tr><td style="white-space:nowrap">2002<a name="napkon-vaccination-module-2002"> </a></td><td>Um mein privates Umfeld vor einer Infektion mit SARS-CoV-2 bzw. COVID-19 zu schützen</td></tr><tr><td style="white-space:nowrap">2003<a name="napkon-vaccination-module-2003"> </a></td><td>Um mein Arbetsfeld vor einer Infektion mit SARS-CoV-2 bzw. COVID-19 zu schützen</td></tr><tr><td style="white-space:nowrap">2004<a name="napkon-vaccination-module-2004"> </a></td><td>Weil alle sich impfen lassen</td></tr><tr><td style="white-space:nowrap">2005<a name="napkon-vaccination-module-2005"> </a></td><td>Weil ich befürchte aufgrund meines Impfstatus' benachteiligt zu werden (z.B. Reiseverbot, Arbeitsverbot)</td></tr><tr><td style="white-space:nowrap">3001<a name="napkon-vaccination-module-3001"> </a></td><td>Leichte Schmerzen, diese stören nicht bei täglichen Aktivitäten</td></tr><tr><td style="white-space:nowrap">3002<a name="napkon-vaccination-module-3002"> </a></td><td>Mäßige Schmerzen, diese stören bei täglichen Aktivitäten</td></tr><tr><td style="white-space:nowrap">3003<a name="napkon-vaccination-module-3003"> </a></td><td>Sehr starke Schmerzen, die dazu führen, dass täglichen Aktivitäten nicht mehr durchgeführt werden können</td></tr><tr><td style="white-space:nowrap">4001<a name="napkon-vaccination-module-4001"> </a></td><td>Kleiner als 2,5 Zentimeter</td></tr><tr><td style="white-space:nowrap">4002<a name="napkon-vaccination-module-4002"> </a></td><td>Zwischen 2,5 und 5 Zentimeter</td></tr><tr><td style="white-space:nowrap">4003<a name="napkon-vaccination-module-4003"> </a></td><td>Zwischen 5,1 und 10 Zentimeter</td></tr><tr><td style="white-space:nowrap">4004<a name="napkon-vaccination-module-4004"> </a></td><td>Größer als 10 Zentimeter</td></tr><tr><td style="white-space:nowrap">6001<a name="napkon-vaccination-module-6001"> </a></td><td>Ja, Behandlung in Arztpraxis oder Rettungsstelle</td></tr><tr><td style="white-space:nowrap">6002<a name="napkon-vaccination-module-6002"> </a></td><td>Ja, Behandlung mit Aufnahme im Krankenhaus</td></tr><tr><td style="white-space:nowrap">7001<a name="napkon-vaccination-module-7001"> </a></td><td>Weniger als 37,5 °C</td></tr><tr><td style="white-space:nowrap">7002<a name="napkon-vaccination-module-7002"> </a></td><td>37,5 °C bis 37,9 °C</td></tr><tr><td style="white-space:nowrap">7003<a name="napkon-vaccination-module-7003"> </a></td><td>38,0 °C bis 38,4 °C</td></tr><tr><td style="white-space:nowrap">7004<a name="napkon-vaccination-module-7004"> </a></td><td>38,5 °C bis 38,9 °C</td></tr><tr><td style="white-space:nowrap">7005<a name="napkon-vaccination-module-7005"> </a></td><td>39,0 °C bis 40,0 °C</td></tr><tr><td style="white-space:nowrap">7006<a name="napkon-vaccination-module-7006"> </a></td><td>Mehr als 40 °C</td></tr><tr><td style="white-space:nowrap">8001<a name="napkon-vaccination-module-8001"> </a></td><td>Einmal im Monat oder seltener</td></tr><tr><td style="white-space:nowrap">8002<a name="napkon-vaccination-module-8002"> </a></td><td>2-4 Mal im Monat</td></tr><tr><td style="white-space:nowrap">8003<a name="napkon-vaccination-module-8003"> </a></td><td>2-3 Mal pro Woche</td></tr><tr><td style="white-space:nowrap">8004<a name="napkon-vaccination-module-8004"> </a></td><td>4 Mal oder öfter die Woche</td></tr><tr><td style="white-space:nowrap">8005<a name="napkon-vaccination-module-8005"> </a></td><td>Nicht mehr (früher gelegentlich)</td></tr><tr><td style="white-space:nowrap">9001<a name="napkon-vaccination-module-9001"> </a></td><td>0,5 bis 1 alkoholische Getränke pro Tag</td></tr><tr><td style="white-space:nowrap">9002<a name="napkon-vaccination-module-9002"> </a></td><td>1,5 bis 2 alkoholische Getränke pro Tag</td></tr><tr><td style="white-space:nowrap">9003<a name="napkon-vaccination-module-9003"> </a></td><td>2,5 bis 3 alkoholische Getränke pro Tag</td></tr><tr><td style="white-space:nowrap">9004<a name="napkon-vaccination-module-9004"> </a></td><td>3,5 bis 4,5 alkoholische Getränke pro Tag</td></tr><tr><td style="white-space:nowrap">9005<a name="napkon-vaccination-module-9005"> </a></td><td>5 oder mehr alkoholische Getränke pro Tag</td></tr><tr><td style="white-space:nowrap">10001<a name="napkon-vaccination-module-10001"> </a></td><td>Fieber und/oder Schüttelfrost (inkl. sich fiebrig fühlen)</td></tr><tr><td style="white-space:nowrap">10002<a name="napkon-vaccination-module-10002"> </a></td><td>Abgeschlagenheit und/oder vermehrte Müdigkeit</td></tr><tr><td style="white-space:nowrap">10003<a name="napkon-vaccination-module-10003"> </a></td><td>Neu aufgetretene oder Verstärkung vorbestehender Muskelschmerzen</td></tr><tr><td style="white-space:nowrap">10004<a name="napkon-vaccination-module-10004"> </a></td><td>Neu aufgetretene oder Verstärkung vorbestehender Gelenkschmerzen</td></tr><tr><td style="white-space:nowrap">10005<a name="napkon-vaccination-module-10005"> </a></td><td>Schwierigkeiten beim Atmen und/oder Luftnot</td></tr><tr><td style="white-space:nowrap">10006<a name="napkon-vaccination-module-10006"> </a></td><td>Übelkeit und/oder Erbrechen</td></tr><tr><td style="white-space:nowrap">10007<a name="napkon-vaccination-module-10007"> </a></td><td>Durchfall und/oder dünnerer Stuhl</td></tr><tr><td style="white-space:nowrap">10008<a name="napkon-vaccination-module-10008"> </a></td><td>Abgeschlagenheit und/oder vermehrte Müdigkeit</td></tr><tr><td style="white-space:nowrap">11001<a name="napkon-vaccination-module-11001"> </a></td><td>Ein wenig (keine Einschränkung täglicher Aktivitäten)</td></tr><tr><td style="white-space:nowrap">11002<a name="napkon-vaccination-module-11002"> </a></td><td>Mäßig bis stark (Einschränkung täglicher Aktivitäten)</td></tr><tr><td style="white-space:nowrap">11003<a name="napkon-vaccination-module-11003"> </a></td><td>Sehr stark (tägliche Aktivitäten sind nicht mehr möglich)</td></tr><tr><td style="white-space:nowrap">11004<a name="napkon-vaccination-module-11004"> </a></td><td>Potenziell lebensbedrohlich (Behandlung in Rettungsstelle oder Hospitalisierung)</td></tr></table></div>
  </text>
  <url value="https://www.netzwerk-universitaetsmedizin.de/fhir/CodeSystem/napkon-vaccination-module"/>
  <version value="0.1.0"/>
  <name value="NapkonVaccinationModule"/>
  <title value="NapkonVaccinationModule"/>
  <status value="active"/>
  <date value="2021-10-19T15:41:32+00:00"/>
  <publisher value="BIH @ Charité"/>
  <contact>
    <name value="BIH @ Charité"/>
    <telecom>
      <system value="url"/>
      <value value="https://www.netzwerk-universitaetsmedizin.de"/>
    </telecom>
  </contact>
  <description value="NAPKON Vaccination Module Code System - Collection of vaccination module-specific codes that are missing from common terminologies such as SNOMED CT"/>
  <content value="complete"/>
  <count value="57"/>
  <concept>
    <code value="q1001"/>
    <display value="Willingness for additional SARS-CoV-2 vaccination if recommended"/>
  </concept>
  <concept>
    <code value="q1004"/>
    <display value="Medical treatment for actual or potential adverse events"/>
  </concept>
  <concept>
    <code value="q1005"/>
    <display value="General complaints after vaccination"/>
  </concept>
  <concept>
    <code value="q1006"/>
    <display value="Course of SARS-CoV-2 Infection"/>
  </concept>
  <concept>
    <code value="q1007"/>
    <display value="Injection site pain at rest"/>
  </concept>
  <concept>
    <code value="q1008"/>
    <display value="Injection site pain with pressure or movement"/>
  </concept>
  <concept>
    <code value="0001"/>
    <display value="Comirnaty (BioNTech/Pfizer)"/>
  </concept>
  <concept>
    <code value="0002"/>
    <display value="COVID-19 Vaccine Moderna (Moderna Biotech)"/>
  </concept>
  <concept>
    <code value="0003"/>
    <display value="Vaxzevria (AstraZeneca AB)"/>
  </concept>
  <concept>
    <code value="0004"/>
    <display value="COVID-19 Vaccine Janssen (Janssen-Cilag/Johnson &amp; Johnson)"/>
  </concept>
  <concept>
    <code value="1001"/>
    <display value="Nicht erkrankt (keine Symptome)"/>
  </concept>
  <concept>
    <code value="1002"/>
    <display value="Erkrankt und zu Hause"/>
  </concept>
  <concept>
    <code value="1003"/>
    <display value="Erkrankt und im Krankenhaus ohne Sauerstofftherapie"/>
  </concept>
  <concept>
    <code value="1004"/>
    <display value="Erkrankt und im Krankenhaus mit Sauerstofftherapie"/>
  </concept>
  <concept>
    <code value="1005"/>
    <display value="Erkrankt und im Krankenhaus auf einer Intensivstation"/>
  </concept>
  <concept>
    <code value="2001"/>
    <display value="Um mich vor einer Infektion mit SARS-CoV-2 bzw. vor COVID-19 zu schützen"/>
  </concept>
  <concept>
    <code value="2002"/>
    <display value="Um mein privates Umfeld vor einer Infektion mit SARS-CoV-2 bzw. COVID-19 zu schützen"/>
  </concept>
  <concept>
    <code value="2003"/>
    <display value="Um mein Arbetsfeld vor einer Infektion mit SARS-CoV-2 bzw. COVID-19 zu schützen"/>
  </concept>
  <concept>
    <code value="2004"/>
    <display value="Weil alle sich impfen lassen"/>
  </concept>
  <concept>
    <code value="2005"/>
    <display value="Weil ich befürchte aufgrund meines Impfstatus&#39; benachteiligt zu werden (z.B. Reiseverbot, Arbeitsverbot)"/>
  </concept>
  <concept>
    <code value="3001"/>
    <display value="Leichte Schmerzen, diese stören nicht bei täglichen Aktivitäten"/>
  </concept>
  <concept>
    <code value="3002"/>
    <display value="Mäßige Schmerzen, diese stören bei täglichen Aktivitäten"/>
  </concept>
  <concept>
    <code value="3003"/>
    <display value="Sehr starke Schmerzen, die dazu führen, dass täglichen Aktivitäten nicht mehr durchgeführt werden können"/>
  </concept>
  <concept>
    <code value="4001"/>
    <display value="Kleiner als 2,5 Zentimeter"/>
  </concept>
  <concept>
    <code value="4002"/>
    <display value="Zwischen 2,5 und 5 Zentimeter"/>
  </concept>
  <concept>
    <code value="4003"/>
    <display value="Zwischen 5,1 und 10 Zentimeter"/>
  </concept>
  <concept>
    <code value="4004"/>
    <display value="Größer als 10 Zentimeter"/>
  </concept>
  <concept>
    <code value="6001"/>
    <display value="Ja, Behandlung in Arztpraxis oder Rettungsstelle"/>
  </concept>
  <concept>
    <code value="6002"/>
    <display value="Ja, Behandlung mit Aufnahme im Krankenhaus"/>
  </concept>
  <concept>
    <code value="7001"/>
    <display value="Weniger als 37,5 °C"/>
  </concept>
  <concept>
    <code value="7002"/>
    <display value="37,5 °C bis 37,9 °C"/>
  </concept>
  <concept>
    <code value="7003"/>
    <display value="38,0 °C bis 38,4 °C"/>
  </concept>
  <concept>
    <code value="7004"/>
    <display value="38,5 °C bis 38,9 °C"/>
  </concept>
  <concept>
    <code value="7005"/>
    <display value="39,0 °C bis 40,0 °C"/>
  </concept>
  <concept>
    <code value="7006"/>
    <display value="Mehr als 40 °C"/>
  </concept>
  <concept>
    <code value="8001"/>
    <display value="Einmal im Monat oder seltener"/>
  </concept>
  <concept>
    <code value="8002"/>
    <display value="2-4 Mal im Monat"/>
  </concept>
  <concept>
    <code value="8003"/>
    <display value="2-3 Mal pro Woche"/>
  </concept>
  <concept>
    <code value="8004"/>
    <display value="4 Mal oder öfter die Woche"/>
  </concept>
  <concept>
    <code value="8005"/>
    <display value="Nicht mehr (früher gelegentlich)"/>
  </concept>
  <concept>
    <code value="9001"/>
    <display value="0,5 bis 1 alkoholische Getränke pro Tag"/>
  </concept>
  <concept>
    <code value="9002"/>
    <display value="1,5 bis 2 alkoholische Getränke pro Tag"/>
  </concept>
  <concept>
    <code value="9003"/>
    <display value="2,5 bis 3 alkoholische Getränke pro Tag"/>
  </concept>
  <concept>
    <code value="9004"/>
    <display value="3,5 bis 4,5 alkoholische Getränke pro Tag"/>
  </concept>
  <concept>
    <code value="9005"/>
    <display value="5 oder mehr alkoholische Getränke pro Tag"/>
  </concept>
  <concept>
    <code value="10001"/>
    <display value="Fieber und/oder Schüttelfrost (inkl. sich fiebrig fühlen)"/>
  </concept>
  <concept>
    <code value="10002"/>
    <display value="Abgeschlagenheit und/oder vermehrte Müdigkeit"/>
  </concept>
  <concept>
    <code value="10003"/>
    <display value="Neu aufgetretene oder Verstärkung vorbestehender Muskelschmerzen"/>
  </concept>
  <concept>
    <code value="10004"/>
    <display value="Neu aufgetretene oder Verstärkung vorbestehender Gelenkschmerzen"/>
  </concept>
  <concept>
    <code value="10005"/>
    <display value="Schwierigkeiten beim Atmen und/oder Luftnot"/>
  </concept>
  <concept>
    <code value="10006"/>
    <display value="Übelkeit und/oder Erbrechen"/>
  </concept>
  <concept>
    <code value="10007"/>
    <display value="Durchfall und/oder dünnerer Stuhl"/>
  </concept>
  <concept>
    <code value="10008"/>
    <display value="Abgeschlagenheit und/oder vermehrte Müdigkeit"/>
  </concept>
  <concept>
    <code value="11001"/>
    <display value="Ein wenig (keine Einschränkung täglicher Aktivitäten)"/>
  </concept>
  <concept>
    <code value="11002"/>
    <display value="Mäßig bis stark (Einschränkung täglicher Aktivitäten)"/>
  </concept>
  <concept>
    <code value="11003"/>
    <display value="Sehr stark (tägliche Aktivitäten sind nicht mehr möglich)"/>
  </concept>
  <concept>
    <code value="11004"/>
    <display value="Potenziell lebensbedrohlich (Behandlung in Rettungsstelle oder Hospitalisierung)"/>
  </concept>
</CodeSystem>