{
  "resourceType": "Condition",
  "id": "FungalInfection",
  "meta": {
    "profile": [
      "https://www.netzwerk-universitaetsmedizin.de/fhir/StructureDefinition/fungal-infection"
    ]
  },
  "text": {
    "status": "generated",
    "div": "<div xmlns=\"http://www.w3.org/1999/xhtml\"><p><b>Generated Narrative</b></p><p><b>code</b>: <span title=\"Codes: {http://snomed.info/sct 53326005}\">Candida albicans (organism)</span></p><p><b>subject</b>: <a href=\"Patient-ExamplePatient.html\">Generated Summary: Medical record number: napkon-example-patient; maxi musterperson (OFFICIAL); gender: unknown; birthDate: 1990-08-08</a></p></div>"
  },
  "code": {
    "coding": [
      {
        "system": "http://snomed.info/sct",
        "code": "53326005",
        "display": "Candida albicans (organism)"
      }
    ]
  },
  "subject": {
    "reference": "Patient/ExamplePatient"
  }
}