<?xml version="1.0" encoding="UTF-8"?>

<Condition xmlns="http://hl7.org/fhir">
  <id value="instance-supportive-pharmacotherapy-pediatrics"/>
  <meta>
    <profile value="https://www.netzwerk-universitaetsmedizin.de/fhir/StructureDefinition/supportive-pharmacotherapy-pediatrics"/>
  </meta>
  <text>
    <status value="generated"/><div xmlns="http://www.w3.org/1999/xhtml"><p><b>Generated Narrative</b></p><p><b>category</b>: <span title="Codes: {http://snomed.info/sct 169414008}">Supportive pharmacotherapy</span></p><p><b>code</b>: <span title="Codes: {http://snomed.info/sct 127784009}">Inhaled bronchodilator therapy (procedure)</span></p><p><b>subject</b>: <a href="Patient-ExamplePatient.html">Generated Summary: id: napkon-example-patient; maxi musterperson (OFFICIAL); gender: unknown; birthDate: 1990-08-08</a></p></div>
  </text>
  <category>
    <coding>
      <system value="http://snomed.info/sct"/>
      <code value="169414008"/>
    </coding>
  </category>
  <code>
    <coding>
      <system value="http://snomed.info/sct"/>
      <code value="127784009"/>
      <display value="Inhaled bronchodilator therapy (procedure)"/>
    </coding>
  </code>
  <subject>
    <reference value="Patient/ExamplePatient"/>
  </subject>
</Condition>