{
  "resourceType": "Condition",
  "id": "InfectionsComplicationPediatrics",
  "meta": {
    "profile": [
      "https://www.netzwerk-universitaetsmedizin.de/fhir/StructureDefinition/infectious-complications-pediatrics"
    ]
  },
  "text": {
    "status": "generated",
    "div": "<div xmlns=\"http://www.w3.org/1999/xhtml\"><p><b>Generated Narrative</b></p><p><b>code</b>: <span title=\"Codes: {http://snomed.info/sct 235859005:246112005=386134007}\">Liver disorder due to infection where Severity = Significant</span></p><p><b>subject</b>: <a href=\"Patient-ExamplePatient.html\">Generated Summary: id: napkon-example-patient; maxi musterperson (OFFICIAL); gender: unknown; birthDate: 1990-08-08</a></p></div>"
  },
  "code": {
    "coding": [
      {
        "system": "http://snomed.info/sct",
        "code": "235859005:246112005=386134007",
        "display": "Liver disorder due to infection where Severity = Significant"
      }
    ]
  },
  "subject": {
    "reference": "Patient/ExamplePatient"
  }
}