<?xml version="1.0" encoding="UTF-8"?>

<Immunization xmlns="http://hl7.org/fhir">
  <id value="CovidVaccinationDone"/>
  <meta>
    <profile value="https://www.netzwerk-universitaetsmedizin.de/fhir/StructureDefinition/covid-vaccination"/>
  </meta>
  <text>
    <status value="generated"/><div xmlns="http://www.w3.org/1999/xhtml"><p><b>Generated Narrative</b></p><p><b>status</b>: completed</p><p><b>vaccineCode</b>: <span title="Codes: {https://www.netzwerk-universitaetsmedizin.de/fhir/CodeSystem/napkon-vaccination-module 0001}">Comirnaty (BioNTech/Pfizer)</span></p><p><b>patient</b>: <a href="Patient-ExamplePatient.html">Generated Summary: Medical record number: napkon-example-patient; maxi musterperson (OFFICIAL); gender: unknown; birthDate: 1990-08-08</a></p><p><b>occurrence</b>: Oct 1, 2021, 11:06:00 AM</p><p><b>lotNumber</b>: batch-no #2465</p><p><b>reasonCode</b>: <span title="Codes: {https://www.netzwerk-universitaetsmedizin.de/fhir/CodeSystem/napkon-vaccination-module 2004}">Weil alle sich impfen lassen</span></p><h3>ProtocolApplieds</h3><table class="grid"><tr><td>-</td><td><b>TargetDisease</b></td><td><b>DoseNumber[x]</b></td></tr><tr><td>*</td><td><span title="Codes: {http://snomed.info/sct 840539006}">Disease caused by Severe acute respiratory syndrome coronavirus 2 (disorder)</span></td><td>4</td></tr></table></div>
  </text>
  <status value="completed"/>
  <vaccineCode>
    <coding>
      <system value="https://www.netzwerk-universitaetsmedizin.de/fhir/CodeSystem/napkon-vaccination-module"/>
      <code value="0001"/>
      <display value="Comirnaty (BioNTech/Pfizer)"/>
    </coding>
  </vaccineCode>
  <patient>
    <reference value="Patient/ExamplePatient"/>
  </patient>
  <occurrenceDateTime value="2021-10-01T13:06:00+02:00"/>
  <lotNumber value="batch-no #2465"/>
  <reasonCode>
    <coding>
      <system value="https://www.netzwerk-universitaetsmedizin.de/fhir/CodeSystem/napkon-vaccination-module"/>
      <code value="2004"/>
      <display value="Weil alle sich impfen lassen"/>
    </coding>
  </reasonCode>
  <protocolApplied>
    <targetDisease>
      <coding>
        <system value="http://snomed.info/sct"/>
        <code value="840539006"/>
        <display value="Disease caused by Severe acute respiratory syndrome coronavirus 2 (disorder)"/>
      </coding>
    </targetDisease>
    <doseNumberPositiveInt value="4"/>
  </protocolApplied>
</Immunization>