{
  "resourceType": "ImplementationGuide",
  "id": "napkon-bih",
  "text": {
    "status": "extensions",
    "div": "<div xmlns=\"http://www.w3.org/1999/xhtml\"><h2>NAPKONBIH</h2><p>The official URL for this implementation guide is: </p><pre>https://www.netzwerk-universitaetsmedizin.de/fhir/ImplementationGuide/napkon-bih</pre></div>"
  },
  "url": "https://www.netzwerk-universitaetsmedizin.de/fhir/ImplementationGuide/napkon-bih",
  "version": "0.1.0",
  "name": "NAPKONBIH",
  "status": "draft",
  "date": "2021-10-12T09:47:10+00:00",
  "publisher": "BIH @ Charité",
  "contact": [
    {
      "name": "BIH @ Charité",
      "telecom": [
        {
          "system": "url",
          "value": "https://www.netzwerk-universitaetsmedizin.de"
        }
      ]
    }
  ],
  "packageId": "napkon-bih",
  "license": "CC0-1.0",
  "fhirVersion": [
    "4.0.1"
  ],
  "dependsOn": [
    {
      "id": "de_medizininformatikinitiative_kerndatensatz_prozedur",
      "uri": "https://simplifier.net/guide/medizininformatikinitiative-modulprozeduren-implementationguide",
      "packageId": "de.medizininformatikinitiative.kerndatensatz.prozedur",
      "version": "2.0.0-alpha3"
    },
    {
      "id": "de_medizininformatikinitiative_kerndatensatz_person",
      "uri": "https://simplifier.net/guide/medizininformatikinitiative-modulperson-implementationguide",
      "packageId": "de.medizininformatikinitiative.kerndatensatz.person",
      "version": "2.0.0-alpha3"
    },
    {
      "id": "de_medizininformatikinitiative_kerndatensatz_medikation",
      "uri": "https://simplifier.net/guide/medizininformatikinitiative-modulmedikation-implementationguide",
      "packageId": "de.medizininformatikinitiative.kerndatensatz.medikation",
      "version": "1.0.10"
    },
    {
      "id": "de_medizininformatikinitiative_kerndatensatz_diagnose",
      "uri": "https://simplifier.net/guide/medizininformatikinitiative-moduldiagnosen-implementationguide",
      "packageId": "de.medizininformatikinitiative.kerndatensatz.diagnose",
      "version": "2.0.0-alpha3"
    },
    {
      "id": "de_gecco",
      "uri": "https://simplifier.net/guide/germancoronaconsensusdataset-implementationguide",
      "packageId": "de.gecco",
      "version": "1.0.5"
    }
  ],
  "definition": {
    "extension": [
      {
        "extension": [
          {
            "url": "code",
            "valueString": "copyrightyear"
          },
          {
            "url": "value",
            "valueString": "2021+"
          }
        ],
        "url": "http://hl7.org/fhir/tools/StructureDefinition/ig-parameter"
      },
      {
        "extension": [
          {
            "url": "code",
            "valueString": "releaselabel"
          },
          {
            "url": "value",
            "valueString": "ci-build"
          }
        ],
        "url": "http://hl7.org/fhir/tools/StructureDefinition/ig-parameter"
      },
      {
        "extension": [
          {
            "url": "code",
            "valueString": "path-liquid"
          },
          {
            "url": "value",
            "valueString": "template/liquid"
          }
        ],
        "url": "http://hl7.org/fhir/tools/StructureDefinition/ig-parameter"
      },
      {
        "extension": [
          {
            "url": "code",
            "valueString": "path-liquid"
          },
          {
            "url": "value",
            "valueString": "input/liquid"
          }
        ],
        "url": "http://hl7.org/fhir/tools/StructureDefinition/ig-parameter"
      },
      {
        "extension": [
          {
            "url": "code",
            "valueString": "path-qa"
          },
          {
            "url": "value",
            "valueString": "temp/qa"
          }
        ],
        "url": "http://hl7.org/fhir/tools/StructureDefinition/ig-parameter"
      },
      {
        "extension": [
          {
            "url": "code",
            "valueString": "path-temp"
          },
          {
            "url": "value",
            "valueString": "temp/pages"
          }
        ],
        "url": "http://hl7.org/fhir/tools/StructureDefinition/ig-parameter"
      },
      {
        "extension": [
          {
            "url": "code",
            "valueString": "path-output"
          },
          {
            "url": "value",
            "valueString": "output"
          }
        ],
        "url": "http://hl7.org/fhir/tools/StructureDefinition/ig-parameter"
      },
      {
        "extension": [
          {
            "url": "code",
            "valueString": "path-suppressed-warnings"
          },
          {
            "url": "value",
            "valueString": "input/ignoreWarnings.txt"
          }
        ],
        "url": "http://hl7.org/fhir/tools/StructureDefinition/ig-parameter"
      },
      {
        "extension": [
          {
            "url": "code",
            "valueString": "path-history"
          },
          {
            "url": "value",
            "valueString": "https://www.netzwerk-universitaetsmedizin.de/fhir/history.html"
          }
        ],
        "url": "http://hl7.org/fhir/tools/StructureDefinition/ig-parameter"
      },
      {
        "extension": [
          {
            "url": "code",
            "valueString": "template-html"
          },
          {
            "url": "value",
            "valueString": "template-page.html"
          }
        ],
        "url": "http://hl7.org/fhir/tools/StructureDefinition/ig-parameter"
      },
      {
        "extension": [
          {
            "url": "code",
            "valueString": "template-md"
          },
          {
            "url": "value",
            "valueString": "template-page-md.html"
          }
        ],
        "url": "http://hl7.org/fhir/tools/StructureDefinition/ig-parameter"
      },
      {
        "extension": [
          {
            "url": "code",
            "valueString": "apply-contact"
          },
          {
            "url": "value",
            "valueString": "true"
          }
        ],
        "url": "http://hl7.org/fhir/tools/StructureDefinition/ig-parameter"
      },
      {
        "extension": [
          {
            "url": "code",
            "valueString": "apply-context"
          },
          {
            "url": "value",
            "valueString": "true"
          }
        ],
        "url": "http://hl7.org/fhir/tools/StructureDefinition/ig-parameter"
      },
      {
        "extension": [
          {
            "url": "code",
            "valueString": "apply-copyright"
          },
          {
            "url": "value",
            "valueString": "true"
          }
        ],
        "url": "http://hl7.org/fhir/tools/StructureDefinition/ig-parameter"
      },
      {
        "extension": [
          {
            "url": "code",
            "valueString": "apply-jurisdiction"
          },
          {
            "url": "value",
            "valueString": "true"
          }
        ],
        "url": "http://hl7.org/fhir/tools/StructureDefinition/ig-parameter"
      },
      {
        "extension": [
          {
            "url": "code",
            "valueString": "apply-license"
          },
          {
            "url": "value",
            "valueString": "true"
          }
        ],
        "url": "http://hl7.org/fhir/tools/StructureDefinition/ig-parameter"
      },
      {
        "extension": [
          {
            "url": "code",
            "valueString": "apply-publisher"
          },
          {
            "url": "value",
            "valueString": "true"
          }
        ],
        "url": "http://hl7.org/fhir/tools/StructureDefinition/ig-parameter"
      },
      {
        "extension": [
          {
            "url": "code",
            "valueString": "apply-version"
          },
          {
            "url": "value",
            "valueString": "true"
          }
        ],
        "url": "http://hl7.org/fhir/tools/StructureDefinition/ig-parameter"
      },
      {
        "extension": [
          {
            "url": "code",
            "valueString": "active-tables"
          },
          {
            "url": "value",
            "valueString": "true"
          }
        ],
        "url": "http://hl7.org/fhir/tools/StructureDefinition/ig-parameter"
      }
    ],
    "resource": [
      {
        "extension": [
          {
            "url": "http://hl7.org/fhir/tools/StructureDefinition/resource-information",
            "valueString": "StructureDefinition:resource"
          }
        ],
        "reference": {
          "reference": "StructureDefinition/additional-vaccination-willingness"
        },
        "name": "Additional Vaccination Willingness",
        "description": "Willingness of the patient to receive additional COVID-19 vaccination if officially recommended",
        "exampleBoolean": false
      },
      {
        "extension": [
          {
            "url": "http://hl7.org/fhir/tools/StructureDefinition/resource-information",
            "valueString": "StructureDefinition:resource"
          }
        ],
        "reference": {
          "reference": "StructureDefinition/allergic-reaction-to-vaccination"
        },
        "name": "Allergic Reaction To Vaccination",
        "description": "Whether a vaccination caused an allergic reaction",
        "exampleBoolean": false
      },
      {
        "extension": [
          {
            "url": "http://hl7.org/fhir/tools/StructureDefinition/resource-information",
            "valueString": "StructureDefinition:resource"
          }
        ],
        "reference": {
          "reference": "StructureDefinition/analgesic-antipyretic-intake-after-vaccination"
        },
        "name": "Analgesic Antipyretic Intake After Vaccination",
        "description": "Whether a patient took analgesic or antipyretic drugs after a vaccination event",
        "exampleBoolean": false
      },
      {
        "extension": [
          {
            "url": "http://hl7.org/fhir/tools/StructureDefinition/resource-information",
            "valueString": "StructureDefinition:resource"
          }
        ],
        "reference": {
          "reference": "StructureDefinition/body-temperature-after-vaccination"
        },
        "name": "Body Temperature After Vaccination",
        "description": "Maximal body temperature after a vaccination event (indicating fever)",
        "exampleBoolean": false
      },
      {
        "extension": [
          {
            "url": "http://hl7.org/fhir/tools/StructureDefinition/resource-information",
            "valueString": "StructureDefinition:resource"
          }
        ],
        "reference": {
          "reference": "StructureDefinition/chemotherapy"
        },
        "name": "Chemotherapy",
        "description": "Whether a patient is or has been receiving a chemotherapy within the last 3 months",
        "exampleBoolean": false
      },
      {
        "extension": [
          {
            "url": "http://hl7.org/fhir/tools/StructureDefinition/resource-information",
            "valueString": "StructureDefinition:resource"
          }
        ],
        "reference": {
          "reference": "StructureDefinition/covid-vaccination"
        },
        "name": "CovidVaccination",
        "description": "COVID-19 vaccination event",
        "exampleBoolean": false
      },
      {
        "extension": [
          {
            "url": "http://hl7.org/fhir/tools/StructureDefinition/resource-information",
            "valueString": "StructureDefinition:resource"
          }
        ],
        "reference": {
          "reference": "StructureDefinition/general-complaints-after-vaccination"
        },
        "name": "General Complaints After Vaccination",
        "description": "General complaints after a vaccination event",
        "exampleBoolean": false
      },
      {
        "extension": [
          {
            "url": "http://hl7.org/fhir/tools/StructureDefinition/resource-information",
            "valueString": "StructureDefinition:resource"
          }
        ],
        "reference": {
          "reference": "StructureDefinition/immunosuppressive-therapy"
        },
        "name": "Immunosuppressive Therapy",
        "description": "Whether a patient is receiving an immunosuppressive or -modulatory therapy",
        "exampleBoolean": false
      },
      {
        "extension": [
          {
            "url": "http://hl7.org/fhir/tools/StructureDefinition/resource-information",
            "valueString": "StructureDefinition:resource"
          }
        ],
        "reference": {
          "reference": "StructureDefinition/infectious-complications-pediatrics"
        },
        "name": "Pediatry Infectious Complications",
        "description": "Defines constraints and methods on pediatry infectious complications",
        "exampleBoolean": false
      },
      {
        "extension": [
          {
            "url": "http://hl7.org/fhir/tools/StructureDefinition/resource-information",
            "valueString": "StructureDefinition:resource"
          }
        ],
        "reference": {
          "reference": "StructureDefinition/medical-treatment-for-vaccination-adverse-reaction"
        },
        "name": "Medical Treatment For Vaccination Adverse Reaction",
        "description": "Whether a patient underwent medical treatment for a potential or actual adverse reaction to a vaccination event",
        "exampleBoolean": false
      },
      {
        "extension": [
          {
            "url": "http://hl7.org/fhir/tools/StructureDefinition/resource-information",
            "valueString": "StructureDefinition:resource"
          }
        ],
        "reference": {
          "reference": "StructureDefinition/medical-treatment-reason"
        },
        "name": "Medical Treatment Reason",
        "description": "Reason for a medical treatment for a potential or actual adverse reaction to a vaccination event (free text only)",
        "exampleBoolean": false
      },
      {
        "extension": [
          {
            "url": "http://hl7.org/fhir/tools/StructureDefinition/resource-information",
            "valueString": "StructureDefinition:resource"
          }
        ],
        "reference": {
          "reference": "StructureDefinition/regular-alcohol-intake"
        },
        "name": "Regular Alcohol Intake",
        "description": "Whether a patient regularly drinks alcohol",
        "exampleBoolean": false
      },
      {
        "extension": [
          {
            "url": "http://hl7.org/fhir/tools/StructureDefinition/resource-information",
            "valueString": "StructureDefinition:resource"
          }
        ],
        "reference": {
          "reference": "StructureDefinition/regular-alcohol-intake-quantity"
        },
        "name": "Regular Alcohol Intake Quantity",
        "description": "How many alcoholic drinks a patient usually drings per day",
        "exampleBoolean": false
      },
      {
        "extension": [
          {
            "url": "http://hl7.org/fhir/tools/StructureDefinition/resource-information",
            "valueString": "StructureDefinition:resource"
          }
        ],
        "reference": {
          "reference": "StructureDefinition/sars-cov2-infection-vaccination"
        },
        "name": "SARS CoV2 Infection",
        "description": "Whether SARS CoV2 was detected in a patient",
        "exampleBoolean": false
      },
      {
        "extension": [
          {
            "url": "http://hl7.org/fhir/tools/StructureDefinition/resource-information",
            "valueString": "StructureDefinition:resource"
          }
        ],
        "reference": {
          "reference": "StructureDefinition/sars-cov2-infection-course-vaccination"
        },
        "name": "SARS CoV2 Infection Course",
        "description": "Course of a SARS CoV2 infection",
        "exampleBoolean": false
      },
      {
        "extension": [
          {
            "url": "http://hl7.org/fhir/tools/StructureDefinition/resource-information",
            "valueString": "StructureDefinition:resource"
          }
        ],
        "reference": {
          "reference": "StructureDefinition/sars-cov2-variant"
        },
        "name": "SARS CoV2 Variant",
        "description": "Variant/strain of detected SARS CoV2 (Pango Cov-lineage)",
        "exampleBoolean": false
      },
      {
        "extension": [
          {
            "url": "http://hl7.org/fhir/tools/StructureDefinition/resource-information",
            "valueString": "StructureDefinition:resource"
          }
        ],
        "reference": {
          "reference": "StructureDefinition/vaccination-injection-site-erythema"
        },
        "name": "Vaccination Injection Site Erythema",
        "description": "Size of an erythema at a vaccine injection site",
        "exampleBoolean": false
      },
      {
        "extension": [
          {
            "url": "http://hl7.org/fhir/tools/StructureDefinition/resource-information",
            "valueString": "StructureDefinition:resource"
          }
        ],
        "reference": {
          "reference": "StructureDefinition/vaccination-injection-site-pain-movement"
        },
        "name": "Vaccination Injection Site Pain Movement",
        "description": "Pain intensity at vaccine injection site during pressure or movement",
        "exampleBoolean": false
      },
      {
        "extension": [
          {
            "url": "http://hl7.org/fhir/tools/StructureDefinition/resource-information",
            "valueString": "StructureDefinition:resource"
          }
        ],
        "reference": {
          "reference": "StructureDefinition/vaccination-injection-site-pain-rest"
        },
        "name": "Vaccination Injection Site Pain Rest",
        "description": "Pain intensity at vaccine injection site at rest",
        "exampleBoolean": false
      },
      {
        "extension": [
          {
            "url": "http://hl7.org/fhir/tools/StructureDefinition/resource-information",
            "valueString": "StructureDefinition:resource"
          }
        ],
        "reference": {
          "reference": "StructureDefinition/vaccination-injection-site-swelling"
        },
        "name": "Vaccination Injection Site Swelling",
        "description": "Size of an swelling at a vaccine injection site",
        "exampleBoolean": false
      },
      {
        "extension": [
          {
            "url": "http://hl7.org/fhir/tools/StructureDefinition/resource-information",
            "valueString": "ValueSet"
          }
        ],
        "reference": {
          "reference": "ValueSet/analgesics-antipyretics"
        },
        "name": "Analgesics Antipyretics",
        "description": "Analgetic and antipyretic drugs",
        "exampleBoolean": false
      },
      {
        "extension": [
          {
            "url": "http://hl7.org/fhir/tools/StructureDefinition/resource-information",
            "valueString": "ValueSet"
          }
        ],
        "reference": {
          "reference": "ValueSet/body-temperature"
        },
        "name": "Body Temperature",
        "description": "Body temperature categories",
        "exampleBoolean": false
      },
      {
        "extension": [
          {
            "url": "http://hl7.org/fhir/tools/StructureDefinition/resource-information",
            "valueString": "ValueSet"
          }
        ],
        "reference": {
          "reference": "ValueSet/covid19-complications"
        },
        "name": "Covid19 complications",
        "description": "Complications due to COVID19",
        "exampleBoolean": false
      },
      {
        "extension": [
          {
            "url": "http://hl7.org/fhir/tools/StructureDefinition/resource-information",
            "valueString": "ValueSet"
          }
        ],
        "reference": {
          "reference": "ValueSet/covid-vaccination-codes"
        },
        "name": "CovidVaccinationCodes",
        "description": "COVID-19 vaccines",
        "exampleBoolean": false
      },
      {
        "extension": [
          {
            "url": "http://hl7.org/fhir/tools/StructureDefinition/resource-information",
            "valueString": "ValueSet"
          }
        ],
        "reference": {
          "reference": "ValueSet/covid-vaccination-contraindications"
        },
        "name": "covid-vaccination-contraindications",
        "description": "Contraindications precluding COVID-19 vaccination",
        "exampleBoolean": false
      },
      {
        "extension": [
          {
            "url": "http://hl7.org/fhir/tools/StructureDefinition/resource-information",
            "valueString": "ValueSet"
          }
        ],
        "reference": {
          "reference": "ValueSet/covid-vaccination-reasons"
        },
        "name": "Covid Vaccination Reasons",
        "description": "Individual reason for getting vaccinated against COVID-19",
        "exampleBoolean": false
      },
      {
        "extension": [
          {
            "url": "http://hl7.org/fhir/tools/StructureDefinition/resource-information",
            "valueString": "ValueSet"
          }
        ],
        "reference": {
          "reference": "ValueSet/detected-not-detected-unknown-undetermined"
        },
        "name": "Detected Not Detected Unknown Undetermined",
        "description": "Values for laboratory observations",
        "exampleBoolean": false
      },
      {
        "extension": [
          {
            "url": "http://hl7.org/fhir/tools/StructureDefinition/resource-information",
            "valueString": "ValueSet"
          }
        ],
        "reference": {
          "reference": "ValueSet/fungal-infections"
        },
        "name": "Fungal Infections",
        "description": "Value set of fungal infections",
        "exampleBoolean": false
      },
      {
        "extension": [
          {
            "url": "http://hl7.org/fhir/tools/StructureDefinition/resource-information",
            "valueString": "ValueSet"
          }
        ],
        "reference": {
          "reference": "ValueSet/general-complaints-after-vaccination"
        },
        "name": "General Complaints After Vaccination",
        "description": "General complaints after vaccination",
        "exampleBoolean": false
      },
      {
        "extension": [
          {
            "url": "http://hl7.org/fhir/tools/StructureDefinition/resource-information",
            "valueString": "ValueSet"
          }
        ],
        "reference": {
          "reference": "ValueSet/immunosuppressive-permament-medications"
        },
        "name": "Immunosuppressive Permanent Medications",
        "description": "Imunosuppresive medications",
        "exampleBoolean": false
      },
      {
        "extension": [
          {
            "url": "http://hl7.org/fhir/tools/StructureDefinition/resource-information",
            "valueString": "ValueSet"
          }
        ],
        "reference": {
          "reference": "ValueSet/medical-treatment-for-vaccination-adverse-reaction"
        },
        "name": "Medical Treatment For Vaccination Adverse Reaction",
        "description": "Types of medical treatments for potential or actual adverse reactions to a vaccination",
        "exampleBoolean": false
      },
      {
        "extension": [
          {
            "url": "http://hl7.org/fhir/tools/StructureDefinition/resource-information",
            "valueString": "ValueSet"
          }
        ],
        "reference": {
          "reference": "ValueSet/present-not-present-undetermined-other"
        },
        "name": "Present Not Present Undetermined Other",
        "description": "Values for laboratory observations",
        "exampleBoolean": false
      },
      {
        "extension": [
          {
            "url": "http://hl7.org/fhir/tools/StructureDefinition/resource-information",
            "valueString": "ValueSet"
          }
        ],
        "reference": {
          "reference": "ValueSet/regular-alcohol-intake"
        },
        "name": "Regular Alcohol Intake",
        "description": "Frequency of alcoholic beverage intake",
        "exampleBoolean": false
      },
      {
        "extension": [
          {
            "url": "http://hl7.org/fhir/tools/StructureDefinition/resource-information",
            "valueString": "ValueSet"
          }
        ],
        "reference": {
          "reference": "ValueSet/regular-alcohol-intake-quantity"
        },
        "name": "Regular Alcohol Intake Quantity",
        "description": "Number of alcoholic beverages per day",
        "exampleBoolean": false
      },
      {
        "extension": [
          {
            "url": "http://hl7.org/fhir/tools/StructureDefinition/resource-information",
            "valueString": "ValueSet"
          }
        ],
        "reference": {
          "reference": "ValueSet/restricted-event-status"
        },
        "name": "RestrictedEventStatus",
        "description": "EventStatus value set restricted to codes not-done, completed and unknown",
        "exampleBoolean": false
      },
      {
        "extension": [
          {
            "url": "http://hl7.org/fhir/tools/StructureDefinition/resource-information",
            "valueString": "ValueSet"
          }
        ],
        "reference": {
          "reference": "ValueSet/sars-cov2-infection-course"
        },
        "name": "SARS-CoV2 Infection Course",
        "description": "Infection course of SARS-CoV2",
        "exampleBoolean": false
      },
      {
        "extension": [
          {
            "url": "http://hl7.org/fhir/tools/StructureDefinition/resource-information",
            "valueString": "ValueSet"
          }
        ],
        "reference": {
          "reference": "ValueSet/vaccination-injection-site-erythema-size"
        },
        "name": "Vaccination Injection Site Erythema Size",
        "description": "Erythema size category at vaccine injection site",
        "exampleBoolean": false
      },
      {
        "extension": [
          {
            "url": "http://hl7.org/fhir/tools/StructureDefinition/resource-information",
            "valueString": "ValueSet"
          }
        ],
        "reference": {
          "reference": "ValueSet/vaccination-injection-site-swelling-size"
        },
        "name": "Vaccination Injection Site Swelling Size",
        "description": "Swelling size category at vaccine injection site",
        "exampleBoolean": false
      },
      {
        "extension": [
          {
            "url": "http://hl7.org/fhir/tools/StructureDefinition/resource-information",
            "valueString": "ValueSet"
          }
        ],
        "reference": {
          "reference": "ValueSet/vaccination-pain-scale"
        },
        "name": "Vaccination pain scale",
        "description": "Pain intensity at vaccine injection site",
        "exampleBoolean": false
      },
      {
        "extension": [
          {
            "url": "http://hl7.org/fhir/tools/StructureDefinition/resource-information",
            "valueString": "ValueSet"
          }
        ],
        "reference": {
          "reference": "ValueSet/yes-no-unknown"
        },
        "name": "Yes No Unknown",
        "description": "Yes / No / Unknown",
        "exampleBoolean": false
      },
      {
        "extension": [
          {
            "url": "http://hl7.org/fhir/tools/StructureDefinition/resource-information",
            "valueString": "CodeSystem"
          }
        ],
        "reference": {
          "reference": "CodeSystem/napkon-pediatrics-module"
        },
        "name": "NapkonPediatricsModule",
        "description": "NAPKON Pediatrics Module Code System - Collection of pediatrics module-specific codes that are missing from common terminologies such as SNOMED CT",
        "exampleBoolean": false
      },
      {
        "extension": [
          {
            "url": "http://hl7.org/fhir/tools/StructureDefinition/resource-information",
            "valueString": "CodeSystem"
          }
        ],
        "reference": {
          "reference": "CodeSystem/napkon-vaccination-module"
        },
        "name": "NapkonVaccinationModule",
        "description": "NAPKON Vaccination Module Code System - Collection of vaccination module-specific codes that are missing from common terminologies such as SNOMED CT",
        "exampleBoolean": false
      },
      {
        "extension": [
          {
            "url": "http://hl7.org/fhir/tools/StructureDefinition/resource-information",
            "valueString": "Observation"
          }
        ],
        "reference": {
          "reference": "Observation/AdditionalVaccinationWillingness"
        },
        "name": "Additional Vaccination Willingness",
        "description": "Example of a willingness for additional vaccinations item",
        "exampleCanonical": "https://www.netzwerk-universitaetsmedizin.de/fhir/StructureDefinition/additional-vaccination-willingness"
      },
      {
        "extension": [
          {
            "url": "http://hl7.org/fhir/tools/StructureDefinition/resource-information",
            "valueString": "Observation"
          }
        ],
        "reference": {
          "reference": "Observation/AllergicReactionToVaccinationInstance"
        },
        "name": "Allergic Reaction To Vaccination Instance",
        "description": "Example of an undetermined state of an allergic reaction cause by a vaccine",
        "exampleCanonical": "https://www.netzwerk-universitaetsmedizin.de/fhir/StructureDefinition/allergic-reaction-to-vaccination"
      },
      {
        "extension": [
          {
            "url": "http://hl7.org/fhir/tools/StructureDefinition/resource-information",
            "valueString": "Observation"
          }
        ],
        "reference": {
          "reference": "Observation/AllergicReactionToVaccinationInstanceOther"
        },
        "name": "Allergic Reaction To Vaccination Instance",
        "description": "Example of a free-text answer to an allergic reaction caused by vaccination",
        "exampleCanonical": "https://www.netzwerk-universitaetsmedizin.de/fhir/StructureDefinition/allergic-reaction-to-vaccination"
      },
      {
        "extension": [
          {
            "url": "http://hl7.org/fhir/tools/StructureDefinition/resource-information",
            "valueString": "MedicationStatement"
          }
        ],
        "reference": {
          "reference": "MedicationStatement/AnalgesicAntipyreticIntakeAfterVaccination"
        },
        "name": "Analgesic Antipyretic Intake After Vaccination",
        "description": "Example of an antipyretic drug taken after a vaccination event",
        "exampleCanonical": "https://www.netzwerk-universitaetsmedizin.de/fhir/StructureDefinition/analgesic-antipyretic-intake-after-vaccination"
      },
      {
        "extension": [
          {
            "url": "http://hl7.org/fhir/tools/StructureDefinition/resource-information",
            "valueString": "Observation"
          }
        ],
        "reference": {
          "reference": "Observation/BodyTemperatureAfterVaccination"
        },
        "name": "Body Temperature After Vaccination",
        "description": "Example of an elevated body temperature after vaccination",
        "exampleCanonical": "https://www.netzwerk-universitaetsmedizin.de/fhir/StructureDefinition/body-temperature-after-vaccination"
      },
      {
        "extension": [
          {
            "url": "http://hl7.org/fhir/tools/StructureDefinition/resource-information",
            "valueString": "Procedure"
          }
        ],
        "reference": {
          "reference": "Procedure/Chemotherapy"
        },
        "name": "Chemotherapy",
        "description": "Example of a patient not receiving chemotherapy during the last 3 months",
        "exampleCanonical": "https://www.netzwerk-universitaetsmedizin.de/fhir/StructureDefinition/chemotherapy"
      },
      {
        "extension": [
          {
            "url": "http://hl7.org/fhir/tools/StructureDefinition/resource-information",
            "valueString": "Immunization"
          }
        ],
        "reference": {
          "reference": "Immunization/CovidVaccinationDone"
        },
        "name": "Covid Vaccination Done",
        "description": "Example of a patient having received a vaccination",
        "exampleCanonical": "https://www.netzwerk-universitaetsmedizin.de/fhir/StructureDefinition/covid-vaccination"
      },
      {
        "extension": [
          {
            "url": "http://hl7.org/fhir/tools/StructureDefinition/resource-information",
            "valueString": "Immunization"
          }
        ],
        "reference": {
          "reference": "Immunization/CovidVaccinationNotDone"
        },
        "name": "Covid Vaccination Not Done",
        "description": "Example of a patient not receiving a vaccination due to pregnancy",
        "exampleCanonical": "https://www.netzwerk-universitaetsmedizin.de/fhir/StructureDefinition/covid-vaccination"
      },
      {
        "extension": [
          {
            "url": "http://hl7.org/fhir/tools/StructureDefinition/resource-information",
            "valueString": "Immunization"
          }
        ],
        "reference": {
          "reference": "Immunization/CovidVaccinationNotDoneReasonOther"
        },
        "name": "Covid Vaccination Not Done Reason Other",
        "description": "Example of a patient not receiving a vaccination due to a specified (free-text) 'other reason'",
        "exampleCanonical": "https://www.netzwerk-universitaetsmedizin.de/fhir/StructureDefinition/covid-vaccination"
      },
      {
        "extension": [
          {
            "url": "http://hl7.org/fhir/tools/StructureDefinition/resource-information",
            "valueString": "Patient"
          }
        ],
        "reference": {
          "reference": "Patient/ExamplePatient"
        },
        "name": "ExamplePatient",
        "exampleBoolean": true
      },
      {
        "extension": [
          {
            "url": "http://hl7.org/fhir/tools/StructureDefinition/resource-information",
            "valueString": "Condition"
          }
        ],
        "reference": {
          "reference": "Condition/GeneralComplaintsAfterVaccination"
        },
        "name": "General Complaints After Vaccination",
        "description": "Example of a chill after a vaccination event",
        "exampleCanonical": "https://www.netzwerk-universitaetsmedizin.de/fhir/StructureDefinition/general-complaints-after-vaccination"
      },
      {
        "extension": [
          {
            "url": "http://hl7.org/fhir/tools/StructureDefinition/resource-information",
            "valueString": "Procedure"
          }
        ],
        "reference": {
          "reference": "Procedure/ImmunosuppressiveTherapy"
        },
        "name": "Immunosuppressive Therapy",
        "description": "Example of a patient not receiving an immunosuppresive therapy",
        "exampleCanonical": "https://www.netzwerk-universitaetsmedizin.de/fhir/StructureDefinition/immunosuppressive-therapy"
      },
      {
        "extension": [
          {
            "url": "http://hl7.org/fhir/tools/StructureDefinition/resource-information",
            "valueString": "Condition"
          }
        ],
        "reference": {
          "reference": "Condition/InfectionsComplicationPediatrics"
        },
        "name": "InfectionsComplicationPediatrics",
        "description": "Example instance of infectious-complications-pediatrics",
        "exampleCanonical": "https://www.netzwerk-universitaetsmedizin.de/fhir/StructureDefinition/infectious-complications-pediatrics"
      },
      {
        "extension": [
          {
            "url": "http://hl7.org/fhir/tools/StructureDefinition/resource-information",
            "valueString": "Observation"
          }
        ],
        "reference": {
          "reference": "Observation/MedicalTreatmentForVaccinationAdverseReaction"
        },
        "name": "Medical Treatment For Vaccination Adverse Reaction",
        "description": "Example of a patient hospitalized for a potential or actual adverse reaction to a vaccination event",
        "exampleCanonical": "https://www.netzwerk-universitaetsmedizin.de/fhir/StructureDefinition/medical-treatment-for-vaccination-adverse-reaction"
      },
      {
        "extension": [
          {
            "url": "http://hl7.org/fhir/tools/StructureDefinition/resource-information",
            "valueString": "Observation"
          }
        ],
        "reference": {
          "reference": "Observation/MedicalTreatmentReason"
        },
        "name": "Medical Treatment Reason",
        "description": "Example of a skin rash as a reason for a medical treatment for a potential or actual adverse reaction to a vaccination event",
        "exampleCanonical": "https://www.netzwerk-universitaetsmedizin.de/fhir/StructureDefinition/medical-treatment-reason"
      },
      {
        "extension": [
          {
            "url": "http://hl7.org/fhir/tools/StructureDefinition/resource-information",
            "valueString": "Observation"
          }
        ],
        "reference": {
          "reference": "Observation/RegularAlcoholIntake"
        },
        "name": "Regular Alcohol Intake",
        "description": "Example of a patient who does not drink alcohol",
        "exampleCanonical": "https://www.netzwerk-universitaetsmedizin.de/fhir/StructureDefinition/regular-alcohol-intake"
      },
      {
        "extension": [
          {
            "url": "http://hl7.org/fhir/tools/StructureDefinition/resource-information",
            "valueString": "Observation"
          }
        ],
        "reference": {
          "reference": "Observation/RegularAlcoholIntakeQuantity"
        },
        "name": "Regular Alcohol Intake Quantity",
        "description": "Example of intake of 5 or more alcoholic beverages per day",
        "exampleCanonical": "https://www.netzwerk-universitaetsmedizin.de/fhir/StructureDefinition/regular-alcohol-intake-quantity"
      },
      {
        "extension": [
          {
            "url": "http://hl7.org/fhir/tools/StructureDefinition/resource-information",
            "valueString": "Observation"
          }
        ],
        "reference": {
          "reference": "Observation/SARSCoV2Infection"
        },
        "name": "SARS CoV2 Infection",
        "description": "Example of a patient without detected SARS CoV2",
        "exampleCanonical": "https://www.netzwerk-universitaetsmedizin.de/fhir/StructureDefinition/sars-cov2-infection-vaccination"
      },
      {
        "extension": [
          {
            "url": "http://hl7.org/fhir/tools/StructureDefinition/resource-information",
            "valueString": "Observation"
          }
        ],
        "reference": {
          "reference": "Observation/SARSCoV2InfectionCourseInstance"
        },
        "name": "SARS CoV2 Infection Course Instance",
        "description": "Example of a patient who suffered from COVID-19 and was treated on an intensive care unit",
        "exampleCanonical": "https://www.netzwerk-universitaetsmedizin.de/fhir/StructureDefinition/sars-cov2-infection-course-vaccination"
      },
      {
        "extension": [
          {
            "url": "http://hl7.org/fhir/tools/StructureDefinition/resource-information",
            "valueString": "Observation"
          }
        ],
        "reference": {
          "reference": "Observation/SARSCoV2Variant"
        },
        "name": "SARS CoV2 Variant",
        "description": "Example of a SARS CoV2 variant (Pango lineage)",
        "exampleCanonical": "https://www.netzwerk-universitaetsmedizin.de/fhir/StructureDefinition/sars-cov2-variant"
      },
      {
        "extension": [
          {
            "url": "http://hl7.org/fhir/tools/StructureDefinition/resource-information",
            "valueString": "Observation"
          }
        ],
        "reference": {
          "reference": "Observation/VaccinationInjectionSiteErythema"
        },
        "name": "Vaccination Injection Site Erythema",
        "description": "Example of a 2.5-5 cm erythema at a vaccine injection site",
        "exampleCanonical": "https://www.netzwerk-universitaetsmedizin.de/fhir/StructureDefinition/vaccination-injection-site-erythema"
      },
      {
        "extension": [
          {
            "url": "http://hl7.org/fhir/tools/StructureDefinition/resource-information",
            "valueString": "Observation"
          }
        ],
        "reference": {
          "reference": "Observation/VaccinationInjectionSitePainMovement"
        },
        "name": "Vaccination Injection Site Pain Movement Instance",
        "description": "Example of mild pain at vaccine injection site during pressure or movement",
        "exampleCanonical": "https://www.netzwerk-universitaetsmedizin.de/fhir/StructureDefinition/vaccination-injection-site-pain-movement"
      },
      {
        "extension": [
          {
            "url": "http://hl7.org/fhir/tools/StructureDefinition/resource-information",
            "valueString": "Observation"
          }
        ],
        "reference": {
          "reference": "Observation/VaccinationInjectionSitePainRest"
        },
        "name": "Vaccination Injection Site Pain Rest// alcoholic beverage intake",
        "description": "Example of mild pain at vaccine injection site at rest",
        "exampleCanonical": "https://www.netzwerk-universitaetsmedizin.de/fhir/StructureDefinition/vaccination-injection-site-pain-rest"
      },
      {
        "extension": [
          {
            "url": "http://hl7.org/fhir/tools/StructureDefinition/resource-information",
            "valueString": "Observation"
          }
        ],
        "reference": {
          "reference": "Observation/VaccinationInjectionSiteSwelling"
        },
        "name": "Vaccination Injection Site Swelling Instance",
        "description": "Example of a 5.1-10 cm swelling at a vaccine injection site",
        "exampleCanonical": "https://www.netzwerk-universitaetsmedizin.de/fhir/StructureDefinition/vaccination-injection-site-swelling"
      }
    ],
    "page": {
      "nameUrl": "toc.html",
      "title": "Table of Contents",
      "generation": "html",
      "page": [
        {
          "nameUrl": "index.html",
          "title": "Home",
          "generation": "html"
        },
        {
          "nameUrl": "about.html",
          "title": "About",
          "generation": "markdown"
        },
        {
          "nameUrl": "background.html",
          "title": "Background",
          "generation": "html"
        },
        {
          "nameUrl": "changes.html",
          "title": "Changes",
          "generation": "html"
        },
        {
          "nameUrl": "downloads.html",
          "title": "Downloads",
          "generation": "html"
        },
        {
          "nameUrl": "spec.html",
          "title": "Spec",
          "generation": "markdown"
        }
      ]
    },
    "parameter": [
      {
        "code": "path-resource",
        "value": "input/capabilities"
      },
      {
        "code": "path-resource",
        "value": "input/examples"
      },
      {
        "code": "path-resource",
        "value": "input/extensions"
      },
      {
        "code": "path-resource",
        "value": "input/models"
      },
      {
        "code": "path-resource",
        "value": "input/operations"
      },
      {
        "code": "path-resource",
        "value": "input/profiles"
      },
      {
        "code": "path-resource",
        "value": "input/resources"
      },
      {
        "code": "path-resource",
        "value": "input/vocabulary"
      },
      {
        "code": "path-resource",
        "value": "input/maps"
      },
      {
        "code": "path-resource",
        "value": "input/testing"
      },
      {
        "code": "path-resource",
        "value": "input/history"
      },
      {
        "code": "path-resource",
        "value": "fsh-generated/resources"
      },
      {
        "code": "path-pages",
        "value": "template/config"
      },
      {
        "code": "path-pages",
        "value": "input/images"
      },
      {
        "code": "path-tx-cache",
        "value": "input-cache/txcache"
      }
    ]
  }
}