<?xml version="1.0" encoding="UTF-8"?>

<MedicationStatement xmlns="http://hl7.org/fhir">
  <id value="ImmunosuppresivePermanentMedication"/>
  <meta>
    <profile value="https://www.netzwerk-universitaetsmedizin.de/fhir/StructureDefinition/immunosuppresive-permanent-medication"/>
  </meta>
  <text>
    <status value="generated"/><div xmlns="http://www.w3.org/1999/xhtml"><p><b>Generated Narrative</b></p><p><b>status</b>: completed</p><p><b>medication</b>: <span title="Codes: {https://www.netzwerk-universitaetsmedizin.de/fhir/CodeSystem/napkon-pediatrics-module 000007}">Anti-CD3/CD19 antibody (substance)</span></p><p><b>subject</b>: <a href="Patient-ExamplePatient.html">Generated Summary: Medical record number: napkon-example-patient; maxi musterperson (OFFICIAL); gender: unknown; birthDate: 1990-08-08</a></p><p><b>effective</b>: Sep 14, 2021, 11:06:00 AM</p></div>
  </text>
  <status value="completed"/>
  <medicationCodeableConcept>
    <coding>
      <system value="https://www.netzwerk-universitaetsmedizin.de/fhir/CodeSystem/napkon-pediatrics-module"/>
      <code value="000007"/>
      <display value="Anti-CD3/CD19 antibody (substance)"/>
    </coding>
  </medicationCodeableConcept>
  <subject>
    <reference value="Patient/ExamplePatient"/>
  </subject>
  <effectiveDateTime value="2021-09-14T13:06:00+02:00"/>
</MedicationStatement>