<?xml version="1.0" encoding="UTF-8"?>

<Observation xmlns="http://hl7.org/fhir">
  <id value="instance-body-mass-index-pediatrics"/>
  <meta>
    <profile value="https://www.netzwerk-universitaetsmedizin.de/fhir/StructureDefinition/observation-body-mass-index-pediatrics"/>
  </meta>
  <text>
    <status value="generated"/><div xmlns="http://www.w3.org/1999/xhtml"><p><b>Generated Narrative</b></p><p></p><p><b>code</b>: <span title="Codes: {http://loinc.org 39156-5}">Body mass index (BMI) [Ratio]</span></p><p><b>value</b>: 25 BMI</p></div>
  </text>
  <status value="final"/>
  <code>
    <coding>
      <system value="http://loinc.org"/>
      <code value="39156-5"/>
    </coding>
  </code>
  <valueQuantity>
    <value value="25"/>
    <unit value="BMI"/>
    <system value="http://unitsofmeasure.org"/>
  </valueQuantity>
</Observation>