<?xml version="1.0" encoding="UTF-8"?>

<Observation xmlns="http://hl7.org/fhir">
  <id value="SARSCoV2InfectionCourseInstance"/>
  <meta>
    <profile value="https://www.netzwerk-universitaetsmedizin.de/fhir/StructureDefinition/sars-cov2-infection-course-vaccination"/>
  </meta>
  <text>
    <status value="generated"/><div xmlns="http://www.w3.org/1999/xhtml"><p><b>Generated Narrative</b></p><p></p><p><b>code</b>: <span title="Codes: {https://www.netzwerk-universitaetsmedizin.de/fhir/CodeSystem/napkon-vaccination-module q1006}">Course of SARS-CoV-2 Infection</span></p><p><b>value</b>: <span title="Codes: {https://www.netzwerk-universitaetsmedizin.de/fhir/CodeSystem/napkon-vaccination-module 1005}">Erkrankt und im Krankenhaus auf einer Intensivstation</span></p></div>
  </text>
  <status value="final"/>
  <code>
    <coding>
      <system value="https://www.netzwerk-universitaetsmedizin.de/fhir/CodeSystem/napkon-vaccination-module"/>
      <code value="q1006"/>
      <display value="Course of SARS-CoV-2 Infection"/>
    </coding>
  </code>
  <valueCodeableConcept>
    <coding>
      <system value="https://www.netzwerk-universitaetsmedizin.de/fhir/CodeSystem/napkon-vaccination-module"/>
      <code value="1005"/>
      <display value="Erkrankt und im Krankenhaus auf einer Intensivstation"/>
    </coding>
  </valueCodeableConcept>
</Observation>