<?xml version="1.0" encoding="UTF-8"?>

<Observation xmlns="http://hl7.org/fhir">
  <id value="RegularAlcoholIntakeQuantity"/>
  <meta>
    <profile value="https://www.netzwerk-universitaetsmedizin.de/fhir/StructureDefinition/regular-alcohol-intake-quantity"/>
  </meta>
  <text>
    <status value="generated"/><div xmlns="http://www.w3.org/1999/xhtml"><p><b>Generated Narrative</b></p><p></p><p><b>code</b>: <span title="Codes: {http://snomed.info/sct 289153004}">Finding of quantity of drinking (finding)</span></p><p><b>value</b>: <span title="Codes: {https://www.netzwerk-universitaetsmedizin.de/fhir/CodeSystem/napkon-vaccination-module 9005}">5 oder mehr alkoholische Getränke pro Tag</span></p></div>
  </text>
  <status value="final"/>
  <code>
    <coding>
      <system value="http://snomed.info/sct"/>
      <version value="http://snomed.info/sct/900000000000207008/version/20210731"/>
      <code value="289153004"/>
      <display value="Finding of quantity of drinking (finding)"/>
    </coding>
  </code>
  <valueCodeableConcept>
    <coding>
      <system value="https://www.netzwerk-universitaetsmedizin.de/fhir/CodeSystem/napkon-vaccination-module"/>
      <code value="9005"/>
      <display value="5 oder mehr alkoholische Getränke pro Tag"/>
    </coding>
  </valueCodeableConcept>
</Observation>