<?xml version="1.0" encoding="UTF-8"?>

<Observation xmlns="http://hl7.org/fhir">
  <id value="AllergicReactionToVaccinationInstance"/>
  <meta>
    <profile value="https://www.netzwerk-universitaetsmedizin.de/fhir/StructureDefinition/allergic-reaction-to-vaccination"/>
  </meta>
  <text>
    <status value="generated"/><div xmlns="http://www.w3.org/1999/xhtml"><p><b>Generated Narrative</b></p><p></p><p><b>code</b>: <span title="Codes: {http://snomed.info/sct 15920121000119103}">Allergic reaction caused by vaccine (disorder)</span></p><p><b>value</b>: <span title="Codes: {http://snomed.info/sct 373068000}">Undetermined (qualifier value)</span></p></div>
  </text>
  <status value="final"/>
  <code>
    <coding>
      <system value="http://snomed.info/sct"/>
      <code value="15920121000119103"/>
      <display value="Allergic reaction caused by vaccine (disorder)"/>
    </coding>
  </code>
  <valueCodeableConcept>
    <coding>
      <system value="http://snomed.info/sct"/>
      <code value="373068000"/>
      <display value="Undetermined (qualifier value)"/>
    </coding>
  </valueCodeableConcept>
</Observation>