{
  "resourceType": "Observation",
  "id": "SARSCoV2Variant",
  "meta": {
    "profile": [
      "https://www.netzwerk-universitaetsmedizin.de/fhir/StructureDefinition/sars-cov2-variant"
    ]
  },
  "text": {
    "status": "generated",
    "div": "<div xmlns=\"http://www.w3.org/1999/xhtml\"><p><b>Generated Narrative</b></p><p></p><p><b>code</b>: <span title=\"Codes: {http://loinc.org 96741-4}\">SARS-CoV-2 (COVID-19) variant [Type] in Specimen by Sequencing</span></p><p><b>value</b>: B.1.617.2</p></div>"
  },
  "status": "final",
  "code": {
    "coding": [
      {
        "system": "http://loinc.org",
        "code": "96741-4",
        "display": "SARS-CoV-2 (COVID-19) variant [Type] in Specimen by Sequencing"
      }
    ]
  },
  "valueString": "B.1.617.2"
}