{
  "resourceType": "Observation",
  "id": "MedicalTreatmentReason",
  "meta": {
    "profile": [
      "https://www.netzwerk-universitaetsmedizin.de/fhir/StructureDefinition/medical-treatment-reason"
    ]
  },
  "text": {
    "status": "generated",
    "div": "<div xmlns=\"http://www.w3.org/1999/xhtml\"><p><b>Generated Narrative</b></p><p></p><p><b>code</b>: <span title=\"Codes: {http://snomed.info/sct 408773008}\">Reasons for treatment (finding)</span></p><p><b>value</b>: Starker Hautausschlag</p></div>"
  },
  "status": "final",
  "code": {
    "coding": [
      {
        "system": "http://snomed.info/sct",
        "version": "http://snomed.info/sct/900000000000207008/version/20210731",
        "code": "408773008",
        "display": "Reasons for treatment (finding)"
      }
    ]
  },
  "valueString": "Starker Hautausschlag"
}