{
  "resourceType": "Observation",
  "id": "TotalLengthOfStay",
  "meta": {
    "profile": [
      "https://www.netzwerk-universitaetsmedizin.de/fhir/StructureDefinition/total-length-of-stay"
    ]
  },
  "text": {
    "status": "generated",
    "div": "<div xmlns=\"http://www.w3.org/1999/xhtml\"><p><b>Generated Narrative</b></p><p></p><p><b>code</b>: <span title=\"Codes: {http://loinc.org 78033-8}\">Hospital stay duration</span></p><p><b>value</b>: 10 day</p></div>"
  },
  "status": "final",
  "code": {
    "coding": [
      {
        "system": "http://loinc.org",
        "code": "78033-8",
        "display": "Hospital stay duration"
      }
    ]
  },
  "valueQuantity": {
    "value": 10,
    "unit": "day",
    "system": "http://unitsofmeasure.org",
    "code": "d"
  }
}