{
  "resourceType": "Observation",
  "id": "instance-head-circumference-pediatrics",
  "meta": {
    "profile": [
      "https://www.netzwerk-universitaetsmedizin.de/fhir/StructureDefinition/observation-head-circumference-pediatrics"
    ]
  },
  "text": {
    "status": "generated",
    "div": "<div xmlns=\"http://www.w3.org/1999/xhtml\"><p><b>Generated Narrative</b></p><p></p><p><b>code</b>: <span title=\"Codes: {http://loinc.org 9843-4}\">Head Occipital-frontal circumference</span></p><p><b>value</b>: 10 cm</p></div>"
  },
  "status": "final",
  "code": {
    "coding": [
      {
        "system": "http://loinc.org",
        "code": "9843-4"
      }
    ]
  },
  "valueQuantity": {
    "value": 10,
    "unit": "cm",
    "system": "http://unitsofmeasure.org"
  }
}