{
  "resourceType": "Observation",
  "id": "AllergicReactionToVaccinationInstance",
  "meta": {
    "profile": [
      "https://www.netzwerk-universitaetsmedizin.de/fhir/StructureDefinition/allergic-reaction-to-vaccination"
    ]
  },
  "text": {
    "status": "generated",
    "div": "<div xmlns=\"http://www.w3.org/1999/xhtml\"><p><b>Generated Narrative</b></p><p></p><p><b>code</b>: <span title=\"Codes: {http://snomed.info/sct 15920121000119103}\">Allergic reaction caused by vaccine (disorder)</span></p><p><b>value</b>: <span title=\"Codes: {http://snomed.info/sct 373068000}\">Undetermined (qualifier value)</span></p></div>"
  },
  "status": "final",
  "code": {
    "coding": [
      {
        "system": "http://snomed.info/sct",
        "code": "15920121000119103",
        "display": "Allergic reaction caused by vaccine (disorder)"
      }
    ]
  },
  "valueCodeableConcept": {
    "coding": [
      {
        "system": "http://snomed.info/sct",
        "code": "373068000",
        "display": "Undetermined (qualifier value)"
      }
    ]
  }
}