{
  "resourceType": "Procedure",
  "id": "electrocardiographic-ecg-procedure-instance",
  "meta": {
    "profile": [
      "https://www.netzwerk-universitaetsmedizin.de/fhir/StructureDefinition/electrocardiographic-ecg-procedure"
    ]
  },
  "text": {
    "status": "generated",
    "div": "<div xmlns=\"http://www.w3.org/1999/xhtml\"><p><b>Generated Narrative</b></p><p><b>status</b>: not-done</p><p><b>category</b>: <span title=\"Codes: {http://terminology.hl7.org/CodeSystem/observation-category procedure}\">Procedure</span></p><p><b>code</b>: <span title=\"Codes: {http://snomed.info/sct 276341003}\">Cardiovascular investigation (procedure)</span></p><p><b>subject</b>: <a href=\"Patient-ExamplePatient.html\">Generated Summary: id: napkon-example-patient; maxi musterperson (OFFICIAL); gender: unknown; birthDate: 1990-08-08</a></p><p><b>performed</b>: Oct 1, 2021, 11:06:00 AM</p></div>"
  },
  "status": "not-done",
  "category": {
    "coding": [
      {
        "system": "http://terminology.hl7.org/CodeSystem/observation-category",
        "code": "procedure",
        "display": "Procedure"
      }
    ]
  },
  "code": {
    "coding": [
      {
        "system": "http://snomed.info/sct",
        "code": "276341003",
        "display": "Cardiovascular investigation (procedure)"
      }
    ]
  },
  "subject": {
    "reference": "Patient/ExamplePatient"
  },
  "performedDateTime": "2021-10-01T13:06:00+02:00"
}