<?xml version="1.0" encoding="UTF-8"?>

<Procedure xmlns="http://hl7.org/fhir">
  <id value="electrocardiographic-ecg-procedure-instance"/>
  <meta>
    <profile value="https://www.netzwerk-universitaetsmedizin.de/fhir/StructureDefinition/electrocardiographic-ecg-procedure"/>
  </meta>
  <text>
    <status value="generated"/><div xmlns="http://www.w3.org/1999/xhtml"><p><b>Generated Narrative</b></p><p><b>status</b>: not-done</p><p><b>category</b>: <span title="Codes: {http://terminology.hl7.org/CodeSystem/observation-category procedure}">Procedure</span></p><p><b>code</b>: <span title="Codes: {http://snomed.info/sct 276341003}">Cardiovascular investigation (procedure)</span></p><p><b>subject</b>: <a href="Patient-ExamplePatient.html">Generated Summary: id: napkon-example-patient; maxi musterperson (OFFICIAL); gender: unknown; birthDate: 1990-08-08</a></p><p><b>performed</b>: Oct 1, 2021, 11:06:00 AM</p></div>
  </text>
  <status value="not-done"/>
  <category>
    <coding>
      <system value="http://terminology.hl7.org/CodeSystem/observation-category"/>
      <code value="procedure"/>
      <display value="Procedure"/>
    </coding>
  </category>
  <code>
    <coding>
      <system value="http://snomed.info/sct"/>
      <code value="276341003"/>
      <display value="Cardiovascular investigation (procedure)"/>
    </coding>
  </code>
  <subject>
    <reference value="Patient/ExamplePatient"/>
  </subject>
  <performedDateTime value="2021-10-01T13:06:00+02:00"/>
</Procedure>