{
  "package": "napkon-bih",
  "version": "0.1.0",
  "fhirVersion": "4.0.1",
  "extensions": [],
  "profiles": {
    "Observation": [
      {
        "url": "https://www.netzwerk-universitaetsmedizin.de/fhir/StructureDefinition/medical-treatment-for-vaccination-adverse-reaction",
        "title": "Medical Treatment For Vaccination Adverse Reaction"
      },
      {
        "url": "https://www.netzwerk-universitaetsmedizin.de/fhir/StructureDefinition/medical-treatment-reason",
        "title": "Medical Treatment Reason"
      },
      {
        "url": "https://www.netzwerk-universitaetsmedizin.de/fhir/StructureDefinition/regular-alcohol-intake",
        "title": "Regular Alcohol Intake"
      },
      {
        "url": "https://www.netzwerk-universitaetsmedizin.de/fhir/StructureDefinition/regular-alcohol-intake-quantity",
        "title": "Regular Alcohol Intake Quantity"
      },
      {
        "url": "https://www.netzwerk-universitaetsmedizin.de/fhir/StructureDefinition/sars-cov2-infection-course-vaccination",
        "title": "SARS CoV2 Infection Course"
      },
      {
        "url": "https://www.netzwerk-universitaetsmedizin.de/fhir/StructureDefinition/sars-cov2-infection-vaccination",
        "title": "SARS CoV2 Infection"
      },
      {
        "url": "https://www.netzwerk-universitaetsmedizin.de/fhir/StructureDefinition/sars-cov2-variant",
        "title": "SARS CoV2 Variant"
      },
      {
        "url": "https://www.netzwerk-universitaetsmedizin.de/fhir/StructureDefinition/vaccination-injection-site-erythema",
        "title": "Vaccination Injection Site Erythema"
      },
      {
        "url": "https://www.netzwerk-universitaetsmedizin.de/fhir/StructureDefinition/vaccination-injection-site-pain-movement",
        "title": "Vaccination Injection Site Pain Movement"
      },
      {
        "url": "https://www.netzwerk-universitaetsmedizin.de/fhir/StructureDefinition/vaccination-injection-site-pain-rest",
        "title": "Vaccination Injection Site Pain Rest"
      },
      {
        "url": "https://www.netzwerk-universitaetsmedizin.de/fhir/StructureDefinition/vaccination-injection-site-swelling",
        "title": "Vaccination Injection Site Swelling"
      }
    ],
    "MedicationStatement": [
      {
        "url": "https://www.netzwerk-universitaetsmedizin.de/fhir/StructureDefinition/analgesic-antipyretic-intake-after-vaccination",
        "title": "Analgesic Antipyretic Intake After Vaccination"
      }
    ],
    "Procedure": [
      {
        "url": "https://www.netzwerk-universitaetsmedizin.de/fhir/StructureDefinition/immunomodulatory-therapy",
        "title": "Immunomodulatory Therapy"
      }
    ],
    "Immunization": [
      {
        "url": "https://www.netzwerk-universitaetsmedizin.de/fhir/StructureDefinition/covid-vaccination",
        "title": "Covid Vaccination"
      }
    ],
    "Condition": [
      {
        "url": "https://www.netzwerk-universitaetsmedizin.de/fhir/StructureDefinition/general-complaints-after-vaccination",
        "title": "General Complaints After Vaccination"
      }
    ]
  },
  "usage": {
    "http://fhir.de/StructureDefinition/icd-10-gm-diagnosesicherheit": [
      "Condition.code.coding"
    ],
    "http://fhir.de/StructureDefinition/icd-10-gm-mehrfachcodierungs-kennzeichen": [
      "Condition.code.coding"
    ],
    "http://fhir.de/StructureDefinition/lebensphase": [
      "Condition.onset[x].end",
      "Condition.onset[x].start"
    ],
    "http://fhir.de/StructureDefinition/seitenlokalisation": [
      "Condition.code.coding"
    ],
    "http://hl7.org/fhir/StructureDefinition/condition-dueTo": [
      "Condition"
    ],
    "http://hl7.org/fhir/StructureDefinition/condition-related": [
      "Condition"
    ],
    "http://hl7.org/fhir/StructureDefinition/elementdefinition-bestpractice": [
      "StructureDefinition.snapshot.element.constraint"
    ],
    "http://hl7.org/fhir/StructureDefinition/elementdefinition-bestpractice-explanation": [
      "StructureDefinition.snapshot.element.constraint"
    ],
    "http://hl7.org/fhir/StructureDefinition/elementdefinition-bindingName": [
      "StructureDefinition.snapshot.element.binding"
    ],
    "http://hl7.org/fhir/StructureDefinition/elementdefinition-isCommonBinding": [
      "StructureDefinition.snapshot.element.binding"
    ],
    "http://hl7.org/fhir/StructureDefinition/elementdefinition-maxValueSet": [
      "StructureDefinition.snapshot.element.binding"
    ],
    "http://hl7.org/fhir/StructureDefinition/elementdefinition-translatable": [
      "StructureDefinition.snapshot.element"
    ],
    "http://hl7.org/fhir/StructureDefinition/regex": [
      "StructureDefinition.snapshot.element.type"
    ],
    "http://hl7.org/fhir/StructureDefinition/structuredefinition-category": [
      "StructureDefinition"
    ],
    "http://hl7.org/fhir/StructureDefinition/structuredefinition-display-hint": [
      "StructureDefinition.snapshot.element"
    ],
    "http://hl7.org/fhir/StructureDefinition/structuredefinition-fhir-type": [
      "StructureDefinition.snapshot.element.type"
    ],
    "http://hl7.org/fhir/StructureDefinition/structuredefinition-normative-version": [
      "StructureDefinition.snapshot.element"
    ],
    "http://hl7.org/fhir/StructureDefinition/structuredefinition-security-category": [
      "StructureDefinition"
    ],
    "http://hl7.org/fhir/StructureDefinition/structuredefinition-standards-status": [
      "StructureDefinition.snapshot.element"
    ],
    "http://hl7.org/fhir/tools/StructureDefinition/ig-parameter": [
      "ImplementationGuide.definition"
    ],
    "http://hl7.org/fhir/tools/StructureDefinition/resource-information": [
      "ImplementationGuide.definition.resource"
    ],
    "https://www.netzwerk-universitaetsmedizin.de/fhir/StructureDefinition/uncertainty-of-presence": [
      "Condition"
    ]
  }
}