{
  "package": "hl7.de.fhir.napkon-bih",
  "version": "0.1.0-test",
  "fhirVersion": "4.0.1",
  "jurisdiction": "001",
  "extensions": [],
  "profiles": {
    "Observation": [
      {
        "url": "https://www.netzwerk-universitaetsmedizin.de/fhir/StructureDefinition/blood-pressure",
        "title": "Blood Pressure"
      },
      {
        "url": "https://www.netzwerk-universitaetsmedizin.de/fhir/StructureDefinition/body-height",
        "title": "Body Height"
      },
      {
        "url": "https://www.netzwerk-universitaetsmedizin.de/fhir/StructureDefinition/body-temperature",
        "title": "Body Temperature"
      },
      {
        "url": "https://www.netzwerk-universitaetsmedizin.de/fhir/StructureDefinition/body-weight",
        "title": "Body Weight"
      },
      {
        "url": "https://www.netzwerk-universitaetsmedizin.de/fhir/StructureDefinition/heart-rate",
        "title": "Heart Rate"
      },
      {
        "url": "https://www.netzwerk-universitaetsmedizin.de/fhir/StructureDefinition/oxygen-saturation",
        "title": "Oxygen Saturation"
      },
      {
        "url": "https://www.netzwerk-universitaetsmedizin.de/fhir/StructureDefinition/respiratory-rate",
        "title": "Respiratory Rate"
      },
      {
        "url": "https://www.netzwerk-universitaetsmedizin.de/fhir/StructureDefinition/vital-signs-base",
        "title": "Vital Signs Base Profile"
      }
    ]
  },
  "usage": {
    "http://hl7.org/fhir/StructureDefinition/elementdefinition-bestpractice": [
      "StructureDefinition.snapshot.element.constraint"
    ],
    "http://hl7.org/fhir/StructureDefinition/elementdefinition-bestpractice-explanation": [
      "StructureDefinition.snapshot.element.constraint"
    ],
    "http://hl7.org/fhir/StructureDefinition/elementdefinition-bindingName": [
      "StructureDefinition.snapshot.element.binding"
    ],
    "http://hl7.org/fhir/StructureDefinition/elementdefinition-isCommonBinding": [
      "StructureDefinition.snapshot.element.binding"
    ],
    "http://hl7.org/fhir/StructureDefinition/elementdefinition-maxValueSet": [
      "StructureDefinition.snapshot.element.binding"
    ],
    "http://hl7.org/fhir/StructureDefinition/elementdefinition-translatable": [
      "StructureDefinition.snapshot.element"
    ],
    "http://hl7.org/fhir/StructureDefinition/resource-effectivePeriod": [
      "ValueSet"
    ],
    "http://hl7.org/fhir/StructureDefinition/structuredefinition-category": [
      "StructureDefinition"
    ],
    "http://hl7.org/fhir/StructureDefinition/structuredefinition-display-hint": [
      "StructureDefinition.snapshot.element"
    ],
    "http://hl7.org/fhir/StructureDefinition/structuredefinition-fhir-type": [
      "StructureDefinition.snapshot.element.type"
    ],
    "http://hl7.org/fhir/StructureDefinition/structuredefinition-security-category": [
      "StructureDefinition"
    ],
    "http://hl7.org/fhir/StructureDefinition/structuredefinition-standards-status": [
      "StructureDefinition.snapshot.element"
    ],
    "http://hl7.org/fhir/tools/StructureDefinition/ig-parameter": [
      "ImplementationGuide.definition"
    ],
    "http://hl7.org/fhir/tools/StructureDefinition/resource-information": [
      "ImplementationGuide.definition.resource"
    ]
  }
}