<?xml version="1.0" encoding="UTF-8"?>

<ValueSet xmlns="http://hl7.org/fhir">
  <id value="vaccination-injection-site-swelling-size"/>
  <text>
    <status value="generated"/><div xmlns="http://www.w3.org/1999/xhtml"><p>This value set includes codes based on the following rules:</p><ul><li>Include these codes as defined in <a href="http://www.snomed.org/"><code>http://snomed.info/sct</code></a> version <code>http://snomed.info/sct/900000000000207008/version/20210731</code><table class="none"><tr><td style="white-space:nowrap"><b>Code</b></td><td><b>Display</b></td></tr><tr><td><a href="http://browser.ihtsdotools.org/?perspective=full&amp;conceptId1=300890009">300890009</a></td><td>Swelling absent (situation)</td></tr></table></li><li>Include these codes as defined in <a href="CodeSystem-napkon-vaccination-module.html"><code>https://www.netzwerk-universitaetsmedizin.de/fhir/CodeSystem/napkon-vaccination-module</code></a><table class="none"><tr><td style="white-space:nowrap"><b>Code</b></td><td><b>Display</b></td></tr><tr><td><a href="CodeSystem-napkon-vaccination-module.html#napkon-vaccination-module-4001">4001</a></td><td>Kleiner als 2,5 Zentimeter</td></tr><tr><td><a href="CodeSystem-napkon-vaccination-module.html#napkon-vaccination-module-4002">4002</a></td><td>Zwischen 2,5 und 5 Zentimeter</td></tr><tr><td><a href="CodeSystem-napkon-vaccination-module.html#napkon-vaccination-module-4003">4003</a></td><td>Zwischen 5,1 und 10 Zentimeter</td></tr><tr><td><a href="CodeSystem-napkon-vaccination-module.html#napkon-vaccination-module-4004">4004</a></td><td>Größer als 10 Zentimeter</td></tr></table></li></ul></div>
  </text>
  <url value="https://www.netzwerk-universitaetsmedizin.de/fhir/ValueSet/vaccination-injection-site-swelling-size"/>
  <version value="0.1.0"/>
  <name value="VaccinationInjectionSiteSwellingSize"/>
  <title value="Vaccination Injection Site Swelling Size"/>
  <status value="active"/>
  <date value="2021-10-19T15:41:32+00:00"/>
  <publisher value="BIH @ Charité"/>
  <contact>
    <name value="BIH @ Charité"/>
    <telecom>
      <system value="url"/>
      <value value="https://www.netzwerk-universitaetsmedizin.de"/>
    </telecom>
  </contact>
  <description value="Swelling size category at vaccine injection site"/>
  <compose>
    <include>
      <system value="http://snomed.info/sct"/>
      <version value="http://snomed.info/sct/900000000000207008/version/20210731"/>
      <concept>
        <code value="300890009"/>
        <display value="Swelling absent (situation)"/>
      </concept>
    </include>
    <include>
      <system value="https://www.netzwerk-universitaetsmedizin.de/fhir/CodeSystem/napkon-vaccination-module"/>
      <concept>
        <code value="4001"/>
        <display value="Kleiner als 2,5 Zentimeter"/>
      </concept>
      <concept>
        <code value="4002"/>
        <display value="Zwischen 2,5 und 5 Zentimeter"/>
      </concept>
      <concept>
        <code value="4003"/>
        <display value="Zwischen 5,1 und 10 Zentimeter"/>
      </concept>
      <concept>
        <code value="4004"/>
        <display value="Größer als 10 Zentimeter"/>
      </concept>
    </include>
  </compose>
</ValueSet>