{
  "resourceType": "ValueSet",
  "id": "syndromic-diseases-pediatrics",
  "text": {
    "status": "generated",
    "div": "<div xmlns=\"http://www.w3.org/1999/xhtml\"><p>This value set includes codes based on the following rules:</p><ul/></div>"
  },
  "url": "https://www.netzwerk-universitaetsmedizin.de/fhir/ValueSet/syndromic-diseases-pediatrics",
  "version": "0.1.0",
  "name": "SyndromicDiseasesPediatrics",
  "title": "Syndromic diseases Pediatrics",
  "status": "draft",
  "date": "2021-05-28",
  "publisher": "BIH @ Charité",
  "contact": [
    {
      "name": "BIH @ Charité",
      "telecom": [
        {
          "system": "url",
          "value": "https://www.netzwerk-universitaetsmedizin.de"
        }
      ]
    }
  ],
  "description": "Syndromic diseases in the context of Covid-19 and Pediatrics"
}