{
  "resourceType": "ValueSet",
  "id": "pediatric-medication-codes",
  "text": {
    "status": "generated",
    "div": "<div xmlns=\"http://www.w3.org/1999/xhtml\"><p>This value set includes codes based on the following rules:</p><ul><li>Include these codes as defined in <a href=\"http://www.snomed.org/\"><code>http://snomed.info/sct</code></a><table class=\"none\"><tr><td style=\"white-space:nowrap\"><b>Code</b></td><td><b>Display</b></td></tr><tr><td><a href=\"http://browser.ihtsdotools.org/?perspective=full&amp;conceptId1=387458008\">387458008</a></td><td>Aspirin (substance)</td></tr><tr><td><a href=\"http://browser.ihtsdotools.org/?perspective=full&amp;conceptId1=333710000\">333710000</a></td><td>Product containing immunoglobulin (product)</td></tr><tr><td><a href=\"http://browser.ihtsdotools.org/?perspective=full&amp;conceptId1=444648007\">444648007</a></td><td>Tocilizumab (substance)</td></tr><tr><td><a href=\"http://browser.ihtsdotools.org/?perspective=full&amp;conceptId1=385549000\">385549000</a></td><td>Anakinra (substance)</td></tr></table></li><li>Include codes from <a href=\"http://www.snomed.org/\"><code>http://snomed.info/sct</code></a> where concept  is-a  373213009 (Inotropic agent (substance))</li><li>Include codes from <a href=\"http://www.snomed.org/\"><code>http://snomed.info/sct</code></a> where concept  is-a  870406003 (Vasopressor)</li></ul></div>"
  },
  "url": "https://www.netzwerk-universitaetsmedizin.de/fhir/ValueSet/pediatric-medication-codes",
  "version": "0.1.0",
  "name": "PediatricMedicationCodes",
  "title": "ValueSet for Pediatric Module",
  "status": "draft",
  "date": "2021-05-28",
  "publisher": "BIH @ Charité",
  "contact": [
    {
      "name": "BIH @ Charité",
      "telecom": [
        {
          "system": "url",
          "value": "https://www.netzwerk-universitaetsmedizin.de"
        }
      ]
    }
  ],
  "description": "Codes related to the Pediatric Module.",
  "compose": {
    "include": [
      {
        "system": "http://snomed.info/sct",
        "concept": [
          {
            "code": "387458008",
            "display": "Aspirin (substance)"
          },
          {
            "code": "333710000",
            "display": "Product containing immunoglobulin (product)"
          },
          {
            "code": "444648007",
            "display": "Tocilizumab (substance)"
          },
          {
            "code": "385549000",
            "display": "Anakinra (substance)"
          }
        ]
      },
      {
        "system": "http://snomed.info/sct",
        "filter": [
          {
            "property": "concept",
            "op": "is-a",
            "value": "373213009"
          }
        ]
      },
      {
        "system": "http://snomed.info/sct",
        "filter": [
          {
            "property": "concept",
            "op": "is-a",
            "value": "870406003"
          }
        ]
      }
    ]
  }
}