{
  "resourceType": "ValueSet",
  "id": "chronic-haematologic-diseases-pediatrics",
  "text": {
    "status": "generated",
    "div": "<div xmlns=\"http://www.w3.org/1999/xhtml\"><ul><li>Include these codes as defined in <a href=\"http://www.snomed.org/\"><code>http://snomed.info/sct</code></a><table class=\"none\"><tr><td style=\"white-space:nowrap\"><b>Code</b></td><td><b>Display</b></td><td><b>Deutsch (Deutschland) (German (Germany), de)</b></td></tr><tr><td><a href=\"http://browser.ihtsdotools.org/?perspective=full&amp;conceptId1=61261009\">61261009</a></td><td>Hemolytic anemia (disorder)</td><td>Haemolytische Anaemie</td></tr><tr><td><a href=\"http://browser.ihtsdotools.org/?perspective=full&amp;conceptId1=40108008\">40108008</a></td><td>Thalassemia (disorder)</td><td>Thalassämie</td></tr><tr><td><a href=\"http://browser.ihtsdotools.org/?perspective=full&amp;conceptId1=127040003\">127040003</a></td><td>Sickle cell-hemoglobin SS disease (disorder)</td><td>Sichelzellanämie</td></tr><tr><td><a href=\"http://browser.ihtsdotools.org/?perspective=full&amp;conceptId1=62403005\">62403005</a></td><td>Glucose-6-phosphate dehydrogenase deficiency anemia (disorder)</td><td>G6PD-Mangel-Anämie</td></tr><tr><td><a href=\"http://browser.ihtsdotools.org/?perspective=full&amp;conceptId1=87522002\">87522002</a></td><td>Iron deficiency anemia (disorder)</td><td>Eisenmangelanämie</td></tr><tr><td><a href=\"http://browser.ihtsdotools.org/?perspective=full&amp;conceptId1=248693006\">248693006</a></td><td>Chronic idiopathic neutropenia (disorder)</td><td>Chronische Neutropenie</td></tr><tr><td><a href=\"http://browser.ihtsdotools.org/?perspective=full&amp;conceptId1=109995007\">109995007</a></td><td>Myelodysplastic syndrome (disorder)</td><td>Myelodysplastisches Syndrom</td></tr><tr><td><a href=\"http://browser.ihtsdotools.org/?perspective=full&amp;conceptId1=64779008\">64779008</a></td><td>Blood coagulation disorder (disorder)</td><td>Gerinnungsstörung</td></tr></table></li></ul></div>"
  },
  "url": "http://example.org/fhir/ValueSet/chronic-haematologic-diseases-pediatrics",
  "version": "0.1.0-test",
  "name": "ChronicHaematologicDiseasesPediatrics",
  "title": "ChronicHaematologicDiseasesPediatricsVS",
  "status": "draft",
  "date": "2021-07-16T07:30:20+00:00",
  "publisher": "Berlin Institute of Health @ Charité",
  "contact": [
    {
      "telecom": [
        {
          "system": "url",
          "value": "https://bihealth.org"
        }
      ]
    }
  ],
  "description": "Chronic haematologic diseases the context of pediatrics and Covid-19",
  "jurisdiction": [
    {
      "coding": [
        {
          "system": "http://unstats.un.org/unsd/methods/m49/m49.htm",
          "code": "001"
        }
      ]
    }
  ],
  "compose": {
    "include": [
      {
        "system": "http://snomed.info/sct",
        "concept": [
          {
            "code": "61261009",
            "display": "Hemolytic anemia (disorder)",
            "designation": [
              {
                "language": "de-DE",
                "use": {
                  "code": "900000000000013009",
                  "display": "Synonym"
                },
                "value": "Haemolytische Anaemie"
              }
            ]
          },
          {
            "code": "40108008",
            "display": "Thalassemia (disorder)",
            "designation": [
              {
                "language": "de-DE",
                "use": {
                  "code": "900000000000013009",
                  "display": "Synonym"
                },
                "value": "Thalassämie"
              }
            ]
          },
          {
            "code": "127040003",
            "display": "Sickle cell-hemoglobin SS disease (disorder)",
            "designation": [
              {
                "language": "de-DE",
                "use": {
                  "code": "900000000000013009",
                  "display": "Synonym"
                },
                "value": "Sichelzellanämie"
              }
            ]
          },
          {
            "code": "62403005",
            "display": "Glucose-6-phosphate dehydrogenase deficiency anemia (disorder)",
            "designation": [
              {
                "language": "de-DE",
                "use": {
                  "code": "900000000000013009",
                  "display": "Synonym"
                },
                "value": "G6PD-Mangel-Anämie"
              }
            ]
          },
          {
            "code": "87522002",
            "display": "Iron deficiency anemia (disorder)",
            "designation": [
              {
                "language": "de-DE",
                "use": {
                  "code": "900000000000013009",
                  "display": "Synonym"
                },
                "value": "Eisenmangelanämie"
              }
            ]
          },
          {
            "code": "248693006",
            "display": "Chronic idiopathic neutropenia (disorder)",
            "designation": [
              {
                "language": "de-DE",
                "use": {
                  "code": "900000000000013009",
                  "display": "Synonym"
                },
                "value": "Chronische Neutropenie"
              }
            ]
          },
          {
            "code": "109995007",
            "display": "Myelodysplastic syndrome (disorder)",
            "designation": [
              {
                "language": "de-DE",
                "use": {
                  "code": "900000000000013009",
                  "display": "Synonym"
                },
                "value": "Myelodysplastisches Syndrom"
              }
            ]
          },
          {
            "code": "64779008",
            "display": "Blood coagulation disorder (disorder)",
            "designation": [
              {
                "language": "de-DE",
                "use": {
                  "code": "900000000000013009",
                  "display": "Synonym"
                },
                "value": "Gerinnungsstörung"
              }
            ]
          }
        ]
      }
    ]
  }
}