<?xml version="1.0" encoding="UTF-8"?>

<ValueSet xmlns="http://hl7.org/fhir">
  <id value="gastrointestinal-diseases-pediatrics"/>
  <text>
    <status value="generated"/><div xmlns="http://www.w3.org/1999/xhtml"><ul><li>Include codes from <a href="http://www.snomed.org/"><code>http://snomed.info/sct</code></a> where concept  is-a  119292006 (Disorder of gastrointestinal tract (disorder))</li></ul></div>
  </text>
  <url value="https://www.netzwerk-universitaetsmedizin.de/fhir/ValueSet/gastrointestinal-diseases-pediatrics"/>
  <version value="0.1.0"/>
  <name value="GastrointestinalDiseasesPediatrics"/>
  <title value="VSGastrointestinal Diseases Pediatrics"/>
  <status value="draft"/>
  <date value="2021-08-11"/>
  <publisher value="BIH @ Charité"/>
  <contact>
    <name value="BIH @ Charité"/>
    <telecom>
      <system value="url"/>
      <value value="https://www.netzwerk-universitaetsmedizin.de"/>
    </telecom>
  </contact>
  <description value="Gastrointestinal diseases in the context of pediatrics and Covid-19"/>
  <compose>
    <include>
      <system value="http://snomed.info/sct"/>
      <filter>
        <property value="concept"/>
        <op value="is-a"/>
        <value value="119292006"/>
      </filter>
    </include>
  </compose>
</ValueSet>