<?xml version="1.0" encoding="UTF-8"?>

<ValueSet xmlns="http://hl7.org/fhir">
  <id value="vaccination-pain-scale"/>
  <text>
    <status value="generated"/><div xmlns="http://www.w3.org/1999/xhtml"><p>This value set includes codes based on the following rules:</p><ul><li>Include these codes as defined in <a href="http://www.snomed.org/"><code>http://snomed.info/sct</code></a><table class="none"><tr><td style="white-space:nowrap"><b>Code</b></td><td><b>Display</b></td></tr><tr><td><a href="http://browser.ihtsdotools.org/?perspective=full&amp;conceptId1=81765008">81765008</a></td><td>No pain (situation)</td></tr></table></li><li>Include these codes as defined in <a href="CodeSystem-napkon-vaccination-module.html"><code>https://www.netzwerk-universitaetsmedizin.de/fhir/CodeSystem/napkon-vaccination-module</code></a><table class="none"><tr><td style="white-space:nowrap"><b>Code</b></td><td><b>Display</b></td></tr><tr><td><a href="CodeSystem-napkon-vaccination-module.html#napkon-vaccination-module-3001">3001</a></td><td>Leichte Schmerzen, diese stören nicht bei täglichen Aktivitäten</td></tr><tr><td><a href="CodeSystem-napkon-vaccination-module.html#napkon-vaccination-module-3002">3002</a></td><td>Mäßige Schmerzen, diese stören bei täglichen Aktivitäten</td></tr><tr><td><a href="CodeSystem-napkon-vaccination-module.html#napkon-vaccination-module-3003">3003</a></td><td>Sehr starke Schmerzen, die dazu führen, dass täglichen Aktivitäten nicht mehr durchgeführt werden können</td></tr></table></li></ul></div>
  </text>
  <url value="https://www.netzwerk-universitaetsmedizin.de/fhir/ValueSet/vaccination-pain-scale"/>
  <version value="0.1.0"/>
  <name value="VaccinationPainScale"/>
  <title value="Vaccination pain scale"/>
  <status value="active"/>
  <date value="2021-10-12T18:03:57+00:00"/>
  <publisher value="BIH @ Charité"/>
  <contact>
    <name value="BIH @ Charité"/>
    <telecom>
      <system value="url"/>
      <value value="https://www.netzwerk-universitaetsmedizin.de"/>
    </telecom>
  </contact>
  <description value="Pain intensity at vaccine injection site"/>
  <compose>
    <include>
      <system value="http://snomed.info/sct"/>
      <concept>
        <code value="81765008"/>
        <display value="No pain (situation)"/>
      </concept>
    </include>
    <include>
      <system value="https://www.netzwerk-universitaetsmedizin.de/fhir/CodeSystem/napkon-vaccination-module"/>
      <concept>
        <code value="3001"/>
        <display value="Leichte Schmerzen, diese stören nicht bei täglichen Aktivitäten"/>
      </concept>
      <concept>
        <code value="3002"/>
        <display value="Mäßige Schmerzen, diese stören bei täglichen Aktivitäten"/>
      </concept>
      <concept>
        <code value="3003"/>
        <display value="Sehr starke Schmerzen, die dazu führen, dass täglichen Aktivitäten nicht mehr durchgeführt werden können"/>
      </concept>
    </include>
  </compose>
</ValueSet>