{
  "resourceType": "ValueSet",
  "id": "vs-supportive-pharmacotherapy-pediatrics",
  "text": {
    "status": "generated",
    "div": "<div xmlns=\"http://www.w3.org/1999/xhtml\"><ul><li>Include these codes as defined in <a href=\"http://www.snomed.org/\"><code>http://snomed.info/sct</code></a><table class=\"none\"><tr><td style=\"white-space:nowrap\"><b>Code</b></td><td><b>Display</b></td><td><b>Deutsch (Deutschland) (German (Germany), de)</b></td></tr><tr><td><a href=\"http://browser.ihtsdotools.org/?perspective=full&amp;conceptId1=127784009\">127784009</a></td><td>Inhaled bronchodilator therapy (procedure)</td><td>Bronchodilatoren</td></tr><tr><td><a href=\"http://browser.ihtsdotools.org/?perspective=full&amp;conceptId1=6710000\">6710000</a></td><td>Nitric oxide (substance)</td><td>Inhaltation Stickstoffmonoxid</td></tr></table></li></ul></div>"
  },
  "url": "https://www.netzwerk-universitaetsmedizin.de/fhir/ValueSet/vs-supportive-pharmacotherapy-pediatrics",
  "version": "0.1.0",
  "name": "SupportivePharmacotherapy",
  "title": "ValuesetSupportivePharmacotherapy",
  "status": "draft",
  "date": "2021-09-13",
  "publisher": "BIH @ Charité",
  "contact": [
    {
      "name": "BIH @ Charité",
      "telecom": [
        {
          "system": "url",
          "value": "https://www.netzwerk-universitaetsmedizin.de"
        }
      ]
    }
  ],
  "description": "Supportive pharamcotherapy used in the context of Covid-19 and Pediatrics",
  "compose": {
    "include": [
      {
        "system": "http://snomed.info/sct",
        "concept": [
          {
            "code": "127784009",
            "display": "Inhaled bronchodilator therapy (procedure)",
            "designation": [
              {
                "language": "de-DE",
                "use": {
                  "code": "900000000000013009",
                  "display": "Synonym"
                },
                "value": "Bronchodilatoren"
              }
            ]
          },
          {
            "code": "6710000",
            "display": "Nitric oxide (substance)",
            "designation": [
              {
                "language": "de-DE",
                "use": {
                  "code": "900000000000013009",
                  "display": "Synonym"
                },
                "value": "Inhaltation Stickstoffmonoxid"
              }
            ]
          }
        ]
      }
    ]
  }
}