<?xml version="1.0" encoding="UTF-8"?>

<ValueSet xmlns="http://hl7.org/fhir">
  <id value="medical-treatment-for-vaccination-adverse-reaction"/>
  <text>
    <status value="generated"/><div xmlns="http://www.w3.org/1999/xhtml"><p>This value set includes codes based on the following rules:</p><ul><li>Include these codes as defined in <a href="http://www.snomed.org/"><code>http://snomed.info/sct</code></a> version <code>http://snomed.info/sct/900000000000207008/version/20210731</code><table class="none"><tr><td style="white-space:nowrap"><b>Code</b></td><td><b>Display</b></td></tr><tr><td><a href="http://browser.ihtsdotools.org/?perspective=full&amp;conceptId1=373067005">373067005</a></td><td>No (qualifier value)</td></tr></table></li><li>Include these codes as defined in <a href="CodeSystem-napkon-vaccination-module.html"><code>https://www.netzwerk-universitaetsmedizin.de/fhir/CodeSystem/napkon-vaccination-module</code></a><table class="none"><tr><td style="white-space:nowrap"><b>Code</b></td><td><b>Display</b></td></tr><tr><td><a href="CodeSystem-napkon-vaccination-module.html#napkon-vaccination-module-6001">6001</a></td><td>Ja, Behandlung in Arztpraxis oder Rettungsstelle</td></tr><tr><td><a href="CodeSystem-napkon-vaccination-module.html#napkon-vaccination-module-6002">6002</a></td><td>Ja, Behandlung mit Aufnahme im Krankenhaus</td></tr></table></li></ul></div>
  </text>
  <url value="https://www.netzwerk-universitaetsmedizin.de/fhir/ValueSet/medical-treatment-for-vaccination-adverse-reaction"/>
  <version value="0.1.0"/>
  <name value="MedicalTreatmentForVaccinationAdverseReaction"/>
  <title value="Medical Treatment For Vaccination Adverse Reaction"/>
  <status value="active"/>
  <date value="2021-10-19T22:00:24+00:00"/>
  <publisher value="BIH @ Charité"/>
  <contact>
    <name value="BIH @ Charité"/>
    <telecom>
      <system value="url"/>
      <value value="https://www.netzwerk-universitaetsmedizin.de"/>
    </telecom>
  </contact>
  <description value="Types of medical treatments for potential or actual adverse reactions to a vaccination"/>
  <compose>
    <include>
      <system value="http://snomed.info/sct"/>
      <version value="http://snomed.info/sct/900000000000207008/version/20210731"/>
      <concept>
        <code value="373067005"/>
        <display value="No (qualifier value)"/>
      </concept>
    </include>
    <include>
      <system value="https://www.netzwerk-universitaetsmedizin.de/fhir/CodeSystem/napkon-vaccination-module"/>
      <concept>
        <code value="6001"/>
        <display value="Ja, Behandlung in Arztpraxis oder Rettungsstelle"/>
      </concept>
      <concept>
        <code value="6002"/>
        <display value="Ja, Behandlung mit Aufnahme im Krankenhaus"/>
      </concept>
    </include>
  </compose>
</ValueSet>