{
  "resourceType": "ValueSet",
  "id": "detected-not-detected-unknown-undetermined",
  "text": {
    "status": "generated",
    "div": "<div xmlns=\"http://www.w3.org/1999/xhtml\"><ul><li>Include these codes as defined in <a href=\"http://www.snomed.org/\"><code>http://snomed.info/sct</code></a><table class=\"none\"><tr><td style=\"white-space:nowrap\"><b>Code</b></td><td><b>Display</b></td></tr><tr><td><a href=\"http://browser.ihtsdotools.org/?perspective=full&amp;conceptId1=260373001\">260373001</a></td><td>Detected (qualifier value)</td></tr><tr><td><a href=\"http://browser.ihtsdotools.org/?perspective=full&amp;conceptId1=260415000\">260415000</a></td><td>Not detected (qualifier value)</td></tr><tr><td><a href=\"http://browser.ihtsdotools.org/?perspective=full&amp;conceptId1=261665006\">261665006</a></td><td>Unknown (qualifier value)</td></tr><tr><td><a href=\"http://browser.ihtsdotools.org/?perspective=full&amp;conceptId1=373068000\">373068000</a></td><td>Undetermined (qualifier value)</td></tr></table></li></ul></div>"
  },
  "url": "https://www.netzwerk-universitaetsmedizin.de/fhir/ValueSet/detected-not-detected-unknown-undetermined",
  "version": "0.1.0",
  "name": "DetectedNotDetectedUnknownUndetermined",
  "title": "Detected Not Detected Unknown Undetermined",
  "status": "active",
  "date": "2021-10-12T17:20:00+00:00",
  "publisher": "BIH @ Charité",
  "contact": [
    {
      "name": "BIH @ Charité",
      "telecom": [
        {
          "system": "url",
          "value": "https://www.netzwerk-universitaetsmedizin.de"
        }
      ]
    }
  ],
  "description": "Values for laboratory observations",
  "compose": {
    "include": [
      {
        "system": "http://snomed.info/sct",
        "concept": [
          {
            "code": "260373001",
            "display": "Detected (qualifier value)"
          },
          {
            "code": "260415000",
            "display": "Not detected (qualifier value)"
          },
          {
            "code": "261665006",
            "display": "Unknown (qualifier value)"
          },
          {
            "code": "373068000",
            "display": "Undetermined (qualifier value)"
          }
        ]
      }
    ]
  }
}