<?xml version="1.0" encoding="UTF-8"?>

<ValueSet xmlns="http://hl7.org/fhir">
  <id value="bacterial-infectious-complications-sct"/>
  <text>
    <status value="generated"/><div xmlns="http://www.w3.org/1999/xhtml"><ul><li>Include these codes as defined in <a href="http://www.snomed.org/"><code>http://snomed.info/sct</code></a><table class="none"><tr><td style="white-space:nowrap"><b>Code</b></td><td><b>Display</b></td></tr><tr><td><a href="http://browser.ihtsdotools.org/?perspective=full&amp;conceptId1=91428005">91428005</a></td><td>Haemophilus influenzae infection (disorder)</td></tr><tr><td><a href="http://browser.ihtsdotools.org/?perspective=full&amp;conceptId1=77116006">77116006</a></td><td>Infection caused by Bordetella parapertussis (disorder)</td></tr><tr><td><a href="http://browser.ihtsdotools.org/?perspective=full&amp;conceptId1=186464008">186464008</a></td><td>Mycoplasma infection (disorder)</td></tr><tr><td><a href="http://browser.ihtsdotools.org/?perspective=full&amp;conceptId1=105629000">105629000</a></td><td>Chlamydial infection (disorder)</td></tr><tr><td><a href="http://browser.ihtsdotools.org/?perspective=full&amp;conceptId1=26726000">26726000</a></td><td>Legionella infection (disorder)</td></tr><tr><td><a href="http://browser.ihtsdotools.org/?perspective=full&amp;conceptId1=95883001">95883001</a></td><td>Bacterial meningitis (disorder)</td></tr><tr><td><a href="http://browser.ihtsdotools.org/?perspective=full&amp;conceptId1=48245008">48245008</a></td><td>Bacterial arthritis (disorder)</td></tr><tr><td><a href="http://browser.ihtsdotools.org/?perspective=full&amp;conceptId1=61011009">61011009</a></td><td>Bacterial osteomyelitis (disorder)</td></tr><tr><td><a href="http://browser.ihtsdotools.org/?perspective=full&amp;conceptId1=45816000">45816000</a></td><td>Pyelonephritis (disorder)</td></tr><tr><td><a href="http://browser.ihtsdotools.org/?perspective=full&amp;conceptId1=301183007">301183007</a></td><td>Bacterial endocarditis (disorder)</td></tr></table></li></ul></div>
  </text>
  <url value="https://www.netzwerk-universitaetsmedizin.de/fhir/ValueSet/imaging-category-sct"/>
  <version value="0.1.0"/>
  <name value="BacterialInfectiousDiseases"/>
  <status value="draft"/>
  <date value="2021-10-04"/>
  <publisher value="BIH @ Charité"/>
  <contact>
    <name value="BIH @ Charité"/>
    <telecom>
      <system value="url"/>
      <value value="https://www.netzwerk-universitaetsmedizin.de"/>
    </telecom>
  </contact>
  <compose>
    <include>
      <system value="http://snomed.info/sct"/>
      <concept>
        <code value="91428005"/>
        <display value="Haemophilus influenzae infection (disorder)"/>
      </concept>
      <concept>
        <code value="77116006"/>
        <display value="Infection caused by Bordetella parapertussis (disorder)"/>
      </concept>
      <concept>
        <code value="186464008"/>
        <display value="Mycoplasma infection (disorder)"/>
      </concept>
      <concept>
        <code value="105629000"/>
        <display value="Chlamydial infection (disorder)"/>
      </concept>
      <concept>
        <code value="26726000"/>
        <display value="Legionella infection (disorder)"/>
      </concept>
      <concept>
        <code value="95883001"/>
        <display value="Bacterial meningitis (disorder)"/>
      </concept>
      <concept>
        <code value="48245008"/>
        <display value="Bacterial arthritis (disorder)"/>
      </concept>
      <concept>
        <code value="61011009"/>
        <display value="Bacterial osteomyelitis (disorder)"/>
      </concept>
      <concept>
        <code value="45816000"/>
        <display value="Pyelonephritis (disorder)"/>
      </concept>
      <concept>
        <code value="301183007"/>
        <display value="Bacterial endocarditis (disorder)"/>
      </concept>
    </include>
  </compose>
</ValueSet>