<?xml version="1.0" encoding="UTF-8"?>

<ValueSet xmlns="http://hl7.org/fhir">
  <id value="complaint-intensity"/>
  <text>
    <status value="generated"/><div xmlns="http://www.w3.org/1999/xhtml"><ul><li>Include these codes as defined in <a href="CodeSystem-napkon-vaccination-module.html"><code>https://www.netzwerk-universitaetsmedizin.de/fhir/CodeSystem/napkon-vaccination-module</code></a><table class="none"><tr><td style="white-space:nowrap"><b>Code</b></td><td><b>Display</b></td></tr><tr><td><a href="CodeSystem-napkon-vaccination-module.html#napkon-vaccination-module-11001">11001</a></td><td>Ein wenig (keine Einschränkung täglicher Aktivitäten)</td></tr><tr><td><a href="CodeSystem-napkon-vaccination-module.html#napkon-vaccination-module-11002">11002</a></td><td>Mäßig bis stark (Einschränkung täglicher Aktivitäten)</td></tr><tr><td><a href="CodeSystem-napkon-vaccination-module.html#napkon-vaccination-module-11003">11003</a></td><td>Sehr stark (tägliche Aktivitäten sind nicht mehr möglich)</td></tr><tr><td><a href="CodeSystem-napkon-vaccination-module.html#napkon-vaccination-module-11004">11004</a></td><td>Potenziell lebensbedrohlich (Behandlung in Rettungsstelle oder Hospitalisierung)</td></tr></table></li></ul></div>
  </text>
  <url value="https://www.netzwerk-universitaetsmedizin.de/fhir/ValueSet/complaint-intensity"/>
  <version value="0.1.0"/>
  <name value="ComplaintIntensity"/>
  <title value="Complaint Intensity"/>
  <status value="active"/>
  <date value="2021-10-19T21:09:33+00:00"/>
  <publisher value="BIH @ Charité"/>
  <contact>
    <name value="BIH @ Charité"/>
    <telecom>
      <system value="url"/>
      <value value="https://www.netzwerk-universitaetsmedizin.de"/>
    </telecom>
  </contact>
  <description value="Intensity of general complaints"/>
  <compose>
    <include>
      <system value="https://www.netzwerk-universitaetsmedizin.de/fhir/CodeSystem/napkon-vaccination-module"/>
      <concept>
        <code value="11001"/>
        <display value="Ein wenig (keine Einschränkung täglicher Aktivitäten)"/>
      </concept>
      <concept>
        <code value="11002"/>
        <display value="Mäßig bis stark (Einschränkung täglicher Aktivitäten)"/>
      </concept>
      <concept>
        <code value="11003"/>
        <display value="Sehr stark (tägliche Aktivitäten sind nicht mehr möglich)"/>
      </concept>
      <concept>
        <code value="11004"/>
        <display value="Potenziell lebensbedrohlich (Behandlung in Rettungsstelle oder Hospitalisierung)"/>
      </concept>
    </include>
  </compose>
</ValueSet>