<?xml version="1.0" encoding="UTF-8"?>

<ValueSet xmlns="http://hl7.org/fhir">
  <id value="vs-non-pulmonary-bacterial-coinfection-pediatrics"/>
  <text>
    <status value="generated"/><div xmlns="http://www.w3.org/1999/xhtml"><ul><li>Include these codes as defined in <a href="http://www.snomed.org/"><code>http://snomed.info/sct</code></a><table class="none"><tr><td style="white-space:nowrap"><b>Code</b></td><td><b>Display</b></td><td><b>Deutsch (Deutschland) (German (Germany), de)</b></td></tr><tr><td><a href="http://browser.ihtsdotools.org/?perspective=full&amp;conceptId1=406602003">406602003</a></td><td> Infection caused by Staphylococcus aureus (disorder)</td><td>Staphylococcus aureus</td></tr><tr><td><a href="http://browser.ihtsdotools.org/?perspective=full&amp;conceptId1=9861002">9861002</a></td><td>Streptococcus pneumoniae (organism)</td><td>Streptococcus pneumoniae</td></tr><tr><td><a href="http://browser.ihtsdotools.org/?perspective=full&amp;conceptId1=108661000119109">108661000119109</a></td><td>Infection caused by Streptococcus viridans group (disorder)</td><td>Streptococcus viridans</td></tr><tr><td><a href="http://browser.ihtsdotools.org/?perspective=full&amp;conceptId1=302809008">302809008</a></td><td> Streptococcus pyogenes infection (disorder)</td><td>Streptococcus pyogenes</td></tr><tr><td><a href="http://browser.ihtsdotools.org/?perspective=full&amp;conceptId1=426933007">426933007</a></td><td>Streptococcus agalactiae infection (disorder)</td><td>Streptococcus agalactiae</td></tr><tr><td><a href="http://browser.ihtsdotools.org/?perspective=full&amp;conceptId1=406574007">406574007</a></td><td>Infection caused by enterococcus (disorder)</td><td>Genus Enterococcus</td></tr><tr><td><a href="http://browser.ihtsdotools.org/?perspective=full&amp;conceptId1=23511006">23511006</a></td><td>Meningococcal infectious disease (disorder)</td><td>Neisseria meningitidis</td></tr><tr><td><a href="http://browser.ihtsdotools.org/?perspective=full&amp;conceptId1=91428005">91428005</a></td><td>Haemophilus influenzae infection (disorder)</td><td>Haemophilus influenzae</td></tr><tr><td><a href="http://browser.ihtsdotools.org/?perspective=full&amp;conceptId1=71057007">71057007</a></td><td> Infection caused by Escherichia coli (disorder)</td><td>Escherichia coli</td></tr><tr><td><a href="http://browser.ihtsdotools.org/?perspective=full&amp;conceptId1=721756002">721756002</a></td><td> Infection caused by Klebsiella (disorder)</td><td>Genus Klebsiella</td></tr><tr><td><a href="http://browser.ihtsdotools.org/?perspective=full&amp;conceptId1=11218009">11218009</a></td><td>Infection caused by Pseudomonas aeruginosa (disorder)</td><td>Pseudomonas aeruginosa</td></tr></table></li></ul></div>
  </text>
  <url value="http://example.org/fhir/ValueSet/vs-non-pulmonary-bacterial-coinfection-pediatrics"/>
  <version value="0.1.0-test"/>
  <name value="NonPulmonaryBacterialCoinfectionPediatrics"/>
  <title value="ValuesetNonPulmonaryBacterialCoinfectionPediatrics"/>
  <status value="draft"/>
  <date value="2021-07-16T07:32:21+00:00"/>
  <publisher value="Berlin Institute of Health @ Charit&#xE9;"/>
  <contact>
    <telecom>
      <system value="url"/>
      <value value="https://bihealth.org"/>
    </telecom>
  </contact>
  <description value="Non-pulmonary bacterial co-infection the context of pediatrics and Covid-19"/>
  <jurisdiction>
    <coding>
      <system value="http://unstats.un.org/unsd/methods/m49/m49.htm"/>
      <code value="001"/>
    </coding>
  </jurisdiction>
  <compose>
    <include>
      <system value="http://snomed.info/sct"/>
      <concept>
        <code value="406602003"/>
        <display value=" Infection caused by Staphylococcus aureus (disorder)"/>
        <designation>
          <language value="de-DE"/>
          <use>
            <code value="900000000000013009"/>
            <display value="Synonym"/>
          </use>
          <value value="Staphylococcus aureus"/>
        </designation>
      </concept>
      <concept>
        <code value="9861002"/>
        <display value="Streptococcus pneumoniae (organism)"/>
        <designation>
          <language value="de-DE"/>
          <use>
            <code value="900000000000013009"/>
            <display value="Synonym"/>
          </use>
          <value value="Streptococcus pneumoniae"/>
        </designation>
      </concept>
      <concept>
        <code value="108661000119109"/>
        <display value="Infection caused by Streptococcus viridans group (disorder)"/>
        <designation>
          <language value="de-DE"/>
          <use>
            <code value="900000000000013009"/>
            <display value="Synonym"/>
          </use>
          <value value="Streptococcus viridans"/>
        </designation>
      </concept>
      <concept>
        <code value="302809008"/>
        <display value=" Streptococcus pyogenes infection (disorder)"/>
        <designation>
          <language value="de-DE"/>
          <use>
            <code value="900000000000013009"/>
            <display value="Synonym"/>
          </use>
          <value value="Streptococcus pyogenes"/>
        </designation>
      </concept>
      <concept>
        <code value="426933007"/>
        <display value="Streptococcus agalactiae infection (disorder)"/>
        <designation>
          <language value="de-DE"/>
          <use>
            <code value="900000000000013009"/>
            <display value="Synonym"/>
          </use>
          <value value="Streptococcus agalactiae"/>
        </designation>
      </concept>
      <concept>
        <code value="406574007"/>
        <display value="Infection caused by enterococcus (disorder)"/>
        <designation>
          <language value="de-DE"/>
          <use>
            <code value="900000000000013009"/>
            <display value="Synonym"/>
          </use>
          <value value="Genus Enterococcus"/>
        </designation>
      </concept>
      <concept>
        <code value="23511006"/>
        <display value="Meningococcal infectious disease (disorder)"/>
        <designation>
          <language value="de-DE"/>
          <use>
            <code value="900000000000013009"/>
            <display value="Synonym"/>
          </use>
          <value value="Neisseria meningitidis"/>
        </designation>
      </concept>
      <concept>
        <code value="91428005"/>
        <display value="Haemophilus influenzae infection (disorder)"/>
        <designation>
          <language value="de-DE"/>
          <use>
            <code value="900000000000013009"/>
            <display value="Synonym"/>
          </use>
          <value value="Haemophilus influenzae"/>
        </designation>
      </concept>
      <concept>
        <code value="71057007"/>
        <display value=" Infection caused by Escherichia coli (disorder)"/>
        <designation>
          <language value="de-DE"/>
          <use>
            <code value="900000000000013009"/>
            <display value="Synonym"/>
          </use>
          <value value="Escherichia coli"/>
        </designation>
      </concept>
      <concept>
        <code value="721756002"/>
        <display value=" Infection caused by Klebsiella (disorder)"/>
        <designation>
          <language value="de-DE"/>
          <use>
            <code value="900000000000013009"/>
            <display value="Synonym"/>
          </use>
          <value value="Genus Klebsiella"/>
        </designation>
      </concept>
      <concept>
        <code value="11218009"/>
        <display value="Infection caused by Pseudomonas aeruginosa (disorder)"/>
        <designation>
          <language value="de-DE"/>
          <use>
            <code value="900000000000013009"/>
            <display value="Synonym"/>
          </use>
          <value value="Pseudomonas aeruginosa"/>
        </designation>
      </concept>
    </include>
  </compose>
</ValueSet>