<?xml version="1.0" encoding="UTF-8"?>

<ValueSet xmlns="http://hl7.org/fhir">
  <id value="vaccine-type-covid-pediatrics"/>
  <text>
    <status value="generated"/><div xmlns="http://www.w3.org/1999/xhtml"><ul><li>Include these codes as defined in <a href="http://www.snomed.org/"><code>http://snomed.info/sct</code></a><table class="none"><tr><td style="white-space:nowrap"><b>Code</b></td><td><b>Display</b></td><td><b>Deutsch (Deutschland) (German (Germany), de)</b></td></tr><tr><td><a href="http://browser.ihtsdotools.org/?perspective=full&amp;conceptId1=1119349007">1119349007</a></td><td>Vaccine product containing only Severe acute respiratory syndrome coronavirus 2 messenger ribonucleic acid (medicinal product)</td><td>MRNA-Impfstoff</td></tr><tr><td><a href="http://browser.ihtsdotools.org/?perspective=full&amp;conceptId1=1119305005">1119305005</a></td><td>Vaccine product containing only Severe acute respiratory syndrome coronavirus 2 antigen (medicinal product)</td><td>Antigen-Impfstoff</td></tr></table></li></ul></div>
  </text>
  <url value="http://example.org/fhir/ValueSet/vaccine-type-covid-pediatrics"/>
  <version value="0.1.0-test"/>
  <name value="VaccineTypCovidPediatrics"/>
  <title value="ValueSetVaccineTypeCovidPediatrics"/>
  <status value="draft"/>
  <date value="2021-07-16T11:32:36+00:00"/>
  <publisher value="Berlin Institute of Health @ Charit&#xE9;"/>
  <contact>
    <telecom>
      <system value="url"/>
      <value value="https://bihealth.org"/>
    </telecom>
  </contact>
  <description value="Vaccine type used in the case of a vaccination in the context of Covid-19 and Pediatrics"/>
  <jurisdiction>
    <coding>
      <system value="http://unstats.un.org/unsd/methods/m49/m49.htm"/>
      <code value="001"/>
    </coding>
  </jurisdiction>
  <compose>
    <include>
      <system value="http://snomed.info/sct"/>
      <concept>
        <code value="1119349007"/>
        <display value="Vaccine product containing only Severe acute respiratory syndrome coronavirus 2 messenger ribonucleic acid (medicinal product)"/>
        <designation>
          <language value="de-DE"/>
          <use>
            <code value="900000000000013009"/>
            <display value="Synonym"/>
          </use>
          <value value="MRNA-Impfstoff"/>
        </designation>
      </concept>
      <concept>
        <code value="1119305005"/>
        <display value="Vaccine product containing only Severe acute respiratory syndrome coronavirus 2 antigen (medicinal product)"/>
        <designation>
          <language value="de-DE"/>
          <use>
            <code value="900000000000013009"/>
            <display value="Synonym"/>
          </use>
          <value value="Antigen-Impfstoff"/>
        </designation>
      </concept>
    </include>
  </compose>
</ValueSet>