{
  "resourceType": "ValueSet",
  "id": "ecg-expressions",
  "text": {
    "status": "generated",
    "div": "<div xmlns=\"http://www.w3.org/1999/xhtml\"><p>This value set includes codes based on the following rules:</p><ul><li>Include these codes as defined in <a href=\"http://www.snomed.org/\"><code>http://snomed.info/sct</code></a><table class=\"none\"><tr><td style=\"white-space:nowrap\"><b>Code</b></td><td><b>Display</b></td></tr><tr><td><a href=\"http://browser.ihtsdotools.org/?perspective=full&amp;conceptId1=251150006\">251150006</a></td><td>Sinus rhythm (finding)</td></tr><tr><td><a href=\"http://browser.ihtsdotools.org/?perspective=full&amp;conceptId1=426783006\">426783006</a></td><td>Electrocardiogram: sinus rhythm (finding)</td></tr><tr><td><a href=\"http://browser.ihtsdotools.org/?perspective=full&amp;conceptId1=59931005\">59931005</a></td><td>Inverted T wave (finding)</td></tr><tr><td><a href=\"http://browser.ihtsdotools.org/?perspective=full&amp;conceptId1=251146004\">251146004</a></td><td>Low QRS voltages (finding)</td></tr><tr><td><a href=\"http://browser.ihtsdotools.org/?perspective=full&amp;conceptId1=17338001\">17338001</a></td><td>Ventricular premature beats (disorder)</td></tr><tr><td><a href=\"http://browser.ihtsdotools.org/?perspective=full&amp;conceptId1=63593006\">63593006</a></td><td>Supraventricular premature beats (disorder)</td></tr><tr><td><a href=\"http://browser.ihtsdotools.org/?perspective=full&amp;conceptId1=233917008\">233917008</a></td><td>Atrioventricular block (disorder)</td></tr><tr><td><a href=\"http://browser.ihtsdotools.org/?perspective=full&amp;conceptId1=6374002\">6374002</a></td><td>Bundle branch block (disorder)</td></tr><tr><td><a href=\"http://browser.ihtsdotools.org/?perspective=full&amp;conceptId1=840643003\">840643003</a></td><td>Date of last examination (observable entity)</td></tr><tr><td><a href=\"http://browser.ihtsdotools.org/?perspective=full&amp;conceptId1=439272007\">439272007</a></td><td>Date of procedure (observable entity)</td></tr><tr><td><a href=\"http://browser.ihtsdotools.org/?perspective=full&amp;conceptId1=432213005\">432213005</a></td><td>Date of diagnosis (observable entity)</td></tr><tr><td><a href=\"http://browser.ihtsdotools.org/?perspective=full&amp;conceptId1=364075005\">364075005</a></td><td>Heart rate (observable entity)</td></tr><tr><td><a href=\"http://browser.ihtsdotools.org/?perspective=full&amp;conceptId1=251196003\">251196003</a></td><td>QRS Axis (observable entity)</td></tr><tr><td><a href=\"http://browser.ihtsdotools.org/?perspective=full&amp;conceptId1=251208001\">251208001</a></td><td>QRS complex duration (observable entity)</td></tr><tr><td><a href=\"http://browser.ihtsdotools.org/?perspective=full&amp;conceptId1=3030002\">3030002</a></td><td>ST segment (observable entity)</td></tr><tr><td><a href=\"http://browser.ihtsdotools.org/?perspective=full&amp;conceptId1=301117000\">301117000</a></td><td>QT interval duration (observable entity)</td></tr></table></li><li>Include codes from <a href=\"http://www.snomed.org/\"><code>http://snomed.info/sct</code></a> where concept  descends from  71388002 (Procedure)</li></ul></div>"
  },
  "url": "https://www.netzwerk-universitaetsmedizin.de/fhir/ValueSet/EcgCodes",
  "version": "0.1.0",
  "name": "ECGExpressions",
  "title": "Cardiology ECG Expressions ValueSet",
  "status": "draft",
  "date": "2021-10-01",
  "publisher": "BIH @ Charité",
  "contact": [
    {
      "name": "BIH @ Charité",
      "telecom": [
        {
          "system": "url",
          "value": "https://www.netzwerk-universitaetsmedizin.de"
        }
      ]
    }
  ],
  "description": "ValueSet for ECG expressions such as findings, disorders, observable entities etc.",
  "compose": {
    "include": [
      {
        "system": "http://snomed.info/sct",
        "concept": [
          {
            "code": "251150006",
            "display": "Sinus rhythm (finding)"
          },
          {
            "code": "426783006",
            "display": "Electrocardiogram: sinus rhythm (finding)"
          },
          {
            "code": "59931005",
            "display": "Inverted T wave (finding)"
          },
          {
            "code": "251146004",
            "display": "Low QRS voltages (finding)"
          },
          {
            "code": "17338001",
            "display": "Ventricular premature beats (disorder)"
          },
          {
            "code": "63593006",
            "display": "Supraventricular premature beats (disorder)"
          },
          {
            "code": "233917008",
            "display": "Atrioventricular block (disorder)"
          },
          {
            "code": "6374002",
            "display": "Bundle branch block (disorder)"
          },
          {
            "code": "840643003",
            "display": "Date of last examination (observable entity)"
          },
          {
            "code": "439272007",
            "display": "Date of procedure (observable entity)"
          },
          {
            "code": "432213005",
            "display": "Date of diagnosis (observable entity)"
          },
          {
            "code": "364075005",
            "display": "Heart rate (observable entity)"
          },
          {
            "code": "251196003",
            "display": "QRS Axis (observable entity)"
          },
          {
            "code": "251208001",
            "display": "QRS complex duration (observable entity)"
          },
          {
            "code": "3030002",
            "display": "ST segment (observable entity)"
          },
          {
            "code": "301117000",
            "display": "QT interval duration (observable entity)"
          }
        ]
      },
      {
        "system": "http://snomed.info/sct",
        "filter": [
          {
            "property": "concept",
            "op": "descendent-of",
            "value": "71388002"
          }
        ]
      }
    ]
  }
}