<?xml version="1.0" encoding="UTF-8"?>

<ValueSet xmlns="http://hl7.org/fhir">
  <id value="vs-supportive-pharmacotherapy-pediatrics"/>
  <text>
    <status value="generated"/><div xmlns="http://www.w3.org/1999/xhtml"><ul><li>Include these codes as defined in <a href="http://www.snomed.org/"><code>http://snomed.info/sct</code></a><table class="none"><tr><td style="white-space:nowrap"><b>Code</b></td><td><b>Display</b></td><td><b>Deutsch (Deutschland) (German (Germany), de)</b></td></tr><tr><td><a href="http://browser.ihtsdotools.org/?perspective=full&amp;conceptId1=127784009">127784009</a></td><td>Inhaled bronchodilator therapy (procedure)</td><td>Bronchodilatoren</td></tr><tr><td><a href="http://browser.ihtsdotools.org/?perspective=full&amp;conceptId1=6710000">6710000</a></td><td>Nitric oxide (substance)</td><td>Inhaltation Stickstoffmonoxid</td></tr></table></li></ul></div>
  </text>
  <url value="https://www.netzwerk-universitaetsmedizin.de/fhir/ValueSet/vs-supportive-pharmacotherapy-pediatrics"/>
  <version value="0.1.0"/>
  <name value="SupportivePharmacotherapy"/>
  <title value="ValuesetSupportivePharmacotherapy"/>
  <status value="draft"/>
  <date value="2021-09-13"/>
  <publisher value="BIH @ Charité"/>
  <contact>
    <name value="BIH @ Charité"/>
    <telecom>
      <system value="url"/>
      <value value="https://www.netzwerk-universitaetsmedizin.de"/>
    </telecom>
  </contact>
  <description value="Supportive pharamcotherapy used in the context of Covid-19 and Pediatrics"/>
  <compose>
    <include>
      <system value="http://snomed.info/sct"/>
      <concept>
        <code value="127784009"/>
        <display value="Inhaled bronchodilator therapy (procedure)"/>
        <designation>
          <language value="de-DE"/>
          <use>
            <code value="900000000000013009"/>
            <display value="Synonym"/>
          </use>
          <value value="Bronchodilatoren"/>
        </designation>
      </concept>
      <concept>
        <code value="6710000"/>
        <display value="Nitric oxide (substance)"/>
        <designation>
          <language value="de-DE"/>
          <use>
            <code value="900000000000013009"/>
            <display value="Synonym"/>
          </use>
          <value value="Inhaltation Stickstoffmonoxid"/>
        </designation>
      </concept>
    </include>
  </compose>
</ValueSet>