{"resourceType":"ImplementationGuide","id":"napkon-bih","text":{"status":"extensions","div":"<div xmlns=\"http://www.w3.org/1999/xhtml\"><h2>NAPKONBIH</h2><p>The official URL for this implementation guide is: </p><pre>https://www.netzwerk-universitaetsmedizin.de/fhir/ImplementationGuide/napkon-bih</pre></div>"},"url":"https://www.netzwerk-universitaetsmedizin.de/fhir/ImplementationGuide/napkon-bih","version":"0.1.0","name":"NAPKONBIH","status":"draft","date":"2021-10-07T20:30:30+00:00","publisher":"BIH @ Charité","contact":[{"name":"BIH @ Charité","telecom":[{"system":"url","value":"https://www.netzwerk-universitaetsmedizin.de"}]}],"packageId":"napkon-bih","license":"CC0-1.0","fhirVersion":["4.0.1"],"dependsOn":[{"id":"prozedur","uri":"https://www.medizininformatik-initiative.de/fhir/core/modul-prozedur/StructureDefinition/Procedure","packageId":"de.medizininformatikinitiative.kerndatensatz.prozedur","version":"2.0.0-alpha3"},{"id":"person","uri":"https://www.medizininformatik-initiative.de/fhir/core/modul-person/StructureDefinition/Patient","packageId":"de.medizininformatikinitiative.kerndatensatz.person","version":"2.0.0-alpha3"},{"id":"medikation","uri":"https://www.medizininformatik-initiative.de/fhir/core/modul-medikation/StructureDefinition/MedicationStatement","packageId":"de.medizininformatikinitiative.kerndatensatz.medikation","version":"1.0.10"}],"definition":{"extension":[{"extension":[{"url":"code","valueString":"copyrightyear"},{"url":"value","valueString":"2021+"}],"url":"http://hl7.org/fhir/tools/StructureDefinition/ig-parameter"},{"extension":[{"url":"code","valueString":"releaselabel"},{"url":"value","valueString":"ci-build"}],"url":"http://hl7.org/fhir/tools/StructureDefinition/ig-parameter"},{"extension":[{"url":"code","valueString":"path-liquid"},{"url":"value","valueString":"template/liquid"}],"url":"http://hl7.org/fhir/tools/StructureDefinition/ig-parameter"},{"extension":[{"url":"code","valueString":"path-liquid"},{"url":"value","valueString":"input/liquid"}],"url":"http://hl7.org/fhir/tools/StructureDefinition/ig-parameter"},{"extension":[{"url":"code","valueString":"path-qa"},{"url":"value","valueString":"temp/qa"}],"url":"http://hl7.org/fhir/tools/StructureDefinition/ig-parameter"},{"extension":[{"url":"code","valueString":"path-temp"},{"url":"value","valueString":"temp/pages"}],"url":"http://hl7.org/fhir/tools/StructureDefinition/ig-parameter"},{"extension":[{"url":"code","valueString":"path-output"},{"url":"value","valueString":"output"}],"url":"http://hl7.org/fhir/tools/StructureDefinition/ig-parameter"},{"extension":[{"url":"code","valueString":"path-suppressed-warnings"},{"url":"value","valueString":"input/ignoreWarnings.txt"}],"url":"http://hl7.org/fhir/tools/StructureDefinition/ig-parameter"},{"extension":[{"url":"code","valueString":"path-history"},{"url":"value","valueString":"https://www.netzwerk-universitaetsmedizin.de/fhir/history.html"}],"url":"http://hl7.org/fhir/tools/StructureDefinition/ig-parameter"},{"extension":[{"url":"code","valueString":"template-html"},{"url":"value","valueString":"template-page.html"}],"url":"http://hl7.org/fhir/tools/StructureDefinition/ig-parameter"},{"extension":[{"url":"code","valueString":"template-md"},{"url":"value","valueString":"template-page-md.html"}],"url":"http://hl7.org/fhir/tools/StructureDefinition/ig-parameter"},{"extension":[{"url":"code","valueString":"apply-contact"},{"url":"value","valueString":"true"}],"url":"http://hl7.org/fhir/tools/StructureDefinition/ig-parameter"},{"extension":[{"url":"code","valueString":"apply-context"},{"url":"value","valueString":"true"}],"url":"http://hl7.org/fhir/tools/StructureDefinition/ig-parameter"},{"extension":[{"url":"code","valueString":"apply-copyright"},{"url":"value","valueString":"true"}],"url":"http://hl7.org/fhir/tools/StructureDefinition/ig-parameter"},{"extension":[{"url":"code","valueString":"apply-jurisdiction"},{"url":"value","valueString":"true"}],"url":"http://hl7.org/fhir/tools/StructureDefinition/ig-parameter"},{"extension":[{"url":"code","valueString":"apply-license"},{"url":"value","valueString":"true"}],"url":"http://hl7.org/fhir/tools/StructureDefinition/ig-parameter"},{"extension":[{"url":"code","valueString":"apply-publisher"},{"url":"value","valueString":"true"}],"url":"http://hl7.org/fhir/tools/StructureDefinition/ig-parameter"},{"extension":[{"url":"code","valueString":"apply-version"},{"url":"value","valueString":"true"}],"url":"http://hl7.org/fhir/tools/StructureDefinition/ig-parameter"},{"extension":[{"url":"code","valueString":"active-tables"},{"url":"value","valueString":"true"}],"url":"http://hl7.org/fhir/tools/StructureDefinition/ig-parameter"}],"grouping":[{"id":"-str-profile","name":"Structures: Resource Profiles","description":"These define constraints on FHIR resources for systems conforming to this implementation guide"},{"id":"-term-valueset","name":"Terminology: Value Sets","description":"These define sets of codes used by systems conforming to this implementation guide"},{"id":"-term-codesystem","name":"Terminology: Code Systems","description":"These define new code systems used by systems conforming to this implementation guide"},{"id":"-ex-example","name":"Example: Example Instances","description":"These are example instances that show what data produced and consumed by systems conforming with this implementation guide might look like"}],"resource":[{"extension":[{"url":"http://hl7.org/fhir/StructureDefinition/implementationguide-page","valueUri":"StructureDefinition-observation-birth-height-pediatrics.html"}],"reference":{"reference":"StructureDefinition/observation-birth-height-pediatrics"},"name":"Birth Height","description":"Birth Height of a patient in context of Pediatrics","exampleBoolean":false,"groupingId":"-str-profile"},{"extension":[{"url":"http://hl7.org/fhir/StructureDefinition/implementationguide-page","valueUri":"StructureDefinition-observation-body-mass-index-pediatrics.html"}],"reference":{"reference":"StructureDefinition/observation-body-mass-index-pediatrics"},"name":"Body Mass Index","description":"Body mass index of a patient in context of Pediatrics","exampleBoolean":false,"groupingId":"-str-profile"},{"extension":[{"url":"http://hl7.org/fhir/StructureDefinition/implementationguide-page","valueUri":"StructureDefinition-cardiology-imaging-procedure.html"}],"reference":{"reference":"StructureDefinition/cardiology-imaging-procedure"},"name":"Cardiology Imaging Procedure","description":"Defines constraints and extensions on the Cardiology Imaging procedures","exampleBoolean":false,"groupingId":"-str-profile"},{"extension":[{"url":"http://hl7.org/fhir/StructureDefinition/implementationguide-page","valueUri":"StructureDefinition-chronic-haematologic-diseases-pediatrics.html"}],"reference":{"reference":"StructureDefinition/chronic-haematologic-diseases-pediatrics"},"name":"Chronic Haematologic Diseases","description":"Chronic Haematologic diseases as a risk factor for a severe course of an infection with SARS-CoV-2 in the context of pediatrics","exampleBoolean":false,"groupingId":"-str-profile"},{"extension":[{"url":"http://hl7.org/fhir/StructureDefinition/implementationguide-page","valueUri":"StructureDefinition-covid19-complication-pediatrics.html"}],"reference":{"reference":"StructureDefinition/covid19-complication-pediatrics"},"name":"Covid19 complication","description":"Complication due to COVID19","exampleBoolean":false,"groupingId":"-str-profile"},{"extension":[{"url":"http://hl7.org/fhir/StructureDefinition/implementationguide-page","valueUri":"StructureDefinition-electrocardiographic-ecg-procedure.html"}],"reference":{"reference":"StructureDefinition/electrocardiographic-ecg-procedure"},"name":"ECG procedure","description":"Defines constraints and extensions on the Cardiology ECG procedures","exampleBoolean":false,"groupingId":"-str-profile"},{"extension":[{"url":"http://hl7.org/fhir/StructureDefinition/implementationguide-page","valueUri":"StructureDefinition-fungal-infection-pediatrics.html"}],"reference":{"reference":"StructureDefinition/fungal-infection-pediatrics"},"name":"Fungal Infection","description":"Occurrence of a fungal infection","exampleBoolean":false,"groupingId":"-str-profile"},{"extension":[{"url":"http://hl7.org/fhir/StructureDefinition/implementationguide-page","valueUri":"StructureDefinition-gastrointestinal-diseases-pediatrics.html"}],"reference":{"reference":"StructureDefinition/gastrointestinal-diseases-pediatrics"},"name":"Gastrointestinal Diseases Pediatrics","description":"Gastrointestinal diseases in the field of pediatrics as a risk factor for a severe course of an infection with SARS-CoV-2.","exampleBoolean":false,"groupingId":"-str-profile"},{"extension":[{"url":"http://hl7.org/fhir/StructureDefinition/implementationguide-page","valueUri":"StructureDefinition-observation-head-circumference-pediatrics.html"}],"reference":{"reference":"StructureDefinition/observation-head-circumference-pediatrics"},"name":"Head circumference","description":"Head circumference of a patient in context of Pediatrics","exampleBoolean":false,"groupingId":"-str-profile"},{"extension":[{"url":"http://hl7.org/fhir/StructureDefinition/implementationguide-page","valueUri":"StructureDefinition-imaging-procedures.html"}],"reference":{"reference":"StructureDefinition/imaging-procedures"},"name":"Imaging Procedures","description":"Defines constraints and methods on imaging procedures performed on the patient.","exampleBoolean":false,"groupingId":"-str-profile"},{"extension":[{"url":"http://hl7.org/fhir/StructureDefinition/implementationguide-page","valueUri":"StructureDefinition-imaging-procedure-cardiology.html"}],"reference":{"reference":"StructureDefinition/imaging-procedure-cardiology"},"name":"Cardiology Imaging Procedure","description":"Defines constraints and extensions on the Cardiology Imaging procedures","exampleBoolean":false,"groupingId":"-str-profile"},{"extension":[{"url":"http://hl7.org/fhir/StructureDefinition/implementationguide-page","valueUri":"StructureDefinition-immunosuppresive-permanent-medication-pediatrics.html"}],"reference":{"reference":"StructureDefinition/immunosuppresive-permanent-medication-pediatrics"},"name":"Immunosuppresive Permanent Medication","description":"Immunosuppresive Permanent Medication","exampleBoolean":false,"groupingId":"-str-profile"},{"extension":[{"url":"http://hl7.org/fhir/StructureDefinition/implementationguide-page","valueUri":"StructureDefinition-infectious-complications-pediatrics.html"}],"reference":{"reference":"StructureDefinition/infectious-complications-pediatrics"},"name":"Pediatry Infectious Complications","description":"Defines constraints and methods on pediatry infectious complications","exampleBoolean":false,"groupingId":"-str-profile"},{"extension":[{"url":"http://hl7.org/fhir/StructureDefinition/implementationguide-page","valueUri":"StructureDefinition-intensive-care-treatment-duration-pediatrics.html"}],"reference":{"reference":"StructureDefinition/intensive-care-treatment-duration-pediatrics"},"name":"Intensive care treatment duration","description":"Duration of intensive care treatment","exampleBoolean":false,"groupingId":"-str-profile"},{"extension":[{"url":"http://hl7.org/fhir/StructureDefinition/implementationguide-page","valueUri":"StructureDefinition-supportive-pharmacotherapy-pediatrics.html"}],"reference":{"reference":"StructureDefinition/supportive-pharmacotherapy-pediatrics"},"name":"Supportive Pharmacotherapy","description":"Supportive Pharmacotherapy as an adjunct therapy in case of an infection with SARS-CoV-2 in the context of pediatrics","exampleBoolean":false,"groupingId":"-str-profile"},{"extension":[{"url":"http://hl7.org/fhir/StructureDefinition/implementationguide-page","valueUri":"StructureDefinition-thoracic-drainage-pediatrics.html"}],"reference":{"reference":"StructureDefinition/thoracic-drainage-pediatrics"},"name":"Thoracic Drainge","description":"Application of a thoraric drainage","exampleBoolean":false,"groupingId":"-str-profile"},{"extension":[{"url":"http://hl7.org/fhir/StructureDefinition/implementationguide-page","valueUri":"StructureDefinition-total-length-of-stay-pediatrics.html"}],"reference":{"reference":"StructureDefinition/total-length-of-stay-pediatrics"},"name":"Total length of stay","description":"Total length of stay","exampleBoolean":false,"groupingId":"-str-profile"},{"extension":[{"url":"http://hl7.org/fhir/StructureDefinition/implementationguide-page","valueUri":"ValueSet-vs-antibiotic-therapy-procedure-pediatrics.html"}],"reference":{"reference":"ValueSet/vs-antibiotic-therapy-procedure-pediatrics"},"name":"Antibiotic Therapy Procedure PediatricsVS","description":"Antibiotic Therapy the context of pediatrics and Covid-19","exampleBoolean":false,"groupingId":"-term-valueset"},{"extension":[{"url":"http://hl7.org/fhir/StructureDefinition/implementationguide-page","valueUri":"ValueSet-bacterial-infectious-complications-sct.html"}],"reference":{"reference":"ValueSet/bacterial-infectious-complications-sct"},"name":"BacterialInfectiousDiseases","exampleBoolean":false,"groupingId":"-term-valueset"},{"extension":[{"url":"http://hl7.org/fhir/StructureDefinition/implementationguide-page","valueUri":"ValueSet-cardiology-diseases-codes.html"}],"reference":{"reference":"ValueSet/cardiology-diseases-codes"},"name":"ValueSet for Cardiology Module","description":"Codes related to the Cardiology Module.","exampleBoolean":false,"groupingId":"-term-valueset"},{"extension":[{"url":"http://hl7.org/fhir/StructureDefinition/implementationguide-page","valueUri":"ValueSet-cardiology-imaging-procedures.html"}],"reference":{"reference":"ValueSet/cardiology-imaging-procedures"},"name":"Cardiology Imaging Procedures ValueSet","description":"Imaging procedures related to cardiology","exampleBoolean":false,"groupingId":"-term-valueset"},{"extension":[{"url":"http://hl7.org/fhir/StructureDefinition/implementationguide-page","valueUri":"ValueSet-chronic-haematologic-diseases-pediatrics.html"}],"reference":{"reference":"ValueSet/chronic-haematologic-diseases-pediatrics"},"name":"ChronicHaematologicDiseasesPediatricsVS","description":"Chronic haematologic diseases the context of pediatrics and Covid-19","exampleBoolean":false,"groupingId":"-term-valueset"},{"extension":[{"url":"http://hl7.org/fhir/StructureDefinition/implementationguide-page","valueUri":"ValueSet-chronic-haematologic-diseases-pediatrics-icd.html"}],"reference":{"reference":"ValueSet/chronic-haematologic-diseases-pediatrics-icd"},"name":"ChronicHaematologicDiseasesPediatricsICD-VS","description":"Chronic haematologic diseases the context of pediatrics and Covid-19","exampleBoolean":false,"groupingId":"-term-valueset"},{"extension":[{"url":"http://hl7.org/fhir/StructureDefinition/implementationguide-page","valueUri":"ValueSet-covid19-complications.html"}],"reference":{"reference":"ValueSet/covid19-complications"},"name":"Covid19 complications","description":"Complications due to COVID19","exampleBoolean":false,"groupingId":"-term-valueset"},{"extension":[{"url":"http://hl7.org/fhir/StructureDefinition/implementationguide-page","valueUri":"ValueSet-drug-therapy-pediatrics.html"}],"reference":{"reference":"ValueSet/drug-therapy-pediatrics"},"name":"ValueSetDrugTherapyPediatrics","description":"Drug thereapy used in the case of a of Covid-19 infection and Pediatrics","exampleBoolean":false,"groupingId":"-term-valueset"},{"extension":[{"url":"http://hl7.org/fhir/StructureDefinition/implementationguide-page","valueUri":"ValueSet-ecg-expressions.html"}],"reference":{"reference":"ValueSet/ecg-expressions"},"name":"Cardiology ECG Expressions ValueSet","description":"ValueSet for ECG expressions such as findings, disorders, observable entities etc.","exampleBoolean":false,"groupingId":"-term-valueset"},{"extension":[{"url":"http://hl7.org/fhir/StructureDefinition/implementationguide-page","valueUri":"ValueSet-fungal-infections.html"}],"reference":{"reference":"ValueSet/fungal-infections"},"name":"Fungal Infections","description":"Value set of fungal infections","exampleBoolean":false,"groupingId":"-term-valueset"},{"extension":[{"url":"http://hl7.org/fhir/StructureDefinition/implementationguide-page","valueUri":"ValueSet-gastrointestinal-diseases-pediatrics.html"}],"reference":{"reference":"ValueSet/gastrointestinal-diseases-pediatrics"},"name":"VSGastrointestinal Diseases Pediatrics","description":"Gastrointestinal diseases in the context of pediatrics and Covid-19","exampleBoolean":false,"groupingId":"-term-valueset"},{"extension":[{"url":"http://hl7.org/fhir/StructureDefinition/implementationguide-page","valueUri":"ValueSet-gastrointestinal-diseases-pediatrics-icd.html"}],"reference":{"reference":"ValueSet/gastrointestinal-diseases-pediatrics-icd"},"name":"Gastrointestinal Diseases Pediatrics ICD-VS","description":"Gastrointestinal diseases in the context of pediatrics and Covid-19","exampleBoolean":false,"groupingId":"-term-valueset"},{"extension":[{"url":"http://hl7.org/fhir/StructureDefinition/implementationguide-page","valueUri":"ValueSet-imaging-category-sct.html"}],"reference":{"reference":"ValueSet/imaging-category-sct"},"name":"ImagingCategorySnomed","exampleBoolean":false,"groupingId":"-term-valueset"},{"extension":[{"url":"http://hl7.org/fhir/StructureDefinition/implementationguide-page","valueUri":"ValueSet-imaging-procedures-cardiology.html"}],"reference":{"reference":"ValueSet/imaging-procedures-cardiology"},"name":"ImagingCodes","exampleBoolean":false,"groupingId":"-term-valueset"},{"extension":[{"url":"http://hl7.org/fhir/StructureDefinition/implementationguide-page","valueUri":"ValueSet-imaging-pediatrics.html"}],"reference":{"reference":"ValueSet/imaging-pediatrics"},"name":"ValueSetImagingPediatrics","description":"Imaging procedures used in the case of a of Covid-19 infection and Pediatrics","exampleBoolean":false,"groupingId":"-term-valueset"},{"extension":[{"url":"http://hl7.org/fhir/StructureDefinition/implementationguide-page","valueUri":"ValueSet-immunosuppressive-permament-medications.html"}],"reference":{"reference":"ValueSet/immunosuppressive-permament-medications"},"name":"Immunosuppressive Permanent Medications","exampleBoolean":false,"groupingId":"-term-valueset"},{"extension":[{"url":"http://hl7.org/fhir/StructureDefinition/implementationguide-page","valueUri":"ValueSet-medication-pediatrics.html"}],"reference":{"reference":"ValueSet/medication-pediatrics"},"name":"ValueSetMedicationPediatrics","description":"Medication used in the case of a of Covid-19 infection and Pediatrics","exampleBoolean":false,"groupingId":"-term-valueset"},{"extension":[{"url":"http://hl7.org/fhir/StructureDefinition/implementationguide-page","valueUri":"ValueSet-vs-non-pulmonary-bacterial-coinfection-pediatrics.html"}],"reference":{"reference":"ValueSet/vs-non-pulmonary-bacterial-coinfection-pediatrics"},"name":"ValuesetNonPulmonaryBacterialCoinfectionPediatrics","description":"Non-pulmonary bacterial co-infection the context of pediatrics and Covid-19","exampleBoolean":false,"groupingId":"-term-valueset"},{"extension":[{"url":"http://hl7.org/fhir/StructureDefinition/implementationguide-page","valueUri":"ValueSet-pediatric-medication-codes.html"}],"reference":{"reference":"ValueSet/pediatric-medication-codes"},"name":"ValueSet for Pediatric Module","description":"Codes related to the Pediatric Module.","exampleBoolean":false,"groupingId":"-term-valueset"},{"extension":[{"url":"http://hl7.org/fhir/StructureDefinition/implementationguide-page","valueUri":"ValueSet-pediatric-drug-therapy-codes.html"}],"reference":{"reference":"ValueSet/pediatric-drug-therapy-codes"},"name":"ValueSet for Pediatric Module","description":"Codes related to the Pediatric Module.","exampleBoolean":false,"groupingId":"-term-valueset"},{"extension":[{"url":"http://hl7.org/fhir/StructureDefinition/implementationguide-page","valueUri":"ValueSet-pediatric-imaging-codes.html"}],"reference":{"reference":"ValueSet/pediatric-imaging-codes"},"name":"ValueSet for Pediatric Module","description":"Codes related to the Pediatric Module.","exampleBoolean":false,"groupingId":"-term-valueset"},{"extension":[{"url":"http://hl7.org/fhir/StructureDefinition/implementationguide-page","valueUri":"ValueSet-restricted-event-status.html"}],"reference":{"reference":"ValueSet/restricted-event-status"},"name":"RestrictedEventStatus","description":"EventStatus value set restricted to codes not-done, completed and unknown","exampleBoolean":false,"groupingId":"-term-valueset"},{"extension":[{"url":"http://hl7.org/fhir/StructureDefinition/implementationguide-page","valueUri":"ValueSet-vs-supportive-pharmacotherapy-pediatrics.html"}],"reference":{"reference":"ValueSet/vs-supportive-pharmacotherapy-pediatrics"},"name":"ValuesetSupportivePharmacotherapy","description":"Supportive pharamcotherapy used in the context of Covid-19 and Pediatrics","exampleBoolean":false,"groupingId":"-term-valueset"},{"extension":[{"url":"http://hl7.org/fhir/StructureDefinition/implementationguide-page","valueUri":"ValueSet-syndromic-diseases-pediatrics.html"}],"reference":{"reference":"ValueSet/syndromic-diseases-pediatrics"},"name":"Syndromic diseases Pediatrics","description":"Syndromic diseases in the context of Covid-19 and Pediatrics","exampleBoolean":false,"groupingId":"-term-valueset"},{"extension":[{"url":"http://hl7.org/fhir/StructureDefinition/implementationguide-page","valueUri":"ValueSet-vaccine-type-covid-pediatrics.html"}],"reference":{"reference":"ValueSet/vaccine-type-covid-pediatrics"},"name":"ValueSetVaccineTypeCovidPediatrics","description":"Vaccine type used in the case of a vaccination in the context of Covid-19 and Pediatrics","exampleBoolean":false,"groupingId":"-term-valueset"},{"extension":[{"url":"http://hl7.org/fhir/StructureDefinition/implementationguide-page","valueUri":"ValueSet-viral-infectious-complications-sct.html"}],"reference":{"reference":"ValueSet/viral-infectious-complications-sct"},"name":"ViralInfectiousDiseases","exampleBoolean":false,"groupingId":"-term-valueset"},{"extension":[{"url":"http://hl7.org/fhir/StructureDefinition/implementationguide-page","valueUri":"CodeSystem-napkon-immunosuppresive-medications.html"}],"reference":{"reference":"CodeSystem/napkon-immunosuppresive-medications"},"name":"Immunosuppresive medications (NAPKON pediatrics module)","description":"Immunosuppresive medications not listed in SNOMED","exampleBoolean":false,"groupingId":"-term-codesystem"},{"extension":[{"url":"http://hl7.org/fhir/StructureDefinition/implementationguide-page","valueUri":"Patient-ExamplePatient.html"}],"reference":{"reference":"Patient/ExamplePatient"},"name":"ExamplePatient","exampleBoolean":true,"groupingId":"-ex-example"},{"extension":[{"url":"http://hl7.org/fhir/StructureDefinition/implementationguide-page","valueUri":"Condition-InfectionsComplicationPediatrics.html"}],"reference":{"reference":"Condition/InfectionsComplicationPediatrics"},"name":"InfectionsComplicationPediatrics","description":"Example instance of infectious-complications-pediatrics","exampleCanonical":"https://www.netzwerk-universitaetsmedizin.de/fhir/StructureDefinition/infectious-complications-pediatrics","groupingId":"-ex-example"},{"extension":[{"url":"http://hl7.org/fhir/StructureDefinition/implementationguide-page","valueUri":"Condition-covid19-complication-instance.html"}],"reference":{"reference":"Condition/covid19-complication-instance"},"name":"covid19-complication-instance","description":"Example of a covid19 complication","exampleCanonical":"https://www.netzwerk-universitaetsmedizin.de/fhir/StructureDefinition/covid19-complication-pediatrics","groupingId":"-ex-example"},{"extension":[{"url":"http://hl7.org/fhir/StructureDefinition/implementationguide-page","valueUri":"Procedure-electrocardiographic-ecg-procedure-instance.html"}],"reference":{"reference":"Procedure/electrocardiographic-ecg-procedure-instance"},"name":"Instance of ECG procedure","description":"Example of an ECG procedure instance","exampleCanonical":"https://www.netzwerk-universitaetsmedizin.de/fhir/StructureDefinition/electrocardiographic-ecg-procedure","groupingId":"-ex-example"},{"extension":[{"url":"http://hl7.org/fhir/StructureDefinition/implementationguide-page","valueUri":"Condition-fungal-infection-instance.html"}],"reference":{"reference":"Condition/fungal-infection-instance"},"name":"fungal-infection-instance","description":"Example of a fungal infection","exampleCanonical":"https://www.netzwerk-universitaetsmedizin.de/fhir/StructureDefinition/fungal-infection-pediatrics","groupingId":"-ex-example"},{"extension":[{"url":"http://hl7.org/fhir/StructureDefinition/implementationguide-page","valueUri":"MedicationStatement-immunosuppresive-permanent-medication-instance.html"}],"reference":{"reference":"MedicationStatement/immunosuppresive-permanent-medication-instance"},"name":"immunosuppresive-permanent-medication-instance","description":"Example of a Immunosuppresive Permanent Medication","exampleCanonical":"https://www.netzwerk-universitaetsmedizin.de/fhir/StructureDefinition/immunosuppresive-permanent-medication-pediatrics","groupingId":"-ex-example"},{"extension":[{"url":"http://hl7.org/fhir/StructureDefinition/implementationguide-page","valueUri":"Observation-instance-body-mass-index-pediatrics.html"}],"reference":{"reference":"Observation/instance-body-mass-index-pediatrics"},"name":"Instance of fhir resource body mass index in the context of pediatrics","description":"Example of body mass index","exampleCanonical":"https://www.netzwerk-universitaetsmedizin.de/fhir/StructureDefinition/observation-body-mass-index-pediatrics","groupingId":"-ex-example"},{"extension":[{"url":"http://hl7.org/fhir/StructureDefinition/implementationguide-page","valueUri":"Condition-instance-gastrointestinal-diseases-pediatrics.html"}],"reference":{"reference":"Condition/instance-gastrointestinal-diseases-pediatrics"},"name":"Instance of fhir resource sgastrointestinal-diseases in the context of pediatrics","description":"Example of a gastrointestinal disease","exampleCanonical":"https://www.netzwerk-universitaetsmedizin.de/fhir/StructureDefinition/gastrointestinal-diseases-pediatrics","groupingId":"-ex-example"},{"extension":[{"url":"http://hl7.org/fhir/StructureDefinition/implementationguide-page","valueUri":"Condition-instance-gastrointestinal-diseases-pediatrics-icd10.html"}],"reference":{"reference":"Condition/instance-gastrointestinal-diseases-pediatrics-icd10"},"name":"Instance of fhir resource sgastrointestinal-diseases in the context of pediatrics","description":"Example of a gastrointestinal disease","exampleCanonical":"https://www.netzwerk-universitaetsmedizin.de/fhir/StructureDefinition/gastrointestinal-diseases-pediatrics","groupingId":"-ex-example"},{"extension":[{"url":"http://hl7.org/fhir/StructureDefinition/implementationguide-page","valueUri":"Observation-instance-head-circumference-pediatrics.html"}],"reference":{"reference":"Observation/instance-head-circumference-pediatrics"},"name":"Instance of fhir resource head circumference in teh context of pediatrics","description":"Example of a head circumference","exampleCanonical":"https://www.netzwerk-universitaetsmedizin.de/fhir/StructureDefinition/observation-head-circumference-pediatrics","groupingId":"-ex-example"},{"extension":[{"url":"http://hl7.org/fhir/StructureDefinition/implementationguide-page","valueUri":"Condition-instance-supportive-pharmacotherapy-pediatrics.html"}],"reference":{"reference":"Condition/instance-supportive-pharmacotherapy-pediatrics"},"name":"Instance of fhir resource supportive pharmacotherapy in the context of pediatrics","description":"Example of a supportive pharmacotherapy","exampleCanonical":"https://www.netzwerk-universitaetsmedizin.de/fhir/StructureDefinition/supportive-pharmacotherapy-pediatrics","groupingId":"-ex-example"},{"extension":[{"url":"http://hl7.org/fhir/StructureDefinition/implementationguide-page","valueUri":"Observation-intensive-care-treatment-duration-instance.html"}],"reference":{"reference":"Observation/intensive-care-treatment-duration-instance"},"name":"intensive-care-treatment-duration-instance","description":"Example of an intensive care treatment duration","exampleCanonical":"https://www.netzwerk-universitaetsmedizin.de/fhir/StructureDefinition/intensive-care-treatment-duration-pediatrics","groupingId":"-ex-example"},{"extension":[{"url":"http://hl7.org/fhir/StructureDefinition/implementationguide-page","valueUri":"Procedure-thoracic-drainage-instance.html"}],"reference":{"reference":"Procedure/thoracic-drainage-instance"},"name":"thoracic-drainage-instance","description":"Example of a thoracic drainage","exampleCanonical":"https://www.netzwerk-universitaetsmedizin.de/fhir/StructureDefinition/thoracic-drainage-pediatrics","groupingId":"-ex-example"},{"extension":[{"url":"http://hl7.org/fhir/StructureDefinition/implementationguide-page","valueUri":"Observation-total-length-of-stay-instance.html"}],"reference":{"reference":"Observation/total-length-of-stay-instance"},"name":"total-length-of-stay-instance","description":"Example of an total length of stay","exampleCanonical":"https://www.netzwerk-universitaetsmedizin.de/fhir/StructureDefinition/total-length-of-stay-pediatrics","groupingId":"-ex-example"}],"page":{"nameUrl":"toc.html","title":"Table of Contents","generation":"html","page":[{"nameUrl":"index.html","title":"Home","generation":"html"},{"nameUrl":"about.html","title":"About","generation":"markdown"},{"nameUrl":"background.html","title":"Background","generation":"html"},{"nameUrl":"changes.html","title":"Changes","generation":"html"},{"nameUrl":"downloads.html","title":"Downloads","generation":"html"},{"nameUrl":"spec.html","title":"Spec","generation":"markdown"},{"nameUrl":"artifacts.html","title":"Artifacts Summary","generation":"html","page":[{"nameUrl":"StructureDefinition-observation-birth-height-pediatrics.html","title":"Birth Height","generation":"generated"},{"nameUrl":"StructureDefinition-observation-body-mass-index-pediatrics.html","title":"Body Mass Index","generation":"generated"},{"nameUrl":"StructureDefinition-cardiology-imaging-procedure.html","title":"Cardiology Imaging Procedure","generation":"generated"},{"nameUrl":"StructureDefinition-chronic-haematologic-diseases-pediatrics.html","title":"Chronic Haematologic Diseases","generation":"generated"},{"nameUrl":"StructureDefinition-covid19-complication-pediatrics.html","title":"Covid19 complication","generation":"generated"},{"nameUrl":"StructureDefinition-electrocardiographic-ecg-procedure.html","title":"ECG procedure","generation":"generated"},{"nameUrl":"StructureDefinition-fungal-infection-pediatrics.html","title":"Fungal Infection","generation":"generated"},{"nameUrl":"StructureDefinition-gastrointestinal-diseases-pediatrics.html","title":"Gastrointestinal Diseases Pediatrics","generation":"generated"},{"nameUrl":"StructureDefinition-observation-head-circumference-pediatrics.html","title":"Head circumference","generation":"generated"},{"nameUrl":"StructureDefinition-imaging-procedures.html","title":"Imaging Procedures","generation":"generated"},{"nameUrl":"StructureDefinition-imaging-procedure-cardiology.html","title":"Cardiology Imaging Procedure","generation":"generated"},{"nameUrl":"StructureDefinition-immunosuppresive-permanent-medication-pediatrics.html","title":"Immunosuppresive Permanent Medication","generation":"generated"},{"nameUrl":"StructureDefinition-infectious-complications-pediatrics.html","title":"Pediatry Infectious Complications","generation":"generated"},{"nameUrl":"StructureDefinition-intensive-care-treatment-duration-pediatrics.html","title":"Intensive care treatment duration","generation":"generated"},{"nameUrl":"StructureDefinition-supportive-pharmacotherapy-pediatrics.html","title":"Supportive Pharmacotherapy","generation":"generated"},{"nameUrl":"StructureDefinition-thoracic-drainage-pediatrics.html","title":"Thoracic Drainge","generation":"generated"},{"nameUrl":"StructureDefinition-total-length-of-stay-pediatrics.html","title":"Total length of stay","generation":"generated"},{"nameUrl":"ValueSet-vs-antibiotic-therapy-procedure-pediatrics.html","title":"Antibiotic Therapy Procedure PediatricsVS","generation":"generated"},{"nameUrl":"ValueSet-bacterial-infectious-complications-sct.html","title":"BacterialInfectiousDiseases","generation":"generated"},{"nameUrl":"ValueSet-cardiology-diseases-codes.html","title":"ValueSet for Cardiology Module","generation":"generated"},{"nameUrl":"ValueSet-cardiology-imaging-procedures.html","title":"Cardiology Imaging Procedures ValueSet","generation":"generated"},{"nameUrl":"ValueSet-chronic-haematologic-diseases-pediatrics.html","title":"ChronicHaematologicDiseasesPediatricsVS","generation":"generated"},{"nameUrl":"ValueSet-chronic-haematologic-diseases-pediatrics-icd.html","title":"ChronicHaematologicDiseasesPediatricsICD-VS","generation":"generated"},{"nameUrl":"ValueSet-covid19-complications.html","title":"Covid19 complications","generation":"generated"},{"nameUrl":"ValueSet-drug-therapy-pediatrics.html","title":"ValueSetDrugTherapyPediatrics","generation":"generated"},{"nameUrl":"ValueSet-ecg-expressions.html","title":"Cardiology ECG Expressions ValueSet","generation":"generated"},{"nameUrl":"ValueSet-fungal-infections.html","title":"Fungal Infections","generation":"generated"},{"nameUrl":"ValueSet-gastrointestinal-diseases-pediatrics.html","title":"VSGastrointestinal Diseases Pediatrics","generation":"generated"},{"nameUrl":"ValueSet-gastrointestinal-diseases-pediatrics-icd.html","title":"Gastrointestinal Diseases Pediatrics ICD-VS","generation":"generated"},{"nameUrl":"ValueSet-imaging-category-sct.html","title":"ImagingCategorySnomed","generation":"generated"},{"nameUrl":"ValueSet-imaging-procedures-cardiology.html","title":"ImagingCodes","generation":"generated"},{"nameUrl":"ValueSet-imaging-pediatrics.html","title":"ValueSetImagingPediatrics","generation":"generated"},{"nameUrl":"ValueSet-immunosuppressive-permament-medications.html","title":"Immunosuppressive Permanent Medications","generation":"generated"},{"nameUrl":"ValueSet-medication-pediatrics.html","title":"ValueSetMedicationPediatrics","generation":"generated"},{"nameUrl":"ValueSet-vs-non-pulmonary-bacterial-coinfection-pediatrics.html","title":"ValuesetNonPulmonaryBacterialCoinfectionPediatrics","generation":"generated"},{"nameUrl":"ValueSet-pediatric-medication-codes.html","title":"ValueSet for Pediatric Module","generation":"generated"},{"nameUrl":"ValueSet-pediatric-drug-therapy-codes.html","title":"ValueSet for Pediatric Module","generation":"generated"},{"nameUrl":"ValueSet-pediatric-imaging-codes.html","title":"ValueSet for Pediatric Module","generation":"generated"},{"nameUrl":"ValueSet-restricted-event-status.html","title":"RestrictedEventStatus","generation":"generated"},{"nameUrl":"ValueSet-vs-supportive-pharmacotherapy-pediatrics.html","title":"ValuesetSupportivePharmacotherapy","generation":"generated"},{"nameUrl":"ValueSet-syndromic-diseases-pediatrics.html","title":"Syndromic diseases Pediatrics","generation":"generated"},{"nameUrl":"ValueSet-vaccine-type-covid-pediatrics.html","title":"ValueSetVaccineTypeCovidPediatrics","generation":"generated"},{"nameUrl":"ValueSet-viral-infectious-complications-sct.html","title":"ViralInfectiousDiseases","generation":"generated"},{"nameUrl":"CodeSystem-napkon-immunosuppresive-medications.html","title":"Immunosuppresive medications (NAPKON pediatrics module)","generation":"generated"},{"nameUrl":"Patient-ExamplePatient.html","title":"ExamplePatient","generation":"generated"},{"nameUrl":"Condition-InfectionsComplicationPediatrics.html","title":"InfectionsComplicationPediatrics","generation":"generated"},{"nameUrl":"Condition-covid19-complication-instance.html","title":"covid19-complication-instance","generation":"generated"},{"nameUrl":"Procedure-electrocardiographic-ecg-procedure-instance.html","title":"Instance of ECG procedure","generation":"generated"},{"nameUrl":"Condition-fungal-infection-instance.html","title":"fungal-infection-instance","generation":"generated"},{"nameUrl":"MedicationStatement-immunosuppresive-permanent-medication-instance.html","title":"immunosuppresive-permanent-medication-instance","generation":"generated"},{"nameUrl":"Observation-instance-body-mass-index-pediatrics.html","title":"Instance of fhir resource body mass index in the context of pediatrics","generation":"generated"},{"nameUrl":"Condition-instance-gastrointestinal-diseases-pediatrics.html","title":"Instance of fhir resource sgastrointestinal-diseases in the context of pediatrics","generation":"generated"},{"nameUrl":"Condition-instance-gastrointestinal-diseases-pediatrics-icd10.html","title":"Instance of fhir resource sgastrointestinal-diseases in the context of pediatrics","generation":"generated"},{"nameUrl":"Observation-instance-head-circumference-pediatrics.html","title":"Instance of fhir resource head circumference in teh context of pediatrics","generation":"generated"},{"nameUrl":"Condition-instance-supportive-pharmacotherapy-pediatrics.html","title":"Instance of fhir resource supportive pharmacotherapy in the context of pediatrics","generation":"generated"},{"nameUrl":"Observation-intensive-care-treatment-duration-instance.html","title":"intensive-care-treatment-duration-instance","generation":"generated"},{"nameUrl":"Procedure-thoracic-drainage-instance.html","title":"thoracic-drainage-instance","generation":"generated"},{"nameUrl":"Observation-total-length-of-stay-instance.html","title":"total-length-of-stay-instance","generation":"generated"}]}]},"parameter":[{"code":"path-resource","value":"input/capabilities"},{"code":"path-resource","value":"input/examples"},{"code":"path-resource","value":"input/extensions"},{"code":"path-resource","value":"input/models"},{"code":"path-resource","value":"input/operations"},{"code":"path-resource","value":"input/profiles"},{"code":"path-resource","value":"input/resources"},{"code":"path-resource","value":"input/vocabulary"},{"code":"path-resource","value":"input/maps"},{"code":"path-resource","value":"input/testing"},{"code":"path-resource","value":"input/history"},{"code":"path-resource","value":"fsh-generated/resources"},{"code":"path-pages","value":"template/config"},{"code":"path-pages","value":"input/images"},{"code":"path-tx-cache","value":"input-cache/txcache"}]}}