{"resourceType":"ImplementationGuide","id":"hl7.de.fhir.napkon-bih","text":{"status":"extensions","div":"<div xmlns=\"http://www.w3.org/1999/xhtml\"><h2>NAPKON-BIH</h2><p>The official URL for this implementation guide is: </p><pre>http://fhir.de/napkon-bih/ImplementationGuide/hl7.de.fhir.napkon-bih</pre><div><p>Implementation Guide BIH @ Charité for project NAPKON.</p>\n</div></div>"},"url":"http://fhir.de/napkon-bih/ImplementationGuide/hl7.de.fhir.napkon-bih","version":"0.1.0-test","name":"NAPKON-BIH","title":"NAPKON Implementation Guide by BIH","status":"draft","experimental":false,"date":"2021-07-16T11:49:43+00:00","publisher":"Berlin Institute of Health @ Charité","contact":[{"telecom":[{"system":"url","value":"https://bihealth.org"}]}],"description":"Implementation Guide BIH @ Charité for project NAPKON.","jurisdiction":[{"coding":[{"system":"http://unstats.un.org/unsd/methods/m49/m49.htm","code":"001"}]}],"packageId":"hl7.de.fhir.napkon-bih","license":"CC0-1.0","fhirVersion":["4.0.1"],"definition":{"extension":[{"extension":[{"url":"code","valueString":"copyrightyear"},{"url":"value","valueString":"2021+"}],"url":"http://hl7.org/fhir/tools/StructureDefinition/ig-parameter"},{"extension":[{"url":"code","valueString":"releaselabel"},{"url":"value","valueString":"CI Build"}],"url":"http://hl7.org/fhir/tools/StructureDefinition/ig-parameter"},{"extension":[{"url":"code","valueString":"path-binary"},{"url":"value","valueString":"input\\cql"}],"url":"http://hl7.org/fhir/tools/StructureDefinition/ig-parameter"},{"extension":[{"url":"code","valueString":"path-liquid"},{"url":"value","valueString":"templates\\liquid"}],"url":"http://hl7.org/fhir/tools/StructureDefinition/ig-parameter"},{"extension":[{"url":"code","valueString":"autoload-resources"},{"url":"value","valueString":"true"}],"url":"http://hl7.org/fhir/tools/StructureDefinition/ig-parameter"},{"extension":[{"url":"code","valueString":"path-liquid"},{"url":"value","valueString":"template/liquid"}],"url":"http://hl7.org/fhir/tools/StructureDefinition/ig-parameter"},{"extension":[{"url":"code","valueString":"path-liquid"},{"url":"value","valueString":"input/liquid"}],"url":"http://hl7.org/fhir/tools/StructureDefinition/ig-parameter"},{"extension":[{"url":"code","valueString":"path-qa"},{"url":"value","valueString":"temp/qa"}],"url":"http://hl7.org/fhir/tools/StructureDefinition/ig-parameter"},{"extension":[{"url":"code","valueString":"path-temp"},{"url":"value","valueString":"temp/pages"}],"url":"http://hl7.org/fhir/tools/StructureDefinition/ig-parameter"},{"extension":[{"url":"code","valueString":"path-output"},{"url":"value","valueString":"output"}],"url":"http://hl7.org/fhir/tools/StructureDefinition/ig-parameter"},{"extension":[{"url":"code","valueString":"path-suppressed-warnings"},{"url":"value","valueString":"input/ignoreWarnings.txt"}],"url":"http://hl7.org/fhir/tools/StructureDefinition/ig-parameter"},{"extension":[{"url":"code","valueString":"path-history"},{"url":"value","valueString":"http://fhir.de/napkon-bih/history.html"}],"url":"http://hl7.org/fhir/tools/StructureDefinition/ig-parameter"},{"extension":[{"url":"code","valueString":"template-html"},{"url":"value","valueString":"template-page.html"}],"url":"http://hl7.org/fhir/tools/StructureDefinition/ig-parameter"},{"extension":[{"url":"code","valueString":"template-md"},{"url":"value","valueString":"template-page-md.html"}],"url":"http://hl7.org/fhir/tools/StructureDefinition/ig-parameter"},{"extension":[{"url":"code","valueString":"apply-contact"},{"url":"value","valueString":"true"}],"url":"http://hl7.org/fhir/tools/StructureDefinition/ig-parameter"},{"extension":[{"url":"code","valueString":"apply-context"},{"url":"value","valueString":"true"}],"url":"http://hl7.org/fhir/tools/StructureDefinition/ig-parameter"},{"extension":[{"url":"code","valueString":"apply-copyright"},{"url":"value","valueString":"true"}],"url":"http://hl7.org/fhir/tools/StructureDefinition/ig-parameter"},{"extension":[{"url":"code","valueString":"apply-jurisdiction"},{"url":"value","valueString":"true"}],"url":"http://hl7.org/fhir/tools/StructureDefinition/ig-parameter"},{"extension":[{"url":"code","valueString":"apply-license"},{"url":"value","valueString":"true"}],"url":"http://hl7.org/fhir/tools/StructureDefinition/ig-parameter"},{"extension":[{"url":"code","valueString":"apply-publisher"},{"url":"value","valueString":"true"}],"url":"http://hl7.org/fhir/tools/StructureDefinition/ig-parameter"},{"extension":[{"url":"code","valueString":"apply-version"},{"url":"value","valueString":"true"}],"url":"http://hl7.org/fhir/tools/StructureDefinition/ig-parameter"},{"extension":[{"url":"code","valueString":"active-tables"},{"url":"value","valueString":"true"}],"url":"http://hl7.org/fhir/tools/StructureDefinition/ig-parameter"}],"grouping":[{"id":"-str-profile","name":"Structures: Resource Profiles","description":"These define constraints on FHIR resources for systems conforming to this implementation guide"},{"id":"-term-valueset","name":"Terminology: Value Sets","description":"These define sets of codes used by systems conforming to this implementation guide"}],"resource":[{"extension":[{"url":"http://hl7.org/fhir/StructureDefinition/implementationguide-page","valueUri":"ValueSet-vs-non-pulmonary-bacterial-coinfection-pediatrics.html"}],"reference":{"reference":"ValueSet/vs-non-pulmonary-bacterial-coinfection-pediatrics"},"name":"ValuesetNonPulmonaryBacterialCoinfectionPediatrics","description":"Non-pulmonary bacterial co-infection the context of pediatrics and Covid-19","groupingId":"-term-valueset"},{"extension":[{"url":"http://hl7.org/fhir/StructureDefinition/implementationguide-page","valueUri":"StructureDefinition-gecco-observation-heart-rate.html"}],"reference":{"reference":"StructureDefinition/gecco-observation-heart-rate"},"name":"Heart Rate","description":"Heart rate of a patient","groupingId":"-str-profile"},{"extension":[{"url":"http://hl7.org/fhir/StructureDefinition/implementationguide-page","valueUri":"ValueSet-chronic-haematologic-diseases-pediatrics-icd.html"}],"reference":{"reference":"ValueSet/chronic-haematologic-diseases-pediatrics-icd"},"name":"ChronicHaematologicDiseasesPediatricsICD-VS","description":"Chronic haematologic diseases the context of pediatrics and Covid-19","groupingId":"-term-valueset"},{"extension":[{"url":"http://hl7.org/fhir/StructureDefinition/implementationguide-page","valueUri":"StructureDefinition-gecco-observation-body-weight.html"}],"reference":{"reference":"StructureDefinition/gecco-observation-body-weight"},"name":"Body Weight","description":"Body Weight of a patient","groupingId":"-str-profile"},{"extension":[{"url":"http://hl7.org/fhir/StructureDefinition/implementationguide-page","valueUri":"ValueSet-syndromic-diseases-pediatrics.html"}],"reference":{"reference":"ValueSet/syndromic-diseases-pediatrics"},"name":"Syndromic diseases Pediatrics","description":"Syndromic diseases in the context of Covid-19 and Pediatrics","groupingId":"-term-valueset"},{"extension":[{"url":"http://hl7.org/fhir/StructureDefinition/implementationguide-page","valueUri":"ValueSet-vaccine-type-covid-pediatrics.html"}],"reference":{"reference":"ValueSet/vaccine-type-covid-pediatrics"},"name":"ValueSetVaccineTypeCovidPediatrics","description":"Vaccine type used in the case of a vaccination in the context of Covid-19 and Pediatrics","groupingId":"-term-valueset"},{"extension":[{"url":"http://hl7.org/fhir/StructureDefinition/implementationguide-page","valueUri":"StructureDefinition-gecco-observation-oxygen-saturation.html"}],"reference":{"reference":"StructureDefinition/gecco-observation-oxygen-saturation"},"name":"Oxygen Saturation","description":"Oxygen saturation of a patient","groupingId":"-str-profile"},{"extension":[{"url":"http://hl7.org/fhir/StructureDefinition/implementationguide-page","valueUri":"ValueSet-chronic-haematologic-diseases-pediatrics.html"}],"reference":{"reference":"ValueSet/chronic-haematologic-diseases-pediatrics"},"name":"ChronicHaematologicDiseasesPediatricsVS","description":"Chronic haematologic diseases the context of pediatrics and Covid-19","groupingId":"-term-valueset"},{"extension":[{"url":"http://hl7.org/fhir/StructureDefinition/implementationguide-page","valueUri":"ValueSet-cardiology-diseases-codes.html"}],"reference":{"reference":"ValueSet/cardiology-diseases-codes"},"name":"ValueSet for Cardiology Module","description":"Codes related to the Cardiology Module.","groupingId":"-term-valueset"},{"extension":[{"url":"http://hl7.org/fhir/StructureDefinition/implementationguide-page","valueUri":"StructureDefinition-gecco-observation-blood-pressure.html"}],"reference":{"reference":"StructureDefinition/gecco-observation-blood-pressure"},"name":"Blood Pressure","description":"The blood pressure of a patient.","groupingId":"-str-profile"},{"extension":[{"url":"http://hl7.org/fhir/StructureDefinition/implementationguide-page","valueUri":"ValueSet-1.2.276.0.76.11.467--20200409000000.html"}],"reference":{"reference":"ValueSet/1.2.276.0.76.11.467--20200409000000"},"name":"SARS-CoV-2-Symptoms","description":"Symptoms for SARS-CoV-2 infection","groupingId":"-term-valueset"},{"extension":[{"url":"http://hl7.org/fhir/StructureDefinition/implementationguide-page","valueUri":"StructureDefinition-gecco-observation-body-height.html"}],"reference":{"reference":"StructureDefinition/gecco-observation-body-height"},"name":"Body Height","description":"Body Height of a patient","groupingId":"-str-profile"},{"extension":[{"url":"http://hl7.org/fhir/StructureDefinition/implementationguide-page","valueUri":"StructureDefinition-gecco-observation-body-temperature.html"}],"reference":{"reference":"StructureDefinition/gecco-observation-body-temperature"},"name":"Body Temperature","description":"Body Temperature of a patient","groupingId":"-str-profile"},{"extension":[{"url":"http://hl7.org/fhir/StructureDefinition/implementationguide-page","valueUri":"StructureDefinition-gecco-vital-signs-base.html"}],"reference":{"reference":"StructureDefinition/gecco-vital-signs-base"},"name":"Vital Signs Base Profile","description":"Vital signs base definition profile","groupingId":"-str-profile"},{"extension":[{"url":"http://hl7.org/fhir/StructureDefinition/implementationguide-page","valueUri":"ValueSet-vs-antibiotic-therapy-procedure-pediatrics.html"}],"reference":{"reference":"ValueSet/vs-antibiotic-therapy-procedure-pediatrics"},"name":"Antibiotic Therapy Procedure PediatricsVS","description":"Antibiotic Therapy the context of pediatrics and Covid-19","groupingId":"-term-valueset"},{"extension":[{"url":"http://hl7.org/fhir/StructureDefinition/implementationguide-page","valueUri":"ValueSet-gastrointestinal-diseases-pediatrics-icd.html"}],"reference":{"reference":"ValueSet/gastrointestinal-diseases-pediatrics-icd"},"name":"Gastrointestinal Diseases Pediatrics ICD-VS","description":"Gastrointestinal diseases in the context of pediatrics and Covid-19","groupingId":"-term-valueset"},{"extension":[{"url":"http://hl7.org/fhir/StructureDefinition/implementationguide-page","valueUri":"ValueSet-gastrointestinal-diseases-pediatrics.html"}],"reference":{"reference":"ValueSet/gastrointestinal-diseases-pediatrics"},"name":"VSGastrointestinal Diseases Pediatrics","description":"Gastrointestinal diseases in the context of pediatrics and Covid-19","groupingId":"-term-valueset"},{"extension":[{"url":"http://hl7.org/fhir/StructureDefinition/implementationguide-page","valueUri":"StructureDefinition-gecco-observation-respiratory-rate.html"}],"reference":{"reference":"StructureDefinition/gecco-observation-respiratory-rate"},"name":"Respiratory Rate","description":"Respiratory rate of a patient","groupingId":"-str-profile"}],"page":{"nameUrl":"toc.html","title":"Table of Contents","generation":"html","page":[{"nameUrl":"index.html","title":"NAPKON Implementation Guide","generation":"html"},{"nameUrl":"about.html","title":"About NAPKON Implementation Guide","generation":"markdown"},{"nameUrl":"downloads.html","title":"Useful Downloads","generation":"html"},{"nameUrl":"changes.html","title":"IG Change History","generation":"html"},{"nameUrl":"artifacts.html","title":"Artifacts Summary","generation":"html","page":[{"nameUrl":"StructureDefinition-gecco-observation-heart-rate.html","title":"Heart Rate","generation":"generated"},{"nameUrl":"StructureDefinition-gecco-observation-body-weight.html","title":"Body Weight","generation":"generated"},{"nameUrl":"StructureDefinition-gecco-observation-oxygen-saturation.html","title":"Oxygen Saturation","generation":"generated"},{"nameUrl":"StructureDefinition-gecco-observation-blood-pressure.html","title":"Blood Pressure","generation":"generated"},{"nameUrl":"StructureDefinition-gecco-observation-body-height.html","title":"Body Height","generation":"generated"},{"nameUrl":"StructureDefinition-gecco-observation-body-temperature.html","title":"Body Temperature","generation":"generated"},{"nameUrl":"StructureDefinition-gecco-vital-signs-base.html","title":"Vital Signs Base Profile","generation":"generated"},{"nameUrl":"StructureDefinition-gecco-observation-respiratory-rate.html","title":"Respiratory Rate","generation":"generated"},{"nameUrl":"ValueSet-vs-non-pulmonary-bacterial-coinfection-pediatrics.html","title":"ValuesetNonPulmonaryBacterialCoinfectionPediatrics","generation":"generated"},{"nameUrl":"ValueSet-chronic-haematologic-diseases-pediatrics-icd.html","title":"ChronicHaematologicDiseasesPediatricsICD-VS","generation":"generated"},{"nameUrl":"ValueSet-syndromic-diseases-pediatrics.html","title":"Syndromic diseases Pediatrics","generation":"generated"},{"nameUrl":"ValueSet-vaccine-type-covid-pediatrics.html","title":"ValueSetVaccineTypeCovidPediatrics","generation":"generated"},{"nameUrl":"ValueSet-chronic-haematologic-diseases-pediatrics.html","title":"ChronicHaematologicDiseasesPediatricsVS","generation":"generated"},{"nameUrl":"ValueSet-cardiology-diseases-codes.html","title":"ValueSet for Cardiology Module","generation":"generated"},{"nameUrl":"ValueSet-1.2.276.0.76.11.467--20200409000000.html","title":"SARS-CoV-2-Symptoms","generation":"generated"},{"nameUrl":"ValueSet-vs-antibiotic-therapy-procedure-pediatrics.html","title":"Antibiotic Therapy Procedure PediatricsVS","generation":"generated"},{"nameUrl":"ValueSet-gastrointestinal-diseases-pediatrics-icd.html","title":"Gastrointestinal Diseases Pediatrics ICD-VS","generation":"generated"},{"nameUrl":"ValueSet-gastrointestinal-diseases-pediatrics.html","title":"VSGastrointestinal Diseases Pediatrics","generation":"generated"}]}]},"parameter":[{"code":"path-resource","value":"input\\history"},{"code":"path-resource","value":"input\\scenarios"},{"code":"path-resource","value":"input/capabilities"},{"code":"path-resource","value":"input/examples"},{"code":"path-resource","value":"input/extensions"},{"code":"path-resource","value":"input/models"},{"code":"path-resource","value":"input/operations"},{"code":"path-resource","value":"input/profiles"},{"code":"path-resource","value":"input/resources"},{"code":"path-resource","value":"input/vocabulary"},{"code":"path-resource","value":"input/testing"},{"code":"path-resource","value":"input/history"},{"code":"path-resource","value":"fsh-generated/resources"},{"code":"path-pages","value":"template/config"},{"code":"path-pages","value":"input/images"},{"code":"path-tx-cache","value":"input-cache/txcache"}]}}