{"resourceType":"ImplementationGuide","id":"napkon-bih","text":{"status":"extensions","div":"<div xmlns=\"http://www.w3.org/1999/xhtml\"><h2>NAPKONBIH</h2><p>The official URL for this implementation guide is: </p><pre>https://www.netzwerk-universitaetsmedizin.de/fhir/ImplementationGuide/napkon-bih</pre></div>"},"url":"https://www.netzwerk-universitaetsmedizin.de/fhir/ImplementationGuide/napkon-bih","version":"0.1.0","name":"NAPKONBIH","status":"draft","date":"2021-10-13T21:39:19+00:00","publisher":"BIH @ Charité","contact":[{"name":"BIH @ Charité","telecom":[{"system":"url","value":"https://www.netzwerk-universitaetsmedizin.de"}]}],"packageId":"napkon-bih","license":"CC0-1.0","fhirVersion":["4.0.1"],"dependsOn":[{"id":"de_medizininformatikinitiative_kerndatensatz_prozedur","uri":"https://simplifier.net/guide/medizininformatikinitiative-modulprozeduren-implementationguide","packageId":"de.medizininformatikinitiative.kerndatensatz.prozedur","version":"2.0.0-alpha3"},{"id":"de_medizininformatikinitiative_kerndatensatz_person","uri":"https://simplifier.net/guide/medizininformatikinitiative-modulperson-implementationguide","packageId":"de.medizininformatikinitiative.kerndatensatz.person","version":"2.0.0-alpha3"},{"id":"de_medizininformatikinitiative_kerndatensatz_medikation","uri":"https://simplifier.net/guide/medizininformatikinitiative-modulmedikation-implementationguide","packageId":"de.medizininformatikinitiative.kerndatensatz.medikation","version":"1.0.10"},{"id":"de_medizininformatikinitiative_kerndatensatz_diagnose","uri":"https://simplifier.net/guide/medizininformatikinitiative-moduldiagnosen-implementationguide","packageId":"de.medizininformatikinitiative.kerndatensatz.diagnose","version":"2.0.0-alpha3"},{"id":"de_medizininformatikinitiative_kerndatensatz_laborbefund","uri":"https://simplifier.net/guide/laborbefundindermedizininformatik-initiative","packageId":"de.medizininformatikinitiative.kerndatensatz.laborbefund","version":"1.0.6"},{"id":"de_gecco","uri":"https://simplifier.net/guide/germancoronaconsensusdataset-implementationguide","packageId":"de.gecco","version":"1.0.5"},{"id":"de_medizininformatikinitiative_kerndatensatz_meta","uri":"https://simplifier.net/guide/medizininformatikinitiative-implementationguide-manteldokument","packageId":"de.medizininformatikinitiative.kerndatensatz.meta","version":"1.0.3"}],"definition":{"extension":[{"extension":[{"url":"code","valueString":"copyrightyear"},{"url":"value","valueString":"2021+"}],"url":"http://hl7.org/fhir/tools/StructureDefinition/ig-parameter"},{"extension":[{"url":"code","valueString":"releaselabel"},{"url":"value","valueString":"ci-build"}],"url":"http://hl7.org/fhir/tools/StructureDefinition/ig-parameter"},{"extension":[{"url":"code","valueString":"path-liquid"},{"url":"value","valueString":"template/liquid"}],"url":"http://hl7.org/fhir/tools/StructureDefinition/ig-parameter"},{"extension":[{"url":"code","valueString":"path-liquid"},{"url":"value","valueString":"input/liquid"}],"url":"http://hl7.org/fhir/tools/StructureDefinition/ig-parameter"},{"extension":[{"url":"code","valueString":"path-qa"},{"url":"value","valueString":"temp/qa"}],"url":"http://hl7.org/fhir/tools/StructureDefinition/ig-parameter"},{"extension":[{"url":"code","valueString":"path-temp"},{"url":"value","valueString":"temp/pages"}],"url":"http://hl7.org/fhir/tools/StructureDefinition/ig-parameter"},{"extension":[{"url":"code","valueString":"path-output"},{"url":"value","valueString":"output"}],"url":"http://hl7.org/fhir/tools/StructureDefinition/ig-parameter"},{"extension":[{"url":"code","valueString":"path-suppressed-warnings"},{"url":"value","valueString":"input/ignoreWarnings.txt"}],"url":"http://hl7.org/fhir/tools/StructureDefinition/ig-parameter"},{"extension":[{"url":"code","valueString":"path-history"},{"url":"value","valueString":"https://www.netzwerk-universitaetsmedizin.de/fhir/history.html"}],"url":"http://hl7.org/fhir/tools/StructureDefinition/ig-parameter"},{"extension":[{"url":"code","valueString":"template-html"},{"url":"value","valueString":"template-page.html"}],"url":"http://hl7.org/fhir/tools/StructureDefinition/ig-parameter"},{"extension":[{"url":"code","valueString":"template-md"},{"url":"value","valueString":"template-page-md.html"}],"url":"http://hl7.org/fhir/tools/StructureDefinition/ig-parameter"},{"extension":[{"url":"code","valueString":"apply-contact"},{"url":"value","valueString":"true"}],"url":"http://hl7.org/fhir/tools/StructureDefinition/ig-parameter"},{"extension":[{"url":"code","valueString":"apply-context"},{"url":"value","valueString":"true"}],"url":"http://hl7.org/fhir/tools/StructureDefinition/ig-parameter"},{"extension":[{"url":"code","valueString":"apply-copyright"},{"url":"value","valueString":"true"}],"url":"http://hl7.org/fhir/tools/StructureDefinition/ig-parameter"},{"extension":[{"url":"code","valueString":"apply-jurisdiction"},{"url":"value","valueString":"true"}],"url":"http://hl7.org/fhir/tools/StructureDefinition/ig-parameter"},{"extension":[{"url":"code","valueString":"apply-license"},{"url":"value","valueString":"true"}],"url":"http://hl7.org/fhir/tools/StructureDefinition/ig-parameter"},{"extension":[{"url":"code","valueString":"apply-publisher"},{"url":"value","valueString":"true"}],"url":"http://hl7.org/fhir/tools/StructureDefinition/ig-parameter"},{"extension":[{"url":"code","valueString":"apply-version"},{"url":"value","valueString":"true"}],"url":"http://hl7.org/fhir/tools/StructureDefinition/ig-parameter"},{"extension":[{"url":"code","valueString":"active-tables"},{"url":"value","valueString":"true"}],"url":"http://hl7.org/fhir/tools/StructureDefinition/ig-parameter"}],"grouping":[{"id":"-str-profile","name":"Structures: Resource Profiles","description":"These define constraints on FHIR resources for systems conforming to this implementation guide"},{"id":"-term-valueset","name":"Terminology: Value Sets","description":"These define sets of codes used by systems conforming to this implementation guide"},{"id":"-term-codesystem","name":"Terminology: Code Systems","description":"These define new code systems used by systems conforming to this implementation guide"},{"id":"-ex-example","name":"Example: Example Instances","description":"These are example instances that show what data produced and consumed by systems conforming with this implementation guide might look like"}],"resource":[{"extension":[{"url":"http://hl7.org/fhir/StructureDefinition/implementationguide-page","valueUri":"StructureDefinition-additional-vaccination-willingness.html"}],"reference":{"reference":"StructureDefinition/additional-vaccination-willingness"},"name":"Additional Vaccination Willingness","description":"Willingness of the patient to receive additional COVID-19 vaccination if officially recommended","exampleBoolean":false,"groupingId":"-str-profile"},{"extension":[{"url":"http://hl7.org/fhir/StructureDefinition/implementationguide-page","valueUri":"StructureDefinition-allergic-reaction-to-vaccination.html"}],"reference":{"reference":"StructureDefinition/allergic-reaction-to-vaccination"},"name":"Allergic Reaction To Vaccination","description":"Whether a vaccination caused an allergic reaction","exampleBoolean":false,"groupingId":"-str-profile"},{"extension":[{"url":"http://hl7.org/fhir/StructureDefinition/implementationguide-page","valueUri":"StructureDefinition-analgesic-antipyretic-intake-after-vaccination.html"}],"reference":{"reference":"StructureDefinition/analgesic-antipyretic-intake-after-vaccination"},"name":"Analgesic Antipyretic Intake After Vaccination","description":"Whether a patient took analgesic or antipyretic drugs after a vaccination event","exampleBoolean":false,"groupingId":"-str-profile"},{"extension":[{"url":"http://hl7.org/fhir/StructureDefinition/implementationguide-page","valueUri":"StructureDefinition-body-temperature-after-vaccination.html"}],"reference":{"reference":"StructureDefinition/body-temperature-after-vaccination"},"name":"Body Temperature After Vaccination","description":"Maximal body temperature after a vaccination event (indicating fever)","exampleBoolean":false,"groupingId":"-str-profile"},{"extension":[{"url":"http://hl7.org/fhir/StructureDefinition/implementationguide-page","valueUri":"StructureDefinition-chemotherapy.html"}],"reference":{"reference":"StructureDefinition/chemotherapy"},"name":"Chemotherapy","description":"Whether a patient is or has been receiving a chemotherapy within the last 3 months","exampleBoolean":false,"groupingId":"-str-profile"},{"extension":[{"url":"http://hl7.org/fhir/StructureDefinition/implementationguide-page","valueUri":"StructureDefinition-covid-vaccination.html"}],"reference":{"reference":"StructureDefinition/covid-vaccination"},"name":"Covid Vaccination","description":"COVID-19 vaccination event","exampleBoolean":false,"groupingId":"-str-profile"},{"extension":[{"url":"http://hl7.org/fhir/StructureDefinition/implementationguide-page","valueUri":"StructureDefinition-general-complaints-after-vaccination.html"}],"reference":{"reference":"StructureDefinition/general-complaints-after-vaccination"},"name":"General Complaints After Vaccination","description":"General complaints after a vaccination event","exampleBoolean":false,"groupingId":"-str-profile"},{"extension":[{"url":"http://hl7.org/fhir/StructureDefinition/implementationguide-page","valueUri":"StructureDefinition-immunomodulatory-therapy.html"}],"reference":{"reference":"StructureDefinition/immunomodulatory-therapy"},"name":"Immunomodulatory Therapy","description":"Whether a patient is receiving an immunosuppressive or -modulatory therapy","exampleBoolean":false,"groupingId":"-str-profile"},{"extension":[{"url":"http://hl7.org/fhir/StructureDefinition/implementationguide-page","valueUri":"StructureDefinition-medical-treatment-for-vaccination-adverse-reaction.html"}],"reference":{"reference":"StructureDefinition/medical-treatment-for-vaccination-adverse-reaction"},"name":"Medical Treatment For Vaccination Adverse Reaction","description":"Whether a patient underwent medical treatment for a potential or actual adverse reaction to a vaccination event","exampleBoolean":false,"groupingId":"-str-profile"},{"extension":[{"url":"http://hl7.org/fhir/StructureDefinition/implementationguide-page","valueUri":"StructureDefinition-medical-treatment-reason.html"}],"reference":{"reference":"StructureDefinition/medical-treatment-reason"},"name":"Medical Treatment Reason","description":"Reason for a medical treatment for a potential or actual adverse reaction to a vaccination event (free text only)","exampleBoolean":false,"groupingId":"-str-profile"},{"extension":[{"url":"http://hl7.org/fhir/StructureDefinition/implementationguide-page","valueUri":"StructureDefinition-regular-alcohol-intake.html"}],"reference":{"reference":"StructureDefinition/regular-alcohol-intake"},"name":"Regular Alcohol Intake","description":"Whether a patient regularly drinks alcohol","exampleBoolean":false,"groupingId":"-str-profile"},{"extension":[{"url":"http://hl7.org/fhir/StructureDefinition/implementationguide-page","valueUri":"StructureDefinition-regular-alcohol-intake-quantity.html"}],"reference":{"reference":"StructureDefinition/regular-alcohol-intake-quantity"},"name":"Regular Alcohol Intake Quantity","description":"How many alcoholic drinks a patient usually drings per day","exampleBoolean":false,"groupingId":"-str-profile"},{"extension":[{"url":"http://hl7.org/fhir/StructureDefinition/implementationguide-page","valueUri":"StructureDefinition-sars-cov2-infection-vaccination.html"}],"reference":{"reference":"StructureDefinition/sars-cov2-infection-vaccination"},"name":"SARS CoV2 Infection","description":"Whether SARS CoV2 was detected in a patient","exampleBoolean":false,"groupingId":"-str-profile"},{"extension":[{"url":"http://hl7.org/fhir/StructureDefinition/implementationguide-page","valueUri":"StructureDefinition-sars-cov2-infection-course-vaccination.html"}],"reference":{"reference":"StructureDefinition/sars-cov2-infection-course-vaccination"},"name":"SARS CoV2 Infection Course","description":"Course of a SARS CoV2 infection","exampleBoolean":false,"groupingId":"-str-profile"},{"extension":[{"url":"http://hl7.org/fhir/StructureDefinition/implementationguide-page","valueUri":"StructureDefinition-sars-cov2-variant.html"}],"reference":{"reference":"StructureDefinition/sars-cov2-variant"},"name":"SARS CoV2 Variant","description":"Variant/strain of detected SARS CoV2 (Pango Cov-lineage)","exampleBoolean":false,"groupingId":"-str-profile"},{"extension":[{"url":"http://hl7.org/fhir/StructureDefinition/implementationguide-page","valueUri":"StructureDefinition-vaccination-injection-site-erythema.html"}],"reference":{"reference":"StructureDefinition/vaccination-injection-site-erythema"},"name":"Vaccination Injection Site Erythema","description":"Size of an erythema at a vaccine injection site","exampleBoolean":false,"groupingId":"-str-profile"},{"extension":[{"url":"http://hl7.org/fhir/StructureDefinition/implementationguide-page","valueUri":"StructureDefinition-vaccination-injection-site-pain-movement.html"}],"reference":{"reference":"StructureDefinition/vaccination-injection-site-pain-movement"},"name":"Vaccination Injection Site Pain Movement","description":"Pain intensity at vaccine injection site during pressure or movement","exampleBoolean":false,"groupingId":"-str-profile"},{"extension":[{"url":"http://hl7.org/fhir/StructureDefinition/implementationguide-page","valueUri":"StructureDefinition-vaccination-injection-site-pain-rest.html"}],"reference":{"reference":"StructureDefinition/vaccination-injection-site-pain-rest"},"name":"Vaccination Injection Site Pain Rest","description":"Pain intensity at vaccine injection site at rest","exampleBoolean":false,"groupingId":"-str-profile"},{"extension":[{"url":"http://hl7.org/fhir/StructureDefinition/implementationguide-page","valueUri":"StructureDefinition-vaccination-injection-site-swelling.html"}],"reference":{"reference":"StructureDefinition/vaccination-injection-site-swelling"},"name":"Vaccination Injection Site Swelling","description":"Size of an swelling at a vaccine injection site","exampleBoolean":false,"groupingId":"-str-profile"},{"extension":[{"url":"http://hl7.org/fhir/StructureDefinition/implementationguide-page","valueUri":"ValueSet-analgesics-antipyretics.html"}],"reference":{"reference":"ValueSet/analgesics-antipyretics"},"name":"Analgesics Antipyretics","description":"Analgetic and antipyretic drugs","exampleBoolean":false,"groupingId":"-term-valueset"},{"extension":[{"url":"http://hl7.org/fhir/StructureDefinition/implementationguide-page","valueUri":"ValueSet-body-temperature.html"}],"reference":{"reference":"ValueSet/body-temperature"},"name":"Body Temperature","description":"Body temperature categories","exampleBoolean":false,"groupingId":"-term-valueset"},{"extension":[{"url":"http://hl7.org/fhir/StructureDefinition/implementationguide-page","valueUri":"ValueSet-complaint-intensity.html"}],"reference":{"reference":"ValueSet/complaint-intensity"},"name":"Complaint Intensity","description":"Intensity of general complaints","exampleBoolean":false,"groupingId":"-term-valueset"},{"extension":[{"url":"http://hl7.org/fhir/StructureDefinition/implementationguide-page","valueUri":"ValueSet-covid-vaccination-codes.html"}],"reference":{"reference":"ValueSet/covid-vaccination-codes"},"name":"CovidVaccinationCodes","description":"COVID-19 vaccines","exampleBoolean":false,"groupingId":"-term-valueset"},{"extension":[{"url":"http://hl7.org/fhir/StructureDefinition/implementationguide-page","valueUri":"ValueSet-covid-vaccination-contraindications.html"}],"reference":{"reference":"ValueSet/covid-vaccination-contraindications"},"name":"covid-vaccination-contraindications","description":"Contraindications precluding COVID-19 vaccination","exampleBoolean":false,"groupingId":"-term-valueset"},{"extension":[{"url":"http://hl7.org/fhir/StructureDefinition/implementationguide-page","valueUri":"ValueSet-covid-vaccination-reasons.html"}],"reference":{"reference":"ValueSet/covid-vaccination-reasons"},"name":"Covid Vaccination Reasons","description":"Individual reason for getting vaccinated against COVID-19","exampleBoolean":false,"groupingId":"-term-valueset"},{"extension":[{"url":"http://hl7.org/fhir/StructureDefinition/implementationguide-page","valueUri":"ValueSet-detected-not-detected-unknown-undetermined.html"}],"reference":{"reference":"ValueSet/detected-not-detected-unknown-undetermined"},"name":"Detected Not Detected Unknown Undetermined","description":"Values for laboratory observations","exampleBoolean":false,"groupingId":"-term-valueset"},{"extension":[{"url":"http://hl7.org/fhir/StructureDefinition/implementationguide-page","valueUri":"ValueSet-general-complaints-after-vaccination.html"}],"reference":{"reference":"ValueSet/general-complaints-after-vaccination"},"name":"General Complaints After Vaccination","description":"General complaints after vaccination","exampleBoolean":false,"groupingId":"-term-valueset"},{"extension":[{"url":"http://hl7.org/fhir/StructureDefinition/implementationguide-page","valueUri":"ValueSet-immunosuppressive-immunomodulatory-therapy.html"}],"reference":{"reference":"ValueSet/immunosuppressive-immunomodulatory-therapy"},"name":"Immunosuppressive Immunomodulatory Therapy","description":"Immunosuppressive and immunomodulatory procedures / therapies codes","exampleBoolean":false,"groupingId":"-term-valueset"},{"extension":[{"url":"http://hl7.org/fhir/StructureDefinition/implementationguide-page","valueUri":"ValueSet-medical-treatment-for-vaccination-adverse-reaction.html"}],"reference":{"reference":"ValueSet/medical-treatment-for-vaccination-adverse-reaction"},"name":"Medical Treatment For Vaccination Adverse Reaction","description":"Types of medical treatments for potential or actual adverse reactions to a vaccination","exampleBoolean":false,"groupingId":"-term-valueset"},{"extension":[{"url":"http://hl7.org/fhir/StructureDefinition/implementationguide-page","valueUri":"ValueSet-present-not-present-undetermined-other.html"}],"reference":{"reference":"ValueSet/present-not-present-undetermined-other"},"name":"Present Not Present Undetermined Other","description":"Values for laboratory observations","exampleBoolean":false,"groupingId":"-term-valueset"},{"extension":[{"url":"http://hl7.org/fhir/StructureDefinition/implementationguide-page","valueUri":"ValueSet-regular-alcohol-intake.html"}],"reference":{"reference":"ValueSet/regular-alcohol-intake"},"name":"Regular Alcohol Intake","description":"Frequency of alcoholic beverage intake","exampleBoolean":false,"groupingId":"-term-valueset"},{"extension":[{"url":"http://hl7.org/fhir/StructureDefinition/implementationguide-page","valueUri":"ValueSet-regular-alcohol-intake-quantity.html"}],"reference":{"reference":"ValueSet/regular-alcohol-intake-quantity"},"name":"Regular Alcohol Intake Quantity","description":"Number of alcoholic beverages per day","exampleBoolean":false,"groupingId":"-term-valueset"},{"extension":[{"url":"http://hl7.org/fhir/StructureDefinition/implementationguide-page","valueUri":"ValueSet-restricted-event-status.html"}],"reference":{"reference":"ValueSet/restricted-event-status"},"name":"RestrictedEventStatus","description":"EventStatus value set restricted to codes not-done, active, completed and unknown","exampleBoolean":false,"groupingId":"-term-valueset"},{"extension":[{"url":"http://hl7.org/fhir/StructureDefinition/implementationguide-page","valueUri":"ValueSet-sars-cov2-infection-course.html"}],"reference":{"reference":"ValueSet/sars-cov2-infection-course"},"name":"SARS-CoV2 Infection Course","description":"Infection course of SARS-CoV2","exampleBoolean":false,"groupingId":"-term-valueset"},{"extension":[{"url":"http://hl7.org/fhir/StructureDefinition/implementationguide-page","valueUri":"ValueSet-vaccination-injection-site-erythema-size.html"}],"reference":{"reference":"ValueSet/vaccination-injection-site-erythema-size"},"name":"Vaccination Injection Site Erythema Size","description":"Erythema size category at vaccine injection site","exampleBoolean":false,"groupingId":"-term-valueset"},{"extension":[{"url":"http://hl7.org/fhir/StructureDefinition/implementationguide-page","valueUri":"ValueSet-vaccination-injection-site-swelling-size.html"}],"reference":{"reference":"ValueSet/vaccination-injection-site-swelling-size"},"name":"Vaccination Injection Site Swelling Size","description":"Swelling size category at vaccine injection site","exampleBoolean":false,"groupingId":"-term-valueset"},{"extension":[{"url":"http://hl7.org/fhir/StructureDefinition/implementationguide-page","valueUri":"ValueSet-vaccination-pain-scale.html"}],"reference":{"reference":"ValueSet/vaccination-pain-scale"},"name":"Vaccination pain scale","description":"Pain intensity at vaccine injection site","exampleBoolean":false,"groupingId":"-term-valueset"},{"extension":[{"url":"http://hl7.org/fhir/StructureDefinition/implementationguide-page","valueUri":"ValueSet-yes-no-unknown.html"}],"reference":{"reference":"ValueSet/yes-no-unknown"},"name":"Yes No Unknown","description":"Yes / No / Unknown","exampleBoolean":false,"groupingId":"-term-valueset"},{"extension":[{"url":"http://hl7.org/fhir/StructureDefinition/implementationguide-page","valueUri":"CodeSystem-napkon-vaccination-module.html"}],"reference":{"reference":"CodeSystem/napkon-vaccination-module"},"name":"NapkonVaccinationModule","description":"NAPKON Vaccination Module Code System - Collection of vaccination module-specific codes that are missing from common terminologies such as SNOMED CT","exampleBoolean":false,"groupingId":"-term-codesystem"},{"extension":[{"url":"http://hl7.org/fhir/StructureDefinition/implementationguide-page","valueUri":"Observation-AdditionalVaccinationWillingness.html"}],"reference":{"reference":"Observation/AdditionalVaccinationWillingness"},"name":"Additional Vaccination Willingness","description":"Example of a willingness for additional vaccinations item","exampleCanonical":"https://www.netzwerk-universitaetsmedizin.de/fhir/StructureDefinition/additional-vaccination-willingness","groupingId":"-ex-example"},{"extension":[{"url":"http://hl7.org/fhir/StructureDefinition/implementationguide-page","valueUri":"Observation-AllergicReactionToVaccinationInstance.html"}],"reference":{"reference":"Observation/AllergicReactionToVaccinationInstance"},"name":"Allergic Reaction To Vaccination Instance","description":"Example of an undetermined state of an allergic reaction cause by a vaccine","exampleCanonical":"https://www.netzwerk-universitaetsmedizin.de/fhir/StructureDefinition/allergic-reaction-to-vaccination","groupingId":"-ex-example"},{"extension":[{"url":"http://hl7.org/fhir/StructureDefinition/implementationguide-page","valueUri":"Observation-AllergicReactionToVaccinationInstanceOther.html"}],"reference":{"reference":"Observation/AllergicReactionToVaccinationInstanceOther"},"name":"Allergic Reaction To Vaccination Instance","description":"Example of a free-text answer to an allergic reaction caused by vaccination","exampleCanonical":"https://www.netzwerk-universitaetsmedizin.de/fhir/StructureDefinition/allergic-reaction-to-vaccination","groupingId":"-ex-example"},{"extension":[{"url":"http://hl7.org/fhir/StructureDefinition/implementationguide-page","valueUri":"MedicationStatement-AnalgesicAntipyreticIntakeAfterVaccination.html"}],"reference":{"reference":"MedicationStatement/AnalgesicAntipyreticIntakeAfterVaccination"},"name":"Analgesic Antipyretic Intake After Vaccination","description":"Example of an antipyretic drug taken after a vaccination event","exampleCanonical":"https://www.netzwerk-universitaetsmedizin.de/fhir/StructureDefinition/analgesic-antipyretic-intake-after-vaccination","groupingId":"-ex-example"},{"extension":[{"url":"http://hl7.org/fhir/StructureDefinition/implementationguide-page","valueUri":"Observation-BodyTemperatureAfterVaccination.html"}],"reference":{"reference":"Observation/BodyTemperatureAfterVaccination"},"name":"Body Temperature After Vaccination","description":"Example of an elevated body temperature after vaccination","exampleCanonical":"https://www.netzwerk-universitaetsmedizin.de/fhir/StructureDefinition/body-temperature-after-vaccination","groupingId":"-ex-example"},{"extension":[{"url":"http://hl7.org/fhir/StructureDefinition/implementationguide-page","valueUri":"Procedure-Chemotherapy.html"}],"reference":{"reference":"Procedure/Chemotherapy"},"name":"Chemotherapy","description":"Example of a patient not receiving chemotherapy during the last 3 months","exampleCanonical":"https://www.netzwerk-universitaetsmedizin.de/fhir/StructureDefinition/chemotherapy","groupingId":"-ex-example"},{"extension":[{"url":"http://hl7.org/fhir/StructureDefinition/implementationguide-page","valueUri":"Immunization-CovidVaccinationDone.html"}],"reference":{"reference":"Immunization/CovidVaccinationDone"},"name":"Covid Vaccination Done","description":"Example of a patient having received a vaccination","exampleCanonical":"https://www.netzwerk-universitaetsmedizin.de/fhir/StructureDefinition/covid-vaccination","groupingId":"-ex-example"},{"extension":[{"url":"http://hl7.org/fhir/StructureDefinition/implementationguide-page","valueUri":"Immunization-CovidVaccinationNotDone.html"}],"reference":{"reference":"Immunization/CovidVaccinationNotDone"},"name":"Covid Vaccination Not Done","description":"Example of a patient not receiving a vaccination due to pregnancy","exampleCanonical":"https://www.netzwerk-universitaetsmedizin.de/fhir/StructureDefinition/covid-vaccination","groupingId":"-ex-example"},{"extension":[{"url":"http://hl7.org/fhir/StructureDefinition/implementationguide-page","valueUri":"Immunization-CovidVaccinationNotDoneReasonOther.html"}],"reference":{"reference":"Immunization/CovidVaccinationNotDoneReasonOther"},"name":"Covid Vaccination Not Done Reason Other","description":"Example of a patient not receiving a vaccination due to a specified (free-text) 'other reason'","exampleCanonical":"https://www.netzwerk-universitaetsmedizin.de/fhir/StructureDefinition/covid-vaccination","groupingId":"-ex-example"},{"extension":[{"url":"http://hl7.org/fhir/StructureDefinition/implementationguide-page","valueUri":"Patient-ExamplePatient.html"}],"reference":{"reference":"Patient/ExamplePatient"},"name":"ExamplePatient","exampleBoolean":true,"groupingId":"-ex-example"},{"extension":[{"url":"http://hl7.org/fhir/StructureDefinition/implementationguide-page","valueUri":"Condition-GeneralComplaintsAfterVaccination.html"}],"reference":{"reference":"Condition/GeneralComplaintsAfterVaccination"},"name":"General Complaints After Vaccination","description":"Example of a chill after a vaccination event","exampleCanonical":"https://www.netzwerk-universitaetsmedizin.de/fhir/StructureDefinition/general-complaints-after-vaccination","groupingId":"-ex-example"},{"extension":[{"url":"http://hl7.org/fhir/StructureDefinition/implementationguide-page","valueUri":"Procedure-ImmunomodulatoryTherapy.html"}],"reference":{"reference":"Procedure/ImmunomodulatoryTherapy"},"name":"Immunomodulatory Therapy","description":"Example of a patient receiving an immunosuppresive therapy","exampleCanonical":"https://www.netzwerk-universitaetsmedizin.de/fhir/StructureDefinition/immunomodulatory-therapy","groupingId":"-ex-example"},{"extension":[{"url":"http://hl7.org/fhir/StructureDefinition/implementationguide-page","valueUri":"Procedure-ImmunomodulatoryTherapyNotDone.html"}],"reference":{"reference":"Procedure/ImmunomodulatoryTherapyNotDone"},"name":"Immunomodulatory Therapy","description":"Example of a patient not receiving an immunosuppresive therapy","exampleCanonical":"https://www.netzwerk-universitaetsmedizin.de/fhir/StructureDefinition/immunomodulatory-therapy","groupingId":"-ex-example"},{"extension":[{"url":"http://hl7.org/fhir/StructureDefinition/implementationguide-page","valueUri":"Observation-MedicalTreatmentForVaccinationAdverseReaction.html"}],"reference":{"reference":"Observation/MedicalTreatmentForVaccinationAdverseReaction"},"name":"Medical Treatment For Vaccination Adverse Reaction","description":"Example of a patient not treated for a potential or actual adverse reaction to a vaccination event","exampleCanonical":"https://www.netzwerk-universitaetsmedizin.de/fhir/StructureDefinition/medical-treatment-for-vaccination-adverse-reaction","groupingId":"-ex-example"},{"extension":[{"url":"http://hl7.org/fhir/StructureDefinition/implementationguide-page","valueUri":"Observation-MedicalTreatmentForVaccinationAdverseReactionAtGP.html"}],"reference":{"reference":"Observation/MedicalTreatmentForVaccinationAdverseReactionAtGP"},"name":"Medical Treatment For Vaccination Adverse Reaction","description":"Example of a patient treated in the mergency room or by a general practitioner for a potential or actual adverse reaction to a vaccination event","exampleCanonical":"https://www.netzwerk-universitaetsmedizin.de/fhir/StructureDefinition/medical-treatment-for-vaccination-adverse-reaction","groupingId":"-ex-example"},{"extension":[{"url":"http://hl7.org/fhir/StructureDefinition/implementationguide-page","valueUri":"Observation-MedicalTreatmentForVaccinationAdverseReactionInHospital.html"}],"reference":{"reference":"Observation/MedicalTreatmentForVaccinationAdverseReactionInHospital"},"name":"Medical Treatment For Vaccination Adverse Reaction","description":"Example of a patient hospitalized for a potential or actual adverse reaction to a vaccination event","exampleCanonical":"https://www.netzwerk-universitaetsmedizin.de/fhir/StructureDefinition/medical-treatment-for-vaccination-adverse-reaction","groupingId":"-ex-example"},{"extension":[{"url":"http://hl7.org/fhir/StructureDefinition/implementationguide-page","valueUri":"Observation-MedicalTreatmentReason.html"}],"reference":{"reference":"Observation/MedicalTreatmentReason"},"name":"Medical Treatment Reason","description":"Example of a skin rash as a reason for a medical treatment for a potential or actual adverse reaction to a vaccination event","exampleCanonical":"https://www.netzwerk-universitaetsmedizin.de/fhir/StructureDefinition/medical-treatment-reason","groupingId":"-ex-example"},{"extension":[{"url":"http://hl7.org/fhir/StructureDefinition/implementationguide-page","valueUri":"Observation-RegularAlcoholIntake.html"}],"reference":{"reference":"Observation/RegularAlcoholIntake"},"name":"Regular Alcohol Intake","description":"Example of a patient who does not drink alcohol","exampleCanonical":"https://www.netzwerk-universitaetsmedizin.de/fhir/StructureDefinition/regular-alcohol-intake","groupingId":"-ex-example"},{"extension":[{"url":"http://hl7.org/fhir/StructureDefinition/implementationguide-page","valueUri":"Observation-RegularAlcoholIntakeQuantity.html"}],"reference":{"reference":"Observation/RegularAlcoholIntakeQuantity"},"name":"Regular Alcohol Intake Quantity","description":"Example of intake of 5 or more alcoholic beverages per day","exampleCanonical":"https://www.netzwerk-universitaetsmedizin.de/fhir/StructureDefinition/regular-alcohol-intake-quantity","groupingId":"-ex-example"},{"extension":[{"url":"http://hl7.org/fhir/StructureDefinition/implementationguide-page","valueUri":"Observation-SARSCoV2Infection.html"}],"reference":{"reference":"Observation/SARSCoV2Infection"},"name":"SARS CoV2 Infection","description":"Example of a patient without detected SARS CoV2","exampleCanonical":"https://www.netzwerk-universitaetsmedizin.de/fhir/StructureDefinition/sars-cov2-infection-vaccination","groupingId":"-ex-example"},{"extension":[{"url":"http://hl7.org/fhir/StructureDefinition/implementationguide-page","valueUri":"Observation-SARSCoV2InfectionCourseInstance.html"}],"reference":{"reference":"Observation/SARSCoV2InfectionCourseInstance"},"name":"SARS CoV2 Infection Course Instance","description":"Example of a patient who suffered from COVID-19 and was treated on an intensive care unit","exampleCanonical":"https://www.netzwerk-universitaetsmedizin.de/fhir/StructureDefinition/sars-cov2-infection-course-vaccination","groupingId":"-ex-example"},{"extension":[{"url":"http://hl7.org/fhir/StructureDefinition/implementationguide-page","valueUri":"Observation-SARSCoV2Variant.html"}],"reference":{"reference":"Observation/SARSCoV2Variant"},"name":"SARS CoV2 Variant","description":"Example of a SARS CoV2 variant (Pango lineage)","exampleCanonical":"https://www.netzwerk-universitaetsmedizin.de/fhir/StructureDefinition/sars-cov2-variant","groupingId":"-ex-example"},{"extension":[{"url":"http://hl7.org/fhir/StructureDefinition/implementationguide-page","valueUri":"Observation-VaccinationInjectionSiteErythema.html"}],"reference":{"reference":"Observation/VaccinationInjectionSiteErythema"},"name":"Vaccination Injection Site Erythema","description":"Example of a 2.5-5 cm erythema at a vaccine injection site","exampleCanonical":"https://www.netzwerk-universitaetsmedizin.de/fhir/StructureDefinition/vaccination-injection-site-erythema","groupingId":"-ex-example"},{"extension":[{"url":"http://hl7.org/fhir/StructureDefinition/implementationguide-page","valueUri":"Observation-VaccinationInjectionSitePainMovement.html"}],"reference":{"reference":"Observation/VaccinationInjectionSitePainMovement"},"name":"Vaccination Injection Site Pain Movement Instance","description":"Example of mild pain at vaccine injection site during pressure or movement","exampleCanonical":"https://www.netzwerk-universitaetsmedizin.de/fhir/StructureDefinition/vaccination-injection-site-pain-movement","groupingId":"-ex-example"},{"extension":[{"url":"http://hl7.org/fhir/StructureDefinition/implementationguide-page","valueUri":"Observation-VaccinationInjectionSitePainRest.html"}],"reference":{"reference":"Observation/VaccinationInjectionSitePainRest"},"name":"Vaccination Injection Site Pain Rest","description":"Example of mild pain at vaccine injection site at rest","exampleCanonical":"https://www.netzwerk-universitaetsmedizin.de/fhir/StructureDefinition/vaccination-injection-site-pain-rest","groupingId":"-ex-example"},{"extension":[{"url":"http://hl7.org/fhir/StructureDefinition/implementationguide-page","valueUri":"Observation-VaccinationInjectionSiteSwelling.html"}],"reference":{"reference":"Observation/VaccinationInjectionSiteSwelling"},"name":"Vaccination Injection Site Swelling Instance","description":"Example of a 5.1-10 cm swelling at a vaccine injection site","exampleCanonical":"https://www.netzwerk-universitaetsmedizin.de/fhir/StructureDefinition/vaccination-injection-site-swelling","groupingId":"-ex-example"}],"page":{"nameUrl":"toc.html","title":"Table of Contents","generation":"html","page":[{"nameUrl":"index.html","title":"Home","generation":"html"},{"nameUrl":"about.html","title":"About","generation":"markdown"},{"nameUrl":"background.html","title":"Background","generation":"html"},{"nameUrl":"changes.html","title":"Changes","generation":"html"},{"nameUrl":"downloads.html","title":"Downloads","generation":"html"},{"nameUrl":"spec.html","title":"Spec","generation":"markdown"},{"nameUrl":"artifacts.html","title":"Artifacts Summary","generation":"html","page":[{"nameUrl":"StructureDefinition-additional-vaccination-willingness.html","title":"Additional Vaccination Willingness","generation":"generated"},{"nameUrl":"StructureDefinition-allergic-reaction-to-vaccination.html","title":"Allergic Reaction To Vaccination","generation":"generated"},{"nameUrl":"StructureDefinition-analgesic-antipyretic-intake-after-vaccination.html","title":"Analgesic Antipyretic Intake After Vaccination","generation":"generated"},{"nameUrl":"StructureDefinition-body-temperature-after-vaccination.html","title":"Body Temperature After Vaccination","generation":"generated"},{"nameUrl":"StructureDefinition-chemotherapy.html","title":"Chemotherapy","generation":"generated"},{"nameUrl":"StructureDefinition-covid-vaccination.html","title":"Covid Vaccination","generation":"generated"},{"nameUrl":"StructureDefinition-general-complaints-after-vaccination.html","title":"General Complaints After Vaccination","generation":"generated"},{"nameUrl":"StructureDefinition-immunomodulatory-therapy.html","title":"Immunomodulatory Therapy","generation":"generated"},{"nameUrl":"StructureDefinition-medical-treatment-for-vaccination-adverse-reaction.html","title":"Medical Treatment For Vaccination Adverse Reaction","generation":"generated"},{"nameUrl":"StructureDefinition-medical-treatment-reason.html","title":"Medical Treatment Reason","generation":"generated"},{"nameUrl":"StructureDefinition-regular-alcohol-intake.html","title":"Regular Alcohol Intake","generation":"generated"},{"nameUrl":"StructureDefinition-regular-alcohol-intake-quantity.html","title":"Regular Alcohol Intake Quantity","generation":"generated"},{"nameUrl":"StructureDefinition-sars-cov2-infection-vaccination.html","title":"SARS CoV2 Infection","generation":"generated"},{"nameUrl":"StructureDefinition-sars-cov2-infection-course-vaccination.html","title":"SARS CoV2 Infection Course","generation":"generated"},{"nameUrl":"StructureDefinition-sars-cov2-variant.html","title":"SARS CoV2 Variant","generation":"generated"},{"nameUrl":"StructureDefinition-vaccination-injection-site-erythema.html","title":"Vaccination Injection Site Erythema","generation":"generated"},{"nameUrl":"StructureDefinition-vaccination-injection-site-pain-movement.html","title":"Vaccination Injection Site Pain Movement","generation":"generated"},{"nameUrl":"StructureDefinition-vaccination-injection-site-pain-rest.html","title":"Vaccination Injection Site Pain Rest","generation":"generated"},{"nameUrl":"StructureDefinition-vaccination-injection-site-swelling.html","title":"Vaccination Injection Site Swelling","generation":"generated"},{"nameUrl":"ValueSet-analgesics-antipyretics.html","title":"Analgesics Antipyretics","generation":"generated"},{"nameUrl":"ValueSet-body-temperature.html","title":"Body Temperature","generation":"generated"},{"nameUrl":"ValueSet-complaint-intensity.html","title":"Complaint Intensity","generation":"generated"},{"nameUrl":"ValueSet-covid-vaccination-codes.html","title":"CovidVaccinationCodes","generation":"generated"},{"nameUrl":"ValueSet-covid-vaccination-contraindications.html","title":"covid-vaccination-contraindications","generation":"generated"},{"nameUrl":"ValueSet-covid-vaccination-reasons.html","title":"Covid Vaccination Reasons","generation":"generated"},{"nameUrl":"ValueSet-detected-not-detected-unknown-undetermined.html","title":"Detected Not Detected Unknown Undetermined","generation":"generated"},{"nameUrl":"ValueSet-general-complaints-after-vaccination.html","title":"General Complaints After Vaccination","generation":"generated"},{"nameUrl":"ValueSet-immunosuppressive-immunomodulatory-therapy.html","title":"Immunosuppressive Immunomodulatory Therapy","generation":"generated"},{"nameUrl":"ValueSet-medical-treatment-for-vaccination-adverse-reaction.html","title":"Medical Treatment For Vaccination Adverse Reaction","generation":"generated"},{"nameUrl":"ValueSet-present-not-present-undetermined-other.html","title":"Present Not Present Undetermined Other","generation":"generated"},{"nameUrl":"ValueSet-regular-alcohol-intake.html","title":"Regular Alcohol Intake","generation":"generated"},{"nameUrl":"ValueSet-regular-alcohol-intake-quantity.html","title":"Regular Alcohol Intake Quantity","generation":"generated"},{"nameUrl":"ValueSet-restricted-event-status.html","title":"RestrictedEventStatus","generation":"generated"},{"nameUrl":"ValueSet-sars-cov2-infection-course.html","title":"SARS-CoV2 Infection Course","generation":"generated"},{"nameUrl":"ValueSet-vaccination-injection-site-erythema-size.html","title":"Vaccination Injection Site Erythema Size","generation":"generated"},{"nameUrl":"ValueSet-vaccination-injection-site-swelling-size.html","title":"Vaccination Injection Site Swelling Size","generation":"generated"},{"nameUrl":"ValueSet-vaccination-pain-scale.html","title":"Vaccination pain scale","generation":"generated"},{"nameUrl":"ValueSet-yes-no-unknown.html","title":"Yes No Unknown","generation":"generated"},{"nameUrl":"CodeSystem-napkon-vaccination-module.html","title":"NapkonVaccinationModule","generation":"generated"},{"nameUrl":"Observation-AdditionalVaccinationWillingness.html","title":"Additional Vaccination Willingness","generation":"generated"},{"nameUrl":"Observation-AllergicReactionToVaccinationInstance.html","title":"Allergic Reaction To Vaccination Instance","generation":"generated"},{"nameUrl":"Observation-AllergicReactionToVaccinationInstanceOther.html","title":"Allergic Reaction To Vaccination Instance","generation":"generated"},{"nameUrl":"MedicationStatement-AnalgesicAntipyreticIntakeAfterVaccination.html","title":"Analgesic Antipyretic Intake After Vaccination","generation":"generated"},{"nameUrl":"Observation-BodyTemperatureAfterVaccination.html","title":"Body Temperature After Vaccination","generation":"generated"},{"nameUrl":"Procedure-Chemotherapy.html","title":"Chemotherapy","generation":"generated"},{"nameUrl":"Immunization-CovidVaccinationDone.html","title":"Covid Vaccination Done","generation":"generated"},{"nameUrl":"Immunization-CovidVaccinationNotDone.html","title":"Covid Vaccination Not Done","generation":"generated"},{"nameUrl":"Immunization-CovidVaccinationNotDoneReasonOther.html","title":"Covid Vaccination Not Done Reason Other","generation":"generated"},{"nameUrl":"Patient-ExamplePatient.html","title":"ExamplePatient","generation":"generated"},{"nameUrl":"Condition-GeneralComplaintsAfterVaccination.html","title":"General Complaints After Vaccination","generation":"generated"},{"nameUrl":"Procedure-ImmunomodulatoryTherapy.html","title":"Immunomodulatory Therapy","generation":"generated"},{"nameUrl":"Procedure-ImmunomodulatoryTherapyNotDone.html","title":"Immunomodulatory Therapy","generation":"generated"},{"nameUrl":"Observation-MedicalTreatmentForVaccinationAdverseReaction.html","title":"Medical Treatment For Vaccination Adverse Reaction","generation":"generated"},{"nameUrl":"Observation-MedicalTreatmentForVaccinationAdverseReactionAtGP.html","title":"Medical Treatment For Vaccination Adverse Reaction","generation":"generated"},{"nameUrl":"Observation-MedicalTreatmentForVaccinationAdverseReactionInHospital.html","title":"Medical Treatment For Vaccination Adverse Reaction","generation":"generated"},{"nameUrl":"Observation-MedicalTreatmentReason.html","title":"Medical Treatment Reason","generation":"generated"},{"nameUrl":"Observation-RegularAlcoholIntake.html","title":"Regular Alcohol Intake","generation":"generated"},{"nameUrl":"Observation-RegularAlcoholIntakeQuantity.html","title":"Regular Alcohol Intake Quantity","generation":"generated"},{"nameUrl":"Observation-SARSCoV2Infection.html","title":"SARS CoV2 Infection","generation":"generated"},{"nameUrl":"Observation-SARSCoV2InfectionCourseInstance.html","title":"SARS CoV2 Infection Course Instance","generation":"generated"},{"nameUrl":"Observation-SARSCoV2Variant.html","title":"SARS CoV2 Variant","generation":"generated"},{"nameUrl":"Observation-VaccinationInjectionSiteErythema.html","title":"Vaccination Injection Site Erythema","generation":"generated"},{"nameUrl":"Observation-VaccinationInjectionSitePainMovement.html","title":"Vaccination Injection Site Pain Movement Instance","generation":"generated"},{"nameUrl":"Observation-VaccinationInjectionSitePainRest.html","title":"Vaccination Injection Site Pain Rest","generation":"generated"},{"nameUrl":"Observation-VaccinationInjectionSiteSwelling.html","title":"Vaccination Injection Site Swelling Instance","generation":"generated"}]}]},"parameter":[{"code":"path-resource","value":"input/capabilities"},{"code":"path-resource","value":"input/examples"},{"code":"path-resource","value":"input/extensions"},{"code":"path-resource","value":"input/models"},{"code":"path-resource","value":"input/operations"},{"code":"path-resource","value":"input/profiles"},{"code":"path-resource","value":"input/resources"},{"code":"path-resource","value":"input/vocabulary"},{"code":"path-resource","value":"input/maps"},{"code":"path-resource","value":"input/testing"},{"code":"path-resource","value":"input/history"},{"code":"path-resource","value":"fsh-generated/resources"},{"code":"path-pages","value":"template/config"},{"code":"path-pages","value":"input/images"},{"code":"path-tx-cache","value":"input-cache/txcache"}]}}