{"resourceType":"ValueSet","id":"gastrointestinal-diseases-pediatrics-icd","text":{"status":"generated","div":"<div xmlns=\"http://www.w3.org/1999/xhtml\"><ul><li>Include these codes as defined in <code>http://fhir.de/CodeSystem/dimdi/icd-10-gm</code><table class=\"none\"><tr><td style=\"white-space:nowrap\"><b>Code</b></td><td><b>Display</b></td></tr><tr><td>K59.9</td><td>Funktionelle Darmstörung, nicht näher bezeichnet</td></tr><tr><td>K90.0</td><td>Zöliakie</td></tr><tr><td>Z91.0</td><td>Kuhmilchproteinallergie</td></tr><tr><td>K83.9</td><td>Gallengangserkrankung</td></tr></table></li></ul></div>"},"url":"http://example.org/fhir/ValueSet/gastrointestinal-diseases-pediatrics-icd","version":"0.1.0-test","name":"GastrointestinalDiseasesPediatricsICD","title":"Gastrointestinal Diseases Pediatrics ICD-VS","status":"draft","date":"2021-07-16T07:30:20+00:00","publisher":"Berlin Institute of Health @ Charité","contact":[{"telecom":[{"system":"url","value":"https://bihealth.org"}]}],"description":"Gastrointestinal diseases in the context of pediatrics and Covid-19","jurisdiction":[{"coding":[{"system":"http://unstats.un.org/unsd/methods/m49/m49.htm","code":"001"}]}],"compose":{"include":[{"system":"http://fhir.de/CodeSystem/dimdi/icd-10-gm","concept":[{"code":"K59.9","display":"Funktionelle Darmstörung, nicht näher bezeichnet"},{"code":"K90.0","display":"Zöliakie"},{"code":"Z91.0","display":"Kuhmilchproteinallergie"},{"code":"K83.9","display":"Gallengangserkrankung"}]}]}}