{"resourceType":"ValueSet","id":"vs-non-pulmonary-bacterial-coinfection-pediatrics","text":{"status":"generated","div":"<div xmlns=\"http://www.w3.org/1999/xhtml\"><ul><li>Include these codes as defined in <a href=\"http://www.snomed.org/\"><code>http://snomed.info/sct</code></a><table class=\"none\"><tr><td style=\"white-space:nowrap\"><b>Code</b></td><td><b>Display</b></td><td><b>Deutsch (Deutschland) (German (Germany), de)</b></td></tr><tr><td><a href=\"http://browser.ihtsdotools.org/?perspective=full&amp;conceptId1=406602003\">406602003</a></td><td> Infection caused by Staphylococcus aureus (disorder)</td><td>Staphylococcus aureus</td></tr><tr><td><a href=\"http://browser.ihtsdotools.org/?perspective=full&amp;conceptId1=9861002\">9861002</a></td><td>Streptococcus pneumoniae (organism)</td><td>Streptococcus pneumoniae</td></tr><tr><td><a href=\"http://browser.ihtsdotools.org/?perspective=full&amp;conceptId1=108661000119109\">108661000119109</a></td><td>Infection caused by Streptococcus viridans group (disorder)</td><td>Streptococcus viridans</td></tr><tr><td><a href=\"http://browser.ihtsdotools.org/?perspective=full&amp;conceptId1=302809008\">302809008</a></td><td> Streptococcus pyogenes infection (disorder)</td><td>Streptococcus pyogenes</td></tr><tr><td><a href=\"http://browser.ihtsdotools.org/?perspective=full&amp;conceptId1=426933007\">426933007</a></td><td>Streptococcus agalactiae infection (disorder)</td><td>Streptococcus agalactiae</td></tr><tr><td><a href=\"http://browser.ihtsdotools.org/?perspective=full&amp;conceptId1=406574007\">406574007</a></td><td>Infection caused by enterococcus (disorder)</td><td>Genus Enterococcus</td></tr><tr><td><a href=\"http://browser.ihtsdotools.org/?perspective=full&amp;conceptId1=23511006\">23511006</a></td><td>Meningococcal infectious disease (disorder)</td><td>Neisseria meningitidis</td></tr><tr><td><a href=\"http://browser.ihtsdotools.org/?perspective=full&amp;conceptId1=91428005\">91428005</a></td><td>Haemophilus influenzae infection (disorder)</td><td>Haemophilus influenzae</td></tr><tr><td><a href=\"http://browser.ihtsdotools.org/?perspective=full&amp;conceptId1=71057007\">71057007</a></td><td> Infection caused by Escherichia coli (disorder)</td><td>Escherichia coli</td></tr><tr><td><a href=\"http://browser.ihtsdotools.org/?perspective=full&amp;conceptId1=721756002\">721756002</a></td><td> Infection caused by Klebsiella (disorder)</td><td>Genus Klebsiella</td></tr><tr><td><a href=\"http://browser.ihtsdotools.org/?perspective=full&amp;conceptId1=11218009\">11218009</a></td><td>Infection caused by Pseudomonas aeruginosa (disorder)</td><td>Pseudomonas aeruginosa</td></tr></table></li></ul></div>"},"url":"http://example.org/fhir/ValueSet/vs-non-pulmonary-bacterial-coinfection-pediatrics","version":"0.1.0-test","name":"NonPulmonaryBacterialCoinfectionPediatrics","title":"ValuesetNonPulmonaryBacterialCoinfectionPediatrics","status":"draft","date":"2021-07-16T11:32:36+00:00","publisher":"Berlin Institute of Health @ Charité","contact":[{"telecom":[{"system":"url","value":"https://bihealth.org"}]}],"description":"Non-pulmonary bacterial co-infection the context of pediatrics and Covid-19","jurisdiction":[{"coding":[{"system":"http://unstats.un.org/unsd/methods/m49/m49.htm","code":"001"}]}],"compose":{"include":[{"system":"http://snomed.info/sct","concept":[{"code":"406602003","display":" Infection caused by Staphylococcus aureus (disorder)","designation":[{"language":"de-DE","use":{"code":"900000000000013009","display":"Synonym"},"value":"Staphylococcus aureus"}]},{"code":"9861002","display":"Streptococcus pneumoniae (organism)","designation":[{"language":"de-DE","use":{"code":"900000000000013009","display":"Synonym"},"value":"Streptococcus pneumoniae"}]},{"code":"108661000119109","display":"Infection caused by Streptococcus viridans group (disorder)","designation":[{"language":"de-DE","use":{"code":"900000000000013009","display":"Synonym"},"value":"Streptococcus viridans"}]},{"code":"302809008","display":" Streptococcus pyogenes infection (disorder)","designation":[{"language":"de-DE","use":{"code":"900000000000013009","display":"Synonym"},"value":"Streptococcus pyogenes"}]},{"code":"426933007","display":"Streptococcus agalactiae infection (disorder)","designation":[{"language":"de-DE","use":{"code":"900000000000013009","display":"Synonym"},"value":"Streptococcus agalactiae"}]},{"code":"406574007","display":"Infection caused by enterococcus (disorder)","designation":[{"language":"de-DE","use":{"code":"900000000000013009","display":"Synonym"},"value":"Genus Enterococcus"}]},{"code":"23511006","display":"Meningococcal infectious disease (disorder)","designation":[{"language":"de-DE","use":{"code":"900000000000013009","display":"Synonym"},"value":"Neisseria meningitidis"}]},{"code":"91428005","display":"Haemophilus influenzae infection (disorder)","designation":[{"language":"de-DE","use":{"code":"900000000000013009","display":"Synonym"},"value":"Haemophilus influenzae"}]},{"code":"71057007","display":" Infection caused by Escherichia coli (disorder)","designation":[{"language":"de-DE","use":{"code":"900000000000013009","display":"Synonym"},"value":"Escherichia coli"}]},{"code":"721756002","display":" Infection caused by Klebsiella (disorder)","designation":[{"language":"de-DE","use":{"code":"900000000000013009","display":"Synonym"},"value":"Genus Klebsiella"}]},{"code":"11218009","display":"Infection caused by Pseudomonas aeruginosa (disorder)","designation":[{"language":"de-DE","use":{"code":"900000000000013009","display":"Synonym"},"value":"Pseudomonas aeruginosa"}]}]}]}}