{"resourceType":"ValueSet","id":"imaging-procedures-cardiology","text":{"status":"generated","div":"<div xmlns=\"http://www.w3.org/1999/xhtml\"><ul><li>Include these codes as defined in <a href=\"http://www.snomed.org/\"><code>http://snomed.info/sct</code></a><table class=\"none\"><tr><td style=\"white-space:nowrap\"><b>Code</b></td><td><b>Display</b></td><td><b>Deutsch (Deutschland) (German (Germany), de)</b></td></tr><tr><td><a href=\"http://browser.ihtsdotools.org/?perspective=full&amp;conceptId1=268400002\">268400002</a></td><td>12 lead electrocardiogram (procedure)</td><td>Durchgeführte 12-Kanal-EKG-Untersuchung</td></tr><tr><td><a href=\"http://browser.ihtsdotools.org/?perspective=full&amp;conceptId1=40701008\">40701008</a></td><td>Echocardiography (procedure)</td><td>Durchgeführte Echokardiographie</td></tr><tr><td><a href=\"http://browser.ihtsdotools.org/?perspective=full&amp;conceptId1=433236007\">433236007</a></td><td>Transthoracic echocardiography (procedure)</td><td>Transthorakale Echokardiographie</td></tr></table></li></ul></div>"},"url":"https://www.netzwerk-universitaetsmedizin.de/fhir/ValueSet/EcgCodes","version":"0.1.0","name":"ImagingCodes","status":"draft","date":"2021-05-28","publisher":"BIH @ Charité","contact":[{"name":"BIH @ Charité","telecom":[{"system":"url","value":"https://www.netzwerk-universitaetsmedizin.de"}]}],"compose":{"include":[{"system":"http://snomed.info/sct","concept":[{"code":"268400002","display":"12 lead electrocardiogram (procedure)","designation":[{"language":"de-DE","use":{"system":"http://snomed.info/sct","code":"900000000000013009","display":"Synonym"},"value":"Durchgeführte 12-Kanal-EKG-Untersuchung"}]},{"code":"40701008","display":"Echocardiography (procedure)","designation":[{"language":"de-DE","use":{"system":"http://snomed.info/sct","code":"900000000000013009","display":"Synonym"},"value":"Durchgeführte Echokardiographie"}]},{"code":"433236007","display":"Transthoracic echocardiography (procedure)","designation":[{"language":"de-DE","use":{"system":"http://snomed.info/sct","code":"900000000000013009","display":"Synonym"},"value":"Transthorakale Echokardiographie"}]}]}]}}