{"resourceType":"ValueSet","id":"vs-antibiotic-therapy-procedure-pediatrics","text":{"status":"generated","div":"<div xmlns=\"http://www.w3.org/1999/xhtml\"><ul><li>Include codes from <a href=\"http://www.snomed.org/\"><code>http://snomed.info/sct</code></a> where concept  is-a  281789004 (Antibiotic therapy)</li></ul></div>"},"url":"https://www.netzwerk-universitaetsmedizin.de/fhir/ValueSet/vs-antibiotic-therapy-procedure-pediatrics","version":"0.1.0","name":"AntibioticTherapyProcedure","title":"Antibiotic Therapy Procedure PediatricsVS","status":"draft","date":"2021-05-28","publisher":"BIH @ Charité","contact":[{"name":"BIH @ Charité","telecom":[{"system":"url","value":"https://www.netzwerk-universitaetsmedizin.de"}]}],"description":"Antibiotic Therapy the context of pediatrics and Covid-19","compose":{"include":[{"system":"http://snomed.info/sct","filter":[{"property":"concept","op":"is-a","value":"281789004"}]}]}}