{"resourceType":"ValueSet","id":"complaint-intensity","text":{"status":"generated","div":"<div xmlns=\"http://www.w3.org/1999/xhtml\"><ul><li>Include these codes as defined in <a href=\"CodeSystem-napkon-vaccination-module.html\"><code>https://www.netzwerk-universitaetsmedizin.de/fhir/CodeSystem/napkon-vaccination-module</code></a><table class=\"none\"><tr><td style=\"white-space:nowrap\"><b>Code</b></td><td><b>Display</b></td></tr><tr><td><a href=\"CodeSystem-napkon-vaccination-module.html#napkon-vaccination-module-11001\">11001</a></td><td>Ein wenig (keine Einschränkung täglicher Aktivitäten)</td></tr><tr><td><a href=\"CodeSystem-napkon-vaccination-module.html#napkon-vaccination-module-11002\">11002</a></td><td>Mäßig bis stark (Einschränkung täglicher Aktivitäten)</td></tr><tr><td><a href=\"CodeSystem-napkon-vaccination-module.html#napkon-vaccination-module-11003\">11003</a></td><td>Sehr stark (tägliche Aktivitäten sind nicht mehr möglich)</td></tr><tr><td><a href=\"CodeSystem-napkon-vaccination-module.html#napkon-vaccination-module-11004\">11004</a></td><td>Potenziell lebensbedrohlich (Behandlung in Rettungsstelle oder Hospitalisierung)</td></tr></table></li></ul></div>"},"url":"https://www.netzwerk-universitaetsmedizin.de/fhir/ValueSet/complaint-intensity","version":"0.1.0","name":"ComplaintIntensity","title":"Complaint Intensity","status":"active","date":"2021-10-19T07:51:56+00:00","publisher":"BIH @ Charité","contact":[{"name":"BIH @ Charité","telecom":[{"system":"url","value":"https://www.netzwerk-universitaetsmedizin.de"}]}],"description":"Intensity of general complaints","compose":{"include":[{"system":"https://www.netzwerk-universitaetsmedizin.de/fhir/CodeSystem/napkon-vaccination-module","concept":[{"code":"11001","display":"Ein wenig (keine Einschränkung täglicher Aktivitäten)"},{"code":"11002","display":"Mäßig bis stark (Einschränkung täglicher Aktivitäten)"},{"code":"11003","display":"Sehr stark (tägliche Aktivitäten sind nicht mehr möglich)"},{"code":"11004","display":"Potenziell lebensbedrohlich (Behandlung in Rettungsstelle oder Hospitalisierung)"}]}]}}