{"resourceType":"ValueSet","id":"imaging-category-sct","text":{"status":"generated","div":"<div xmlns=\"http://www.w3.org/1999/xhtml\"><ul><li>Include these codes as defined in <a href=\"http://www.snomed.org/\"><code>http://snomed.info/sct</code></a><table class=\"none\"><tr><td style=\"white-space:nowrap\"><b>Code</b></td><td><b>Display</b></td></tr><tr><td><a href=\"http://browser.ihtsdotools.org/?perspective=full&amp;conceptId1=118797008\">118797008</a></td><td> Procedure on heart (procedure)</td></tr></table></li></ul></div>"},"url":"https://www.netzwerk-universitaetsmedizin.de/fhir/ValueSet/imaging-category-sct","version":"0.1.0","name":"ImagingCategorySnomed","status":"draft","date":"2021-05-28","publisher":"BIH @ Charité","contact":[{"name":"BIH @ Charité","telecom":[{"system":"url","value":"https://www.netzwerk-universitaetsmedizin.de"}]}],"compose":{"include":[{"system":"http://snomed.info/sct","concept":[{"code":"118797008","display":" Procedure on heart (procedure)"}]}]}}