{"resourceType":"ValueSet","id":"general-complaints-after-vaccination","text":{"status":"generated","div":"<div xmlns=\"http://www.w3.org/1999/xhtml\"><p>This value set includes codes based on the following rules:</p><ul><li>Include these codes as defined in <a href=\"http://www.snomed.org/\"><code>http://snomed.info/sct</code></a><table class=\"none\"><tr><td style=\"white-space:nowrap\"><b>Code</b></td><td><b>Display</b></td></tr><tr><td><a href=\"http://browser.ihtsdotools.org/?perspective=full&amp;conceptId1=260413007\">260413007</a></td><td>None (qualifier value)</td></tr></table></li><li>Include these codes as defined in <a href=\"CodeSystem-napkon-vaccination-module.html\"><code>https://www.netzwerk-universitaetsmedizin.de/fhir/CodeSystem/napkon-vaccination-module</code></a><table class=\"none\"><tr><td style=\"white-space:nowrap\"><b>Code</b></td><td><b>Display</b></td></tr><tr><td><a href=\"CodeSystem-napkon-vaccination-module.html#napkon-vaccination-module-10001\">10001</a></td><td>Fieber und/oder Schüttelfrost (inkl. Sich fiebrig fühlen)</td></tr><tr><td><a href=\"CodeSystem-napkon-vaccination-module.html#napkon-vaccination-module-10002\">10002</a></td><td>Abgeschlagenheit und/oder vermehrte Müdigkeit</td></tr><tr><td><a href=\"CodeSystem-napkon-vaccination-module.html#napkon-vaccination-module-10003\">10003</a></td><td>Neu aufgetretene oder Verstärkung vorbestehender Muskelschmerzen</td></tr><tr><td><a href=\"CodeSystem-napkon-vaccination-module.html#napkon-vaccination-module-10004\">10004</a></td><td>Neu aufgetretene oder Verstärkung vorbestehender Gelenkschmerzen</td></tr><tr><td><a href=\"CodeSystem-napkon-vaccination-module.html#napkon-vaccination-module-10005\">10005</a></td><td>Schwierigkeiten beim Atmen und/oder Luftnot</td></tr><tr><td><a href=\"CodeSystem-napkon-vaccination-module.html#napkon-vaccination-module-10006\">10006</a></td><td>Übelkeit und/oder Erbrechen</td></tr><tr><td><a href=\"CodeSystem-napkon-vaccination-module.html#napkon-vaccination-module-10007\">10007</a></td><td>Durchfall und/oder dünnerer Stuhl</td></tr><tr><td><a href=\"CodeSystem-napkon-vaccination-module.html#napkon-vaccination-module-10008\">10008</a></td><td>Abgeschlagenheit und/oder vermehrte Müdigkeit</td></tr></table></li></ul></div>"},"url":"https://www.netzwerk-universitaetsmedizin.de/fhir/ValueSet/general-complaints-after-vaccination","version":"0.1.0","name":"GeneralComplaintsAfterVaccination","title":"General Complaints After Vaccination","status":"active","date":"2021-10-12T17:32:20+00:00","publisher":"BIH @ Charité","contact":[{"name":"BIH @ Charité","telecom":[{"system":"url","value":"https://www.netzwerk-universitaetsmedizin.de"}]}],"description":"General complaints after vaccination","compose":{"include":[{"system":"http://snomed.info/sct","concept":[{"code":"260413007","display":"None (qualifier value)"}]},{"system":"https://www.netzwerk-universitaetsmedizin.de/fhir/CodeSystem/napkon-vaccination-module","concept":[{"code":"10001","display":"Fieber und/oder Schüttelfrost (inkl. Sich fiebrig fühlen)"},{"code":"10002","display":"Abgeschlagenheit und/oder vermehrte Müdigkeit"},{"code":"10003","display":"Neu aufgetretene oder Verstärkung vorbestehender Muskelschmerzen"},{"code":"10004","display":"Neu aufgetretene oder Verstärkung vorbestehender Gelenkschmerzen"},{"code":"10005","display":"Schwierigkeiten beim Atmen und/oder Luftnot"},{"code":"10006","display":"Übelkeit und/oder Erbrechen"},{"code":"10007","display":"Durchfall und/oder dünnerer Stuhl"},{"code":"10008","display":"Abgeschlagenheit und/oder vermehrte Müdigkeit"}]}]}}