{"resourceType":"ValueSet","id":"fungal-infections","text":{"status":"generated","div":"<div xmlns=\"http://www.w3.org/1999/xhtml\"><ul><li>Include these codes as defined in <a href=\"http://www.snomed.org/\"><code>http://snomed.info/sct</code></a><table class=\"none\"><tr><td style=\"white-space:nowrap\"><b>Code</b></td><td><b>Display</b></td></tr><tr><td><a href=\"http://browser.ihtsdotools.org/?perspective=full&amp;conceptId1=53326005\">53326005</a></td><td>Candida albicans (organism)</td></tr><tr><td><a href=\"http://browser.ihtsdotools.org/?perspective=full&amp;conceptId1=2429008\">2429008</a></td><td>Aspergillus (organism)</td></tr><tr><td><a href=\"http://browser.ihtsdotools.org/?perspective=full&amp;conceptId1=74964007\">74964007</a></td><td>Other (qualifier value)</td></tr><tr><td><a href=\"http://browser.ihtsdotools.org/?perspective=full&amp;conceptId1=260413007\">260413007</a></td><td>None (qualifier value)</td></tr><tr><td><a href=\"http://browser.ihtsdotools.org/?perspective=full&amp;conceptId1=261665006\">261665006</a></td><td>Unknown (qualifier value)</td></tr></table></li></ul></div>"},"url":"https://www.netzwerk-universitaetsmedizin.de/fhir/ValueSet/fungal-infections","version":"0.1.0","name":"FungalInfections","title":"Fungal Infections","status":"draft","date":"2020-10-05","publisher":"BIH @ Charité","contact":[{"name":"BIH @ Charité","telecom":[{"system":"url","value":"https://www.netzwerk-universitaetsmedizin.de"}]}],"description":"Value set of fungal infections","compose":{"include":[{"system":"http://snomed.info/sct","concept":[{"code":"53326005","display":"Candida albicans (organism)"},{"code":"2429008","display":"Aspergillus (organism)"},{"code":"74964007","display":"Other (qualifier value)"},{"code":"260413007","display":"None (qualifier value)"},{"code":"261665006","display":"Unknown (qualifier value)"}]}]}}