{"resourceType":"ValueSet","id":"regular-alcohol-intake-quantity","text":{"status":"generated","div":"<div xmlns=\"http://www.w3.org/1999/xhtml\"><p>This value set includes codes based on the following rules:</p><ul><li>Include these codes as defined in <a href=\"CodeSystem-napkon-vaccination-module.html\"><code>https://www.netzwerk-universitaetsmedizin.de/fhir/CodeSystem/napkon-vaccination-module</code></a><table class=\"none\"><tr><td style=\"white-space:nowrap\"><b>Code</b></td><td><b>Display</b></td></tr><tr><td><a href=\"CodeSystem-napkon-vaccination-module.html#napkon-vaccination-module-9001\">9001</a></td><td>0,5 bis 1 alkoholische Getränke pro Tag</td></tr><tr><td><a href=\"CodeSystem-napkon-vaccination-module.html#napkon-vaccination-module-9002\">9002</a></td><td>1,5 bis 2 alkoholische Getränke pro Tag</td></tr><tr><td><a href=\"CodeSystem-napkon-vaccination-module.html#napkon-vaccination-module-9003\">9003</a></td><td>2,5 bis 3 alkoholische Getränke pro Tag</td></tr><tr><td><a href=\"CodeSystem-napkon-vaccination-module.html#napkon-vaccination-module-9004\">9004</a></td><td>3,5 bis 4,5 alkoholische Getränke pro Tag</td></tr><tr><td><a href=\"CodeSystem-napkon-vaccination-module.html#napkon-vaccination-module-9005\">9005</a></td><td>5 oder mehr alkoholische Getränke pro Tag</td></tr></table></li><li>Include these codes as defined in <a href=\"http://www.snomed.org/\"><code>http://snomed.info/sct</code></a> version <code>http://snomed.info/sct/900000000000207008/version/20210731</code><table class=\"none\"><tr><td style=\"white-space:nowrap\"><b>Code</b></td><td><b>Display</b></td></tr><tr><td><a href=\"http://browser.ihtsdotools.org/?perspective=full&amp;conceptId1=373068000\">373068000</a></td><td>Undetermined (qualifier value)</td></tr></table></li></ul></div>"},"url":"https://www.netzwerk-universitaetsmedizin.de/fhir/ValueSet/regular-alcohol-intake-quantity","version":"0.1.0","name":"RegularAlcoholIntakeQuantity","title":"Regular Alcohol Intake Quantity","status":"active","date":"2021-10-19T22:00:24+00:00","publisher":"BIH @ Charité","contact":[{"name":"BIH @ Charité","telecom":[{"system":"url","value":"https://www.netzwerk-universitaetsmedizin.de"}]}],"description":"Number of alcoholic beverages per day","compose":{"include":[{"system":"https://www.netzwerk-universitaetsmedizin.de/fhir/CodeSystem/napkon-vaccination-module","concept":[{"code":"9001","display":"0,5 bis 1 alkoholische Getränke pro Tag"},{"code":"9002","display":"1,5 bis 2 alkoholische Getränke pro Tag"},{"code":"9003","display":"2,5 bis 3 alkoholische Getränke pro Tag"},{"code":"9004","display":"3,5 bis 4,5 alkoholische Getränke pro Tag"},{"code":"9005","display":"5 oder mehr alkoholische Getränke pro Tag"}]},{"system":"http://snomed.info/sct","version":"http://snomed.info/sct/900000000000207008/version/20210731","concept":[{"code":"373068000","display":"Undetermined (qualifier value)"}]}]}}