{"resourceType":"ValueSet","id":"chronic-haematologic-diseases-pediatrics-icd","text":{"status":"generated","div":"<div xmlns=\"http://www.w3.org/1999/xhtml\"><ul><li>Include these codes as defined in <code>http://fhir.de/CodeSystem/dimdi/icd-10-gm</code><table class=\"none\"><tr><td style=\"white-space:nowrap\"><b>Code</b></td><td><b>Display</b></td></tr><tr><td>D58.9</td><td>Hereditäre hämolytische Anämie, nicht näher bezeichnet</td></tr><tr><td>D56.9</td><td>Thalassämie, nicht näher bezeichnet</td></tr><tr><td>D57.1</td><td>\tSichelzellenanämie ohne Krisen</td></tr><tr><td>D55.0</td><td>Anämie durch Glukose-6-Phosphat-Dehydrogenase[G6PD]-Mangel</td></tr><tr><td>D50.9</td><td>Eisenmangelanämie, nicht näher bezeichnet</td></tr><tr><td>D70</td><td>Agranulozytose und Neutropenie</td></tr><tr><td>D46.9</td><td>Myelodysplastisches Syndrom, nicht näher bezeichnet</td></tr><tr><td>D68.9</td><td>Koagulopathie, nicht näher bezeichnet</td></tr></table></li></ul></div>"},"url":"http://example.org/fhir/ValueSet/chronic-haematologic-diseases-pediatrics-icd","version":"0.1.0-test","name":"ChronicHaematologicDiseasesPediatricsICD","title":"ChronicHaematologicDiseasesPediatricsICD-VS","status":"draft","date":"2021-07-16T11:49:43+00:00","publisher":"Berlin Institute of Health @ Charité","contact":[{"telecom":[{"system":"url","value":"https://bihealth.org"}]}],"description":"Chronic haematologic diseases the context of pediatrics and Covid-19","jurisdiction":[{"coding":[{"system":"http://unstats.un.org/unsd/methods/m49/m49.htm","code":"001"}]}],"compose":{"include":[{"system":"http://fhir.de/CodeSystem/dimdi/icd-10-gm","concept":[{"code":"D58.9","display":"Hereditäre hämolytische Anämie, nicht näher bezeichnet"},{"code":"D56.9","display":"Thalassämie, nicht näher bezeichnet"},{"code":"D57.1","display":"\tSichelzellenanämie ohne Krisen"},{"code":"D55.0","display":"Anämie durch Glukose-6-Phosphat-Dehydrogenase[G6PD]-Mangel"},{"code":"D50.9","display":"Eisenmangelanämie, nicht näher bezeichnet"},{"code":"D70","display":"Agranulozytose und Neutropenie"},{"code":"D46.9","display":"Myelodysplastisches Syndrom, nicht näher bezeichnet"},{"code":"D68.9","display":"Koagulopathie, nicht näher bezeichnet"}]}]}}