{"resourceType":"ValueSet","id":"pediatric-imaging-codes","text":{"status":"generated","div":"<div xmlns=\"http://www.w3.org/1999/xhtml\"><ul><li>Include these codes as defined in <a href=\"http://www.snomed.org/\"><code>http://snomed.info/sct</code></a><table class=\"none\"><tr><td style=\"white-space:nowrap\"><b>Code</b></td><td><b>Display</b></td></tr><tr><td><a href=\"http://browser.ihtsdotools.org/?perspective=full&amp;conceptId1=40701008\">40701008</a></td><td>Echocardiography (procedure)</td></tr><tr><td><a href=\"http://browser.ihtsdotools.org/?perspective=full&amp;conceptId1=450436003\">450436003</a></td><td>Positron emission tomography with computed tomography (procedure)</td></tr></table></li></ul></div>"},"url":"https://www.netzwerk-universitaetsmedizin.de/fhir/ValueSet/pediatric-imaging-codes","version":"0.1.0","name":"PediatricsImagingCodes","title":"ValueSet for Pediatric Module","status":"draft","date":"2021-05-28","publisher":"BIH @ Charité","contact":[{"name":"BIH @ Charité","telecom":[{"system":"url","value":"https://www.netzwerk-universitaetsmedizin.de"}]}],"description":"Codes related to the Pediatric Module.","compose":{"include":[{"system":"http://snomed.info/sct","concept":[{"code":"40701008","display":"Echocardiography (procedure)"},{"code":"450436003","display":"Positron emission tomography with computed tomography (procedure)"}]}]}}