{"resourceType":"ValueSet","id":"gastrointestinal-diseases-pediatrics","text":{"status":"generated","div":"<div xmlns=\"http://www.w3.org/1999/xhtml\"><ul><li>Include codes from <a href=\"http://www.snomed.org/\"><code>http://snomed.info/sct</code></a> where concept  is-a  119292006 (Disorder of gastrointestinal tract (disorder))</li></ul></div>"},"url":"https://www.netzwerk-universitaetsmedizin.de/fhir/ValueSet/gastrointestinal-diseases-pediatrics","version":"0.1.0","name":"GastrointestinalDiseasesPediatrics","title":"VSGastrointestinal Diseases Pediatrics","status":"draft","date":"2021-08-11","publisher":"BIH @ Charité","contact":[{"name":"BIH @ Charité","telecom":[{"system":"url","value":"https://www.netzwerk-universitaetsmedizin.de"}]}],"description":"Gastrointestinal diseases in the context of pediatrics and Covid-19","compose":{"include":[{"system":"http://snomed.info/sct","filter":[{"property":"concept","op":"is-a","value":"119292006"}]}]}}