{
  "resourceType": "Condition",
  "id": "instance-gastrointestinal-diseases-pediatrics",
  "meta": {
    "profile": [
      "https://www.netzwerk-universitaetsmedizin.de/fhir/StructureDefinition/gastrointestinal-diseases-pediatrics"
    ]
  },
  "text": {
    "status": "generated",
    "div": "<div xmlns=\"http://www.w3.org/1999/xhtml\"><p><b>Generated Narrative</b></p><p><b>category</b>: <span title=\"Codes: {http://snomed.info/sct 394584008}\">Gastroenterology (qualifier value)</span></p><p><b>code</b>: <span title=\"Codes: {http://snomed.info/sct 236069009}\">Chronic constipation (disorder)</span></p><p><b>subject</b>: <a href=\"Patient-ExamplePatient.html\">Generated Summary: id: napkon-example-patient; maxi musterperson (OFFICIAL); gender: unknown; birthDate: 1990-08-08</a></p></div>"
  },
  "category": [
    {
      "coding": [
        {
          "system": "http://snomed.info/sct",
          "code": "394584008"
        }
      ]
    }
  ],
  "code": {
    "coding": [
      {
        "system": "http://snomed.info/sct",
        "code": "236069009",
        "display": "Chronic constipation (disorder)"
      }
    ]
  },
  "subject": {
    "reference": "Patient/ExamplePatient"
  }
}