{
  "resourceType": "Immunization",
  "id": "covid-vaccination-instance-not-done",
  "meta": {
    "profile": [
      "https://www.netzwerk-universitaetsmedizin.de/fhir/StructureDefinition/covid-vaccination"
    ]
  },
  "text": {
    "status": "generated",
    "div": "<div xmlns=\"http://www.w3.org/1999/xhtml\"><p><b>Generated Narrative</b></p><p><b>status</b>: not-done</p><p><b>statusReason</b>: <span title=\"Codes: {http://snomed.info/sct 289908002}\">Pregnancy, function (observable entity)</span></p><p><b>vaccineCode</b>: <span title=\"Codes: {http://snomed.info/sct 28531000087107}\">Vaccine product against Severe acute respiratory syndrome coronavirus 2 (medicinal product)</span></p><p><b>patient</b>: <a href=\"Patient-ExamplePatient.html\">Generated Summary: id: napkon-example-patient; maxi musterperson (OFFICIAL); gender: unknown; birthDate: 1990-08-08</a></p><p><b>occurrence</b>: Oct 1, 2021, 11:06:00 AM</p><p><b>reasonCode</b>: <span title=\"Codes: {http://snomed.info/sct 385432009}\">Not applicable (qualifier value)</span></p><h3>ProtocolApplieds</h3><table class=\"grid\"><tr><td>-</td><td><b>DoseNumber[x]</b></td></tr><tr><td>*</td><td>4</td></tr></table></div>"
  },
  "status": "not-done",
  "statusReason": {
    "coding": [
      {
        "system": "http://snomed.info/sct",
        "code": "289908002",
        "display": "Pregnancy, function (observable entity)"
      }
    ]
  },
  "vaccineCode": {
    "coding": [
      {
        "system": "http://snomed.info/sct",
        "code": "28531000087107",
        "display": "Vaccine product against Severe acute respiratory syndrome coronavirus 2 (medicinal product)"
      }
    ]
  },
  "patient": {
    "reference": "Patient/ExamplePatient"
  },
  "occurrenceDateTime": "2021-10-01T13:06:00+02:00",
  "reasonCode": [
    {
      "coding": [
        {
          "system": "http://snomed.info/sct",
          "code": "385432009",
          "display": "Not applicable (qualifier value)"
        }
      ]
    }
  ],
  "protocolApplied": [
    {
      "doseNumberPositiveInt": 4
    }
  ]
}