{
  "resourceType": "Observation",
  "id": "MedicalTreatmentReason",
  "meta": {
    "profile": [
      "https://www.netzwerk-universitaetsmedizin.de/fhir/StructureDefinition/medical-treatment-reason"
    ]
  },
  "text": {
    "status": "generated",
    "div": "<div xmlns=\"http://www.w3.org/1999/xhtml\"><p><b>Generated Narrative</b></p><p></p><p><b>code</b>: <span title=\"Codes: {http://snomed.info/sct 408773008}\">Reasons for treatment (finding)</span></p><p><b>value</b>: Starker Hautausschlag</p><p><b>hasMember</b>: <a href=\"Observation-MedicalTreatmentForVaccinationAdverseReaction.html\">Generated Summary: <span title=\"Codes: {https://www.netzwerk-universitaetsmedizin.de/fhir/CodeSystem/napkon-vaccination-module q1004}\">Medical treatment for actual or potential adverse events</span>; <span title=\"Codes: {https://www.netzwerk-universitaetsmedizin.de/fhir/CodeSystem/napkon-vaccination-module 6002}\">Ja, Behandlung mit Aufnahme im Krankenhaus</span></a></p></div>"
  },
  "status": "final",
  "code": {
    "coding": [
      {
        "system": "http://snomed.info/sct",
        "code": "408773008",
        "display": "Reasons for treatment (finding)"
      }
    ]
  },
  "valueString": "Starker Hautausschlag",
  "hasMember": [
    {
      "reference": "Observation/MedicalTreatmentForVaccinationAdverseReaction"
    }
  ]
}