{
  "resourceType": "Observation",
  "id": "AllergicReactionToVaccinationInstanceOther",
  "meta": {
    "profile": [
      "https://www.netzwerk-universitaetsmedizin.de/fhir/StructureDefinition/allergic-reaction-to-vaccination"
    ]
  },
  "text": {
    "status": "generated",
    "div": "<div xmlns=\"http://www.w3.org/1999/xhtml\"><p><b>Generated Narrative</b></p><p></p><p><b>code</b>: <span title=\"Codes: {http://snomed.info/sct 15920121000119103}\">Allergic reaction caused by vaccine (disorder)</span></p><p><b>value</b>: <span title=\"Codes: {http://snomed.info/sct 74964007}\">some other reason</span></p></div>"
  },
  "status": "final",
  "code": {
    "coding": [
      {
        "system": "http://snomed.info/sct",
        "version": "http://snomed.info/sct/900000000000207008/version/20210731",
        "code": "15920121000119103",
        "display": "Allergic reaction caused by vaccine (disorder)"
      }
    ]
  },
  "valueCodeableConcept": {
    "coding": [
      {
        "system": "http://snomed.info/sct",
        "version": "http://snomed.info/sct/900000000000207008/version/20210731",
        "code": "74964007",
        "display": "Other (qualifier value)"
      }
    ],
    "text": "some other reason"
  }
}