{
  "resourceType": "Observation",
  "id": "AdditionalVaccinationWillingness",
  "meta": {
    "profile": [
      "https://www.netzwerk-universitaetsmedizin.de/fhir/StructureDefinition/additional-vaccination-willingness"
    ]
  },
  "text": {
    "status": "generated",
    "div": "<div xmlns=\"http://www.w3.org/1999/xhtml\"><p><b>Generated Narrative</b></p><p></p><p><b>code</b>: <span title=\"Codes: {https://www.netzwerk-universitaetsmedizin.de/fhir/CodeSystem/napkon-vaccination-module q1001}\">Willingness for additional SARS-CoV-2 vaccination if recommended</span></p><p><b>value</b>: <span title=\"Codes: {http://snomed.info/sct 373066001}\">Yes (qualifier value)</span></p></div>"
  },
  "status": "final",
  "code": {
    "coding": [
      {
        "system": "https://www.netzwerk-universitaetsmedizin.de/fhir/CodeSystem/napkon-vaccination-module",
        "code": "q1001",
        "display": "Willingness for additional SARS-CoV-2 vaccination if recommended"
      }
    ]
  },
  "valueCodeableConcept": {
    "coding": [
      {
        "system": "http://snomed.info/sct",
        "code": "373066001",
        "display": "Yes (qualifier value)"
      }
    ]
  }
}