{
  "resourceType": "Observation",
  "id": "VaccinationInjectionSiteErythema",
  "meta": {
    "profile": [
      "https://www.netzwerk-universitaetsmedizin.de/fhir/StructureDefinition/vaccination-injection-site-erythema"
    ]
  },
  "text": {
    "status": "generated",
    "div": "<div xmlns=\"http://www.w3.org/1999/xhtml\"><p><b>Generated Narrative</b></p><p></p><p><b>code</b>: <span title=\"Codes: {http://snomed.info/sct 213338000}\">Erythema at injection site (disorder)</span></p><p><b>value</b>: <span title=\"Codes: {https://www.netzwerk-universitaetsmedizin.de/fhir/CodeSystem/napkon-vaccination-module 4002}\">Zwischen 2,5 und 5 Zentimeter</span></p></div>"
  },
  "status": "final",
  "code": {
    "coding": [
      {
        "system": "http://snomed.info/sct",
        "version": "http://snomed.info/sct/900000000000207008/version/20210731",
        "code": "213338000",
        "display": "Erythema at injection site (disorder)"
      }
    ]
  },
  "valueCodeableConcept": {
    "coding": [
      {
        "system": "https://www.netzwerk-universitaetsmedizin.de/fhir/CodeSystem/napkon-vaccination-module",
        "code": "4002",
        "display": "Zwischen 2,5 und 5 Zentimeter"
      }
    ]
  }
}