{
  "resourceType": "Observation",
  "id": "RegularAlcoholIntakeQuantity",
  "meta": {
    "profile": [
      "https://www.netzwerk-universitaetsmedizin.de/fhir/StructureDefinition/regular-alcohol-intake-quantity"
    ]
  },
  "text": {
    "status": "generated",
    "div": "<div xmlns=\"http://www.w3.org/1999/xhtml\"><p><b>Generated Narrative</b></p><p></p><p><b>code</b>: <span title=\"Codes: {http://snomed.info/sct 289153004}\">Finding of quantity of drinking (finding)</span></p><p><b>value</b>: <span title=\"Codes: {https://www.netzwerk-universitaetsmedizin.de/fhir/CodeSystem/napkon-vaccination-module 9005}\">5 oder mehr alkoholische Getränke pro Tag</span></p></div>"
  },
  "status": "final",
  "code": {
    "coding": [
      {
        "system": "http://snomed.info/sct",
        "code": "289153004",
        "display": "Finding of quantity of drinking (finding)"
      }
    ]
  },
  "valueCodeableConcept": {
    "coding": [
      {
        "system": "https://www.netzwerk-universitaetsmedizin.de/fhir/CodeSystem/napkon-vaccination-module",
        "code": "9005",
        "display": "5 oder mehr alkoholische Getränke pro Tag"
      }
    ]
  }
}