{
  "resourceType": "Observation",
  "id": "VaccinationInjectionSitePainRest",
  "meta": {
    "profile": [
      "https://www.netzwerk-universitaetsmedizin.de/fhir/StructureDefinition/vaccination-injection-site-pain-rest"
    ]
  },
  "text": {
    "status": "generated",
    "div": "<div xmlns=\"http://www.w3.org/1999/xhtml\"><p><b>Generated Narrative</b></p><p></p><p><b>code</b>: <span title=\"Codes: {https://www.netzwerk-universitaetsmedizin.de/fhir/CodeSystem/napkon-vaccination-module q1007}\">Injection site pain at rest</span></p><p><b>value</b>: <span title=\"Codes: {https://www.netzwerk-universitaetsmedizin.de/fhir/CodeSystem/napkon-vaccination-module 3001}\">Leichte Schmerzen, diese stören nicht bei täglichen Aktivitäten</span></p></div>"
  },
  "status": "final",
  "code": {
    "coding": [
      {
        "system": "https://www.netzwerk-universitaetsmedizin.de/fhir/CodeSystem/napkon-vaccination-module",
        "code": "q1007",
        "display": "Injection site pain at rest"
      }
    ]
  },
  "valueCodeableConcept": {
    "coding": [
      {
        "system": "https://www.netzwerk-universitaetsmedizin.de/fhir/CodeSystem/napkon-vaccination-module",
        "code": "3001",
        "display": "Leichte Schmerzen, diese stören nicht bei täglichen Aktivitäten"
      }
    ]
  }
}