{
  "resourceType": "Procedure",
  "id": "ThoracicDrainage",
  "meta": {
    "profile": [
      "https://www.netzwerk-universitaetsmedizin.de/fhir/StructureDefinition/thoracic-drainage-pediatrics"
    ]
  },
  "text": {
    "status": "generated",
    "div": "<div xmlns=\"http://www.w3.org/1999/xhtml\"><p><b>Generated Narrative</b></p><p><b>status</b>: not-done</p><p><b>code</b>: <span title=\"Codes: {http://snomed.info/sct 34193001}\">Closed drainage of chest (procedure)</span></p><p><b>subject</b>: <a href=\"Patient-ExamplePatient.html\">Generated Summary: Medical record number: napkon-example-patient; maxi musterperson (OFFICIAL); gender: unknown; birthDate: 1990-08-08</a></p><p><b>performed</b>: Sep 14, 2021, 11:06:00 AM</p></div>"
  },
  "status": "not-done",
  "code": {
    "coding": [
      {
        "system": "http://snomed.info/sct",
        "code": "34193001",
        "display": "Closed drainage of chest (procedure)"
      }
    ]
  },
  "subject": {
    "reference": "Patient/ExamplePatient"
  },
  "performedDateTime": "2021-09-14T13:06:00+02:00"
}