{
  "resourceType": "ValueSet",
  "id": "vaccination-injection-site-swelling-size",
  "text": {
    "status": "generated",
    "div": "<div xmlns=\"http://www.w3.org/1999/xhtml\"><p>This value set includes codes based on the following rules:</p><ul><li>Include these codes as defined in <a href=\"http://www.snomed.org/\"><code>http://snomed.info/sct</code></a><table class=\"none\"><tr><td style=\"white-space:nowrap\"><b>Code</b></td><td><b>Display</b></td></tr><tr><td><a href=\"http://browser.ihtsdotools.org/?perspective=full&amp;conceptId1=300890009\">300890009</a></td><td>Swelling absent (situation)</td></tr></table></li><li>Include these codes as defined in <a href=\"CodeSystem-napkon-vaccination-module.html\"><code>https://www.netzwerk-universitaetsmedizin.de/fhir/CodeSystem/napkon-vaccination-module</code></a><table class=\"none\"><tr><td style=\"white-space:nowrap\"><b>Code</b></td><td><b>Display</b></td></tr><tr><td><a href=\"CodeSystem-napkon-vaccination-module.html#napkon-vaccination-module-4001\">4001</a></td><td>Kleiner als 2,5 Zentimeter</td></tr><tr><td><a href=\"CodeSystem-napkon-vaccination-module.html#napkon-vaccination-module-4002\">4002</a></td><td>Zwischen 2,5 und 5 Zentimeter</td></tr><tr><td><a href=\"CodeSystem-napkon-vaccination-module.html#napkon-vaccination-module-4003\">4003</a></td><td>Zwischen 5,1 und 10 Zentimeter</td></tr><tr><td><a href=\"CodeSystem-napkon-vaccination-module.html#napkon-vaccination-module-4004\">4004</a></td><td>Größer als 10 Zentimeter</td></tr></table></li></ul></div>"
  },
  "url": "https://www.netzwerk-universitaetsmedizin.de/fhir/ValueSet/vaccination-injection-site-swelling-size",
  "version": "0.1.0",
  "name": "VaccinationInjectionSiteSwellingSize",
  "title": "Vaccination Injection Site Swelling Size",
  "status": "active",
  "date": "2021-10-12T12:09:14+00:00",
  "publisher": "BIH @ Charité",
  "contact": [
    {
      "name": "BIH @ Charité",
      "telecom": [
        {
          "system": "url",
          "value": "https://www.netzwerk-universitaetsmedizin.de"
        }
      ]
    }
  ],
  "description": "Swelling size category at vaccine injection site",
  "compose": {
    "include": [
      {
        "system": "http://snomed.info/sct",
        "concept": [
          {
            "code": "300890009",
            "display": "Swelling absent (situation)"
          }
        ]
      },
      {
        "system": "https://www.netzwerk-universitaetsmedizin.de/fhir/CodeSystem/napkon-vaccination-module",
        "concept": [
          {
            "code": "4001",
            "display": "Kleiner als 2,5 Zentimeter"
          },
          {
            "code": "4002",
            "display": "Zwischen 2,5 und 5 Zentimeter"
          },
          {
            "code": "4003",
            "display": "Zwischen 5,1 und 10 Zentimeter"
          },
          {
            "code": "4004",
            "display": "Größer als 10 Zentimeter"
          }
        ]
      }
    ]
  }
}