{
  "resourceType": "ValueSet",
  "id": "general-complaints-after-vaccination",
  "text": {
    "status": "generated",
    "div": "<div xmlns=\"http://www.w3.org/1999/xhtml\"><p>This value set includes codes based on the following rules:</p><ul><li>Include these codes as defined in <a href=\"http://www.snomed.org/\"><code>http://snomed.info/sct</code></a> version <code>http://snomed.info/sct/900000000000207008/version/20210731</code><table class=\"none\"><tr><td style=\"white-space:nowrap\"><b>Code</b></td><td><b>Display</b></td></tr><tr><td><a href=\"http://browser.ihtsdotools.org/?perspective=full&amp;conceptId1=260413007\">260413007</a></td><td>None (qualifier value)</td></tr><tr><td><a href=\"http://browser.ihtsdotools.org/?perspective=full&amp;conceptId1=386661006\">386661006</a></td><td>Fever (finding)</td></tr><tr><td><a href=\"http://browser.ihtsdotools.org/?perspective=full&amp;conceptId1=43724002\">43724002</a></td><td>Chill (finding)</td></tr><tr><td><a href=\"http://browser.ihtsdotools.org/?perspective=full&amp;conceptId1=103001002\">103001002</a></td><td>Feeling feverish (finding)</td></tr><tr><td><a href=\"http://browser.ihtsdotools.org/?perspective=full&amp;conceptId1=60119000\">60119000</a></td><td>Exhaustion (finding)</td></tr><tr><td><a href=\"http://browser.ihtsdotools.org/?perspective=full&amp;conceptId1=84229001\">84229001</a></td><td>Fatigue (finding)</td></tr><tr><td><a href=\"http://browser.ihtsdotools.org/?perspective=full&amp;conceptId1=68962001\">68962001</a></td><td>Muscle pain (finding)</td></tr><tr><td><a href=\"http://browser.ihtsdotools.org/?perspective=full&amp;conceptId1=57676002\">57676002</a></td><td>Joint pain (finding)</td></tr><tr><td><a href=\"http://browser.ihtsdotools.org/?perspective=full&amp;conceptId1=230145002\">230145002</a></td><td>Difficulty breathing (finding)</td></tr><tr><td><a href=\"http://browser.ihtsdotools.org/?perspective=full&amp;conceptId1=267036007\">267036007</a></td><td>Dyspnea (finding)</td></tr><tr><td><a href=\"http://browser.ihtsdotools.org/?perspective=full&amp;conceptId1=422587007\">422587007</a></td><td>Nausea (finding)</td></tr><tr><td><a href=\"http://browser.ihtsdotools.org/?perspective=full&amp;conceptId1=249497008\">249497008</a></td><td>Vomiting symptom (finding)</td></tr><tr><td><a href=\"http://browser.ihtsdotools.org/?perspective=full&amp;conceptId1=62315008\">62315008</a></td><td>Diarrhea (finding)</td></tr><tr><td><a href=\"http://browser.ihtsdotools.org/?perspective=full&amp;conceptId1=398032003\">398032003</a></td><td>Loose stool (finding)</td></tr></table></li><li>Include these codes as defined in <a href=\"CodeSystem-napkon-vaccination-module.html\"><code>https://www.netzwerk-universitaetsmedizin.de/fhir/CodeSystem/napkon-vaccination-module</code></a><table class=\"none\"><tr><td style=\"white-space:nowrap\"><b>Code</b></td><td><b>Display</b></td></tr><tr><td><a href=\"CodeSystem-napkon-vaccination-module.html#napkon-vaccination-module-10001\">10001</a></td><td>Fieber und/oder Schüttelfrost (inkl. sich fiebrig fühlen)</td></tr><tr><td><a href=\"CodeSystem-napkon-vaccination-module.html#napkon-vaccination-module-10002\">10002</a></td><td>Abgeschlagenheit und/oder vermehrte Müdigkeit</td></tr><tr><td><a href=\"CodeSystem-napkon-vaccination-module.html#napkon-vaccination-module-10003\">10003</a></td><td>Neu aufgetretene oder Verstärkung vorbestehender Muskelschmerzen</td></tr><tr><td><a href=\"CodeSystem-napkon-vaccination-module.html#napkon-vaccination-module-10004\">10004</a></td><td>Neu aufgetretene oder Verstärkung vorbestehender Gelenkschmerzen</td></tr><tr><td><a href=\"CodeSystem-napkon-vaccination-module.html#napkon-vaccination-module-10005\">10005</a></td><td>Schwierigkeiten beim Atmen und/oder Luftnot</td></tr><tr><td><a href=\"CodeSystem-napkon-vaccination-module.html#napkon-vaccination-module-10006\">10006</a></td><td>Übelkeit und/oder Erbrechen</td></tr><tr><td><a href=\"CodeSystem-napkon-vaccination-module.html#napkon-vaccination-module-10007\">10007</a></td><td>Durchfall und/oder dünnerer Stuhl</td></tr><tr><td><a href=\"CodeSystem-napkon-vaccination-module.html#napkon-vaccination-module-10008\">10008</a></td><td>Abgeschlagenheit und/oder vermehrte Müdigkeit</td></tr></table></li></ul></div>"
  },
  "url": "https://www.netzwerk-universitaetsmedizin.de/fhir/ValueSet/general-complaints-after-vaccination",
  "version": "0.1.0",
  "name": "GeneralComplaintsAfterVaccination",
  "title": "General Complaints After Vaccination",
  "status": "active",
  "date": "2021-10-19T21:05:56+00:00",
  "publisher": "BIH @ Charité",
  "contact": [
    {
      "name": "BIH @ Charité",
      "telecom": [
        {
          "system": "url",
          "value": "https://www.netzwerk-universitaetsmedizin.de"
        }
      ]
    }
  ],
  "description": "General complaints after vaccination",
  "compose": {
    "include": [
      {
        "system": "http://snomed.info/sct",
        "version": "http://snomed.info/sct/900000000000207008/version/20210731",
        "concept": [
          {
            "code": "260413007",
            "display": "None (qualifier value)"
          },
          {
            "code": "386661006",
            "display": "Fever (finding)"
          },
          {
            "code": "43724002",
            "display": "Chill (finding)"
          },
          {
            "code": "103001002",
            "display": "Feeling feverish (finding)"
          },
          {
            "code": "60119000",
            "display": "Exhaustion (finding)"
          },
          {
            "code": "84229001",
            "display": "Fatigue (finding)"
          },
          {
            "code": "68962001",
            "display": "Muscle pain (finding)"
          },
          {
            "code": "57676002",
            "display": "Joint pain (finding)"
          },
          {
            "code": "230145002",
            "display": "Difficulty breathing (finding)"
          },
          {
            "code": "267036007",
            "display": "Dyspnea (finding)"
          },
          {
            "code": "422587007",
            "display": "Nausea (finding)"
          },
          {
            "code": "249497008",
            "display": "Vomiting symptom (finding)"
          },
          {
            "code": "62315008",
            "display": "Diarrhea (finding)"
          },
          {
            "code": "398032003",
            "display": "Loose stool (finding)"
          }
        ]
      },
      {
        "system": "https://www.netzwerk-universitaetsmedizin.de/fhir/CodeSystem/napkon-vaccination-module",
        "concept": [
          {
            "code": "10001",
            "display": "Fieber und/oder Schüttelfrost (inkl. sich fiebrig fühlen)"
          },
          {
            "code": "10002",
            "display": "Abgeschlagenheit und/oder vermehrte Müdigkeit"
          },
          {
            "code": "10003",
            "display": "Neu aufgetretene oder Verstärkung vorbestehender Muskelschmerzen"
          },
          {
            "code": "10004",
            "display": "Neu aufgetretene oder Verstärkung vorbestehender Gelenkschmerzen"
          },
          {
            "code": "10005",
            "display": "Schwierigkeiten beim Atmen und/oder Luftnot"
          },
          {
            "code": "10006",
            "display": "Übelkeit und/oder Erbrechen"
          },
          {
            "code": "10007",
            "display": "Durchfall und/oder dünnerer Stuhl"
          },
          {
            "code": "10008",
            "display": "Abgeschlagenheit und/oder vermehrte Müdigkeit"
          }
        ]
      }
    ]
  }
}