{
  "resourceType": "ValueSet",
  "id": "vaccination-pain-scale",
  "text": {
    "status": "generated",
    "div": "<div xmlns=\"http://www.w3.org/1999/xhtml\"><p>This value set includes codes based on the following rules:</p><ul><li>Include these codes as defined in <a href=\"http://www.snomed.org/\"><code>http://snomed.info/sct</code></a> version <code>http://snomed.info/sct/900000000000207008/version/20210731</code><table class=\"none\"><tr><td style=\"white-space:nowrap\"><b>Code</b></td><td><b>Display</b></td></tr><tr><td><a href=\"http://browser.ihtsdotools.org/?perspective=full&amp;conceptId1=81765008\">81765008</a></td><td>No pain (situation)</td></tr></table></li><li>Include these codes as defined in <a href=\"CodeSystem-napkon-vaccination-module.html\"><code>https://www.netzwerk-universitaetsmedizin.de/fhir/CodeSystem/napkon-vaccination-module</code></a><table class=\"none\"><tr><td style=\"white-space:nowrap\"><b>Code</b></td><td><b>Display</b></td></tr><tr><td><a href=\"CodeSystem-napkon-vaccination-module.html#napkon-vaccination-module-3001\">3001</a></td><td>Leichte Schmerzen, diese stören nicht bei täglichen Aktivitäten</td></tr><tr><td><a href=\"CodeSystem-napkon-vaccination-module.html#napkon-vaccination-module-3002\">3002</a></td><td>Mäßige Schmerzen, diese stören bei täglichen Aktivitäten</td></tr><tr><td><a href=\"CodeSystem-napkon-vaccination-module.html#napkon-vaccination-module-3003\">3003</a></td><td>Sehr starke Schmerzen, die dazu führen, dass täglichen Aktivitäten nicht mehr durchgeführt werden können</td></tr></table></li></ul></div>"
  },
  "url": "https://www.netzwerk-universitaetsmedizin.de/fhir/ValueSet/vaccination-pain-scale",
  "version": "0.1.0",
  "name": "VaccinationPainScale",
  "title": "Vaccination pain scale",
  "status": "active",
  "date": "2021-10-19T15:41:32+00:00",
  "publisher": "BIH @ Charité",
  "contact": [
    {
      "name": "BIH @ Charité",
      "telecom": [
        {
          "system": "url",
          "value": "https://www.netzwerk-universitaetsmedizin.de"
        }
      ]
    }
  ],
  "description": "Pain intensity at vaccine injection site",
  "compose": {
    "include": [
      {
        "system": "http://snomed.info/sct",
        "version": "http://snomed.info/sct/900000000000207008/version/20210731",
        "concept": [
          {
            "code": "81765008",
            "display": "No pain (situation)"
          }
        ]
      },
      {
        "system": "https://www.netzwerk-universitaetsmedizin.de/fhir/CodeSystem/napkon-vaccination-module",
        "concept": [
          {
            "code": "3001",
            "display": "Leichte Schmerzen, diese stören nicht bei täglichen Aktivitäten"
          },
          {
            "code": "3002",
            "display": "Mäßige Schmerzen, diese stören bei täglichen Aktivitäten"
          },
          {
            "code": "3003",
            "display": "Sehr starke Schmerzen, die dazu führen, dass täglichen Aktivitäten nicht mehr durchgeführt werden können"
          }
        ]
      }
    ]
  }
}