{
  "resourceType": "ValueSet",
  "id": "fungal-infections",
  "text": {
    "status": "generated",
    "div": "<div xmlns=\"http://www.w3.org/1999/xhtml\"><ul><li>Include these codes as defined in <a href=\"http://www.snomed.org/\"><code>http://snomed.info/sct</code></a><table class=\"none\"><tr><td style=\"white-space:nowrap\"><b>Code</b></td><td><b>Display</b></td></tr><tr><td><a href=\"http://browser.ihtsdotools.org/?perspective=full&amp;conceptId1=83062006\">83062006</a></td><td>Infection caused by Candida albicans (disorder)</td></tr><tr><td><a href=\"http://browser.ihtsdotools.org/?perspective=full&amp;conceptId1=65553006\">65553006</a></td><td>Aspergillosis (disorder)</td></tr><tr><td><a href=\"http://browser.ihtsdotools.org/?perspective=full&amp;conceptId1=74964007\">74964007</a></td><td>Other (qualifier value)</td></tr></table></li></ul></div>"
  },
  "url": "https://www.netzwerk-universitaetsmedizin.de/fhir/ValueSet/fungal-infections",
  "version": "0.1.0",
  "name": "FungalInfections",
  "title": "Fungal Infections",
  "status": "draft",
  "date": "2020-10-05",
  "publisher": "BIH @ Charité",
  "contact": [
    {
      "name": "BIH @ Charité",
      "telecom": [
        {
          "system": "url",
          "value": "https://www.netzwerk-universitaetsmedizin.de"
        }
      ]
    }
  ],
  "description": "Value set of fungal infections",
  "compose": {
    "include": [
      {
        "system": "http://snomed.info/sct",
        "concept": [
          {
            "code": "83062006",
            "display": "Infection caused by Candida albicans (disorder)"
          },
          {
            "code": "65553006",
            "display": "Aspergillosis (disorder)"
          },
          {
            "code": "74964007",
            "display": "Other (qualifier value)"
          }
        ]
      }
    ]
  }
}