{
  "resourceType": "ValueSet",
  "id": "cardiology-imaging-procedures",
  "text": {
    "status": "generated",
    "div": "<div xmlns=\"http://www.w3.org/1999/xhtml\"><ul><li>Include codes from <a href=\"http://www.snomed.org/\"><code>http://snomed.info/sct</code></a> where concept  descends from  71388002 (Procedure)</li></ul></div>"
  },
  "url": "https://www.netzwerk-universitaetsmedizin.de/fhir/ValueSet/EcgCodes",
  "version": "0.1.0",
  "name": "CardiologyImagingCodes",
  "title": "Cardiology Imaging Procedures ValueSet",
  "status": "draft",
  "date": "2021-09-24",
  "publisher": "BIH @ Charité",
  "contact": [
    {
      "name": "BIH @ Charité",
      "telecom": [
        {
          "system": "url",
          "value": "https://www.netzwerk-universitaetsmedizin.de"
        }
      ]
    }
  ],
  "description": "Imaging procedures related to cardiology",
  "compose": {
    "include": [
      {
        "system": "http://snomed.info/sct",
        "filter": [
          {
            "property": "concept",
            "op": "descendent-of",
            "value": "71388002"
          }
        ]
      }
    ]
  }
}