{
  "resourceType": "ValueSet",
  "id": "viral-infectious-complications-sct",
  "text": {
    "status": "generated",
    "div": "<div xmlns=\"http://www.w3.org/1999/xhtml\"><ul><li>Include these codes as defined in <a href=\"http://www.snomed.org/\"><code>http://snomed.info/sct</code></a><table class=\"none\"><tr><td style=\"white-space:nowrap\"><b>Code</b></td><td><b>Display</b></td></tr><tr><td><a href=\"http://browser.ihtsdotools.org/?perspective=full&amp;conceptId1=55735004\">55735004</a></td><td>Respiratory syncytial virus infection (disorder)</td></tr><tr><td><a href=\"http://browser.ihtsdotools.org/?perspective=full&amp;conceptId1=6142004\">6142004</a></td><td>Influenza (disorder)</td></tr><tr><td><a href=\"http://browser.ihtsdotools.org/?perspective=full&amp;conceptId1=1087141000119106\">1087141000119106</a></td><td>Human metapneumovirus infection (disorder)</td></tr><tr><td><a href=\"http://browser.ihtsdotools.org/?perspective=full&amp;conceptId1=41546002\">41546002</a></td><td>Disease caused by Rhinovirus (disorder)</td></tr><tr><td><a href=\"http://browser.ihtsdotools.org/?perspective=full&amp;conceptId1=25225006\">25225006</a></td><td>Disease caused by Adenovirus (disorder)</td></tr><tr><td><a href=\"http://browser.ihtsdotools.org/?perspective=full&amp;conceptId1=1148698007\">1148698007</a></td><td>Disease caused by Human bocavirus (disorder)</td></tr><tr><td><a href=\"http://browser.ihtsdotools.org/?perspective=full&amp;conceptId1=27619001\">27619001</a></td><td>Disease caused by Coronaviridae (disorder)</td></tr><tr><td><a href=\"http://browser.ihtsdotools.org/?perspective=full&amp;conceptId1=12188008\">12188008</a></td><td>Parainfluenza (disorder)</td></tr></table></li></ul></div>"
  },
  "url": "https://www.netzwerk-universitaetsmedizin.de/fhir/ValueSet/imaging-category-sct",
  "version": "0.1.0",
  "name": "ViralInfectiousDiseases",
  "status": "draft",
  "date": "2021-05-28",
  "publisher": "BIH @ Charité",
  "contact": [
    {
      "name": "BIH @ Charité",
      "telecom": [
        {
          "system": "url",
          "value": "https://www.netzwerk-universitaetsmedizin.de"
        }
      ]
    }
  ],
  "compose": {
    "include": [
      {
        "system": "http://snomed.info/sct",
        "concept": [
          {
            "code": "55735004",
            "display": "Respiratory syncytial virus infection (disorder)"
          },
          {
            "code": "6142004",
            "display": "Influenza (disorder)"
          },
          {
            "code": "1087141000119106",
            "display": "Human metapneumovirus infection (disorder)"
          },
          {
            "code": "41546002",
            "display": "Disease caused by Rhinovirus (disorder)"
          },
          {
            "code": "25225006",
            "display": "Disease caused by Adenovirus (disorder)"
          },
          {
            "code": "1148698007",
            "display": "Disease caused by Human bocavirus (disorder)"
          },
          {
            "code": "27619001",
            "display": "Disease caused by Coronaviridae (disorder)"
          },
          {
            "code": "12188008",
            "display": "Parainfluenza (disorder)"
          }
        ]
      }
    ]
  }
}