{
  "resourceType": "ValueSet",
  "id": "1.2.276.0.76.11.467--20200409000000",
  "meta": {
    "profile": [
      "http://hl7.org/fhir/StructureDefinition/shareablevalueset"
    ]
  },
  "text": {
    "status": "generated",
    "div": "<div xmlns=\"http://www.w3.org/1999/xhtml\"><ul><li>Include these codes as defined in <a href=\"http://www.snomed.org/\"><code>http://snomed.info/sct</code></a><table class=\"none\"><tr><td style=\"white-space:nowrap\"><b>Code</b></td><td><b>Display</b></td><td><b>Deutsch (Deutschland) (German (Germany), de)</b></td></tr><tr><td><a href=\"http://browser.ihtsdotools.org/?perspective=full&amp;conceptId1=21522001\">21522001</a></td><td>Abdominal pain (finding)</td><td>Bauchschmerzen</td></tr><tr><td><a href=\"http://browser.ihtsdotools.org/?perspective=full&amp;conceptId1=84387000\">84387000</a></td><td>Asymptomatic (finding)</td><td>Asymptomatisch</td></tr><tr><td><a href=\"http://browser.ihtsdotools.org/?perspective=full&amp;conceptId1=131148009\">131148009</a></td><td>Bleeding (finding)</td><td>Blutung</td></tr><tr><td><a href=\"http://browser.ihtsdotools.org/?perspective=full&amp;conceptId1=29857009\">29857009</a></td><td>Chest pain (finding)</td><td>Brustschmerzen</td></tr><tr><td><a href=\"http://browser.ihtsdotools.org/?perspective=full&amp;conceptId1=43724002\">43724002</a></td><td>Chill (finding)</td><td>Schüttelfrost</td></tr><tr><td><a href=\"http://browser.ihtsdotools.org/?perspective=full&amp;conceptId1=9826008\">9826008</a></td><td>Conjunctivitis (disorder)</td><td>Konjunktivitis</td></tr><tr><td><a href=\"http://browser.ihtsdotools.org/?perspective=full&amp;conceptId1=49727002\">49727002</a></td><td>Cough (finding)</td><td>Husten</td></tr><tr><td><a href=\"http://browser.ihtsdotools.org/?perspective=full&amp;conceptId1=62315008\">62315008</a></td><td>Diarrhea (finding)</td><td>Durchfall</td></tr><tr><td><a href=\"http://browser.ihtsdotools.org/?perspective=full&amp;conceptId1=3006004\">3006004</a></td><td>Disturbance of consciousness (finding)</td><td>Bewusstseinsstörung</td></tr><tr><td><a href=\"http://browser.ihtsdotools.org/?perspective=full&amp;conceptId1=267036007\">267036007</a></td><td>Dyspnea (finding)</td><td>Atemnot</td></tr><tr><td><a href=\"http://browser.ihtsdotools.org/?perspective=full&amp;conceptId1=271807003\">271807003</a></td><td>Eruption of skin (disorder)</td><td>Hautausschlag</td></tr><tr><td><a href=\"http://browser.ihtsdotools.org/?perspective=full&amp;conceptId1=84229001\">84229001</a></td><td>Fatigue (finding)</td><td>Müdigkeit</td></tr><tr><td><a href=\"http://browser.ihtsdotools.org/?perspective=full&amp;conceptId1=103001002\">103001002</a></td><td>Feeling feverish (finding)</td><td>Fieberigkeit</td></tr><tr><td><a href=\"http://browser.ihtsdotools.org/?perspective=full&amp;conceptId1=386661006\">386661006</a></td><td>Fever (finding)</td><td>Fieber</td></tr><tr><td><a href=\"http://browser.ihtsdotools.org/?perspective=full&amp;conceptId1=25064002\">25064002</a></td><td>Headache (finding)</td><td>Kopfschmerzen</td></tr><tr><td><a href=\"http://browser.ihtsdotools.org/?perspective=full&amp;conceptId1=66857006\">66857006</a></td><td>Hemoptysis (finding)</td><td>Bluthusten</td></tr><tr><td><a href=\"http://browser.ihtsdotools.org/?perspective=full&amp;conceptId1=248567008\">248567008</a></td><td>Indrawing of ribs during respiration (finding)</td><td>Hauteinziehungen des Brustkorbs bei der Einatmung</td></tr><tr><td><a href=\"http://browser.ihtsdotools.org/?perspective=full&amp;conceptId1=57676002\">57676002</a></td><td>Joint pain (finding)</td><td>Gelenkschmerz</td></tr><tr><td><a href=\"http://browser.ihtsdotools.org/?perspective=full&amp;conceptId1=79890006\">79890006</a></td><td>Loss of appetite (finding)</td><td>Appetitverlust</td></tr><tr><td><a href=\"http://browser.ihtsdotools.org/?perspective=full&amp;conceptId1=44169009\">44169009</a></td><td>Loss of sense of smell (finding)</td><td>Geruchverlust</td></tr><tr><td><a href=\"http://browser.ihtsdotools.org/?perspective=full&amp;conceptId1=36955009\">36955009</a></td><td>Loss of taste (finding)</td><td>Geschmackverlust</td></tr><tr><td><a href=\"http://browser.ihtsdotools.org/?perspective=full&amp;conceptId1=30746006\">30746006</a></td><td>Lymphadenopathy (disorder)</td><td>Lymphadenopathie</td></tr><tr><td><a href=\"http://browser.ihtsdotools.org/?perspective=full&amp;conceptId1=367391008\">367391008</a></td><td>Malaise (finding)</td><td>Unwohlsein</td></tr><tr><td><a href=\"http://browser.ihtsdotools.org/?perspective=full&amp;conceptId1=68962001\">68962001</a></td><td>Muscle pain (finding)</td><td>Muskelschmerzen</td></tr><tr><td><a href=\"http://browser.ihtsdotools.org/?perspective=full&amp;conceptId1=68235000\">68235000</a></td><td>Nasal congestion (finding)</td><td>Verstopfte Nase</td></tr><tr><td><a href=\"http://browser.ihtsdotools.org/?perspective=full&amp;conceptId1=64531003\">64531003</a></td><td>Nasal discharge (finding)</td><td>Laufende Nase</td></tr><tr><td><a href=\"http://browser.ihtsdotools.org/?perspective=full&amp;conceptId1=422587007\">422587007</a></td><td>Nausea (finding)</td><td>Übelkeit</td></tr><tr><td><a href=\"http://browser.ihtsdotools.org/?perspective=full&amp;conceptId1=162397003\">162397003</a></td><td>Pain in throat (finding)</td><td>Halsschmerzen</td></tr><tr><td><a href=\"http://browser.ihtsdotools.org/?perspective=full&amp;conceptId1=38880002\">38880002</a></td><td>Rigor (finding)</td><td>Starre</td></tr><tr><td><a href=\"http://browser.ihtsdotools.org/?perspective=full&amp;conceptId1=91175000\">91175000</a></td><td>Seizure (finding)</td><td>Krampfanfall</td></tr><tr><td><a href=\"http://browser.ihtsdotools.org/?perspective=full&amp;conceptId1=46742003\">46742003</a></td><td>Skin ulcer (disorder)</td><td>Hautgeschwüre</td></tr><tr><td><a href=\"http://browser.ihtsdotools.org/?perspective=full&amp;conceptId1=282145008\">282145008</a></td><td>Unable to walk (finding)</td><td>Unfähig zu gehen</td></tr><tr><td><a href=\"http://browser.ihtsdotools.org/?perspective=full&amp;conceptId1=422400008\">422400008</a></td><td>Vomiting (disorder)</td><td>Erbrechen</td></tr><tr><td><a href=\"http://browser.ihtsdotools.org/?perspective=full&amp;conceptId1=56018004\">56018004</a></td><td>Wheezing (finding)</td><td>Keuchen</td></tr><tr><td><a href=\"http://browser.ihtsdotools.org/?perspective=full&amp;conceptId1=426000000\">426000000</a></td><td>Fever greater than 100.4 Fahrenheit / 38° Celsius (finding)</td><td>Fieber über 38° Celsius</td></tr><tr><td><a href=\"http://browser.ihtsdotools.org/?perspective=full&amp;conceptId1=13791008\">13791008</a></td><td>Asthenia (finding)</td><td>Schwächegefühl</td></tr><tr><td><a href=\"http://browser.ihtsdotools.org/?perspective=full&amp;conceptId1=22253000\">22253000</a></td><td>Pain (finding)</td><td>Schmerzen</td></tr><tr><td><a href=\"http://browser.ihtsdotools.org/?perspective=full&amp;conceptId1=28743005\">28743005</a></td><td>Productive cough (finding)</td><td>Produktiver Husten</td></tr><tr><td><a href=\"http://browser.ihtsdotools.org/?perspective=full&amp;conceptId1=11833005\">11833005</a></td><td>Dry cough (finding)</td><td>Trockener Husten</td></tr><tr><td><a href=\"http://browser.ihtsdotools.org/?perspective=full&amp;conceptId1=40917007\">40917007</a></td><td>Clouded consciousness (finding)</td><td>Bewusstseinstrübung</td></tr></table></li></ul></div>"
  },
  "extension": [
    {
      "url": "http://hl7.org/fhir/StructureDefinition/resource-effectivePeriod",
      "valuePeriod": {
        "start": "2020-04-09T00:00:00+02:00"
      }
    }
  ],
  "url": "https://www.netzwerk-universitaetsmedizin.de/fhir/ValueSet/sars-cov-2-symptoms",
  "identifier": [
    {
      "use": "official",
      "system": "http://art-decor.org/ns/oids/vs",
      "value": "1.2.276.0.76.11.563"
    }
  ],
  "version": "0.1.0-test",
  "name": "SARSCoV2Symptoms",
  "title": "SARS-CoV-2-Symptoms",
  "status": "active",
  "experimental": false,
  "date": "2021-07-14T13:29:39+00:00",
  "publisher": "Berlin Institute of Health @ Charité",
  "contact": [
    {
      "telecom": [
        {
          "system": "url",
          "value": "https://bihealth.org"
        }
      ]
    }
  ],
  "description": "Symptoms for SARS-CoV-2 infection",
  "jurisdiction": [
    {
      "coding": [
        {
          "system": "http://unstats.un.org/unsd/methods/m49/m49.htm",
          "code": "001"
        }
      ]
    }
  ],
  "immutable": false,
  "copyright": "This artefact includes content from SNOMED Clinical Terms® (SNOMED CT®) which is copyright of the International Health Terminology Standards Development Organisation (IHTSDO). Implementers of these artefacts must have the appropriate SNOMED CT Affiliate license - for more information contact http://www.snomed.org/snomed-ct/getsnomed-ct or info@snomed.org.",
  "compose": {
    "include": [
      {
        "system": "http://snomed.info/sct",
        "concept": [
          {
            "code": "21522001",
            "display": "Abdominal pain (finding)",
            "designation": [
              {
                "language": "de-DE",
                "value": "Bauchschmerzen"
              }
            ]
          },
          {
            "code": "84387000",
            "display": "Asymptomatic (finding)",
            "designation": [
              {
                "language": "de-DE",
                "value": "Asymptomatisch"
              }
            ]
          },
          {
            "code": "131148009",
            "display": "Bleeding (finding)",
            "designation": [
              {
                "language": "de-DE",
                "value": "Blutung"
              }
            ]
          },
          {
            "code": "29857009",
            "display": "Chest pain (finding)",
            "designation": [
              {
                "language": "de-DE",
                "value": "Brustschmerzen"
              }
            ]
          },
          {
            "code": "43724002",
            "display": "Chill (finding)",
            "designation": [
              {
                "language": "de-DE",
                "value": "Schüttelfrost"
              }
            ]
          },
          {
            "code": "9826008",
            "display": "Conjunctivitis (disorder)",
            "designation": [
              {
                "language": "de-DE",
                "value": "Konjunktivitis"
              }
            ]
          },
          {
            "code": "49727002",
            "display": "Cough (finding)",
            "designation": [
              {
                "language": "de-DE",
                "value": "Husten"
              }
            ]
          },
          {
            "code": "62315008",
            "display": "Diarrhea (finding)",
            "designation": [
              {
                "language": "de-DE",
                "value": "Durchfall"
              }
            ]
          },
          {
            "code": "3006004",
            "display": "Disturbance of consciousness (finding)",
            "designation": [
              {
                "language": "de-DE",
                "value": "Bewusstseinsstörung"
              }
            ]
          },
          {
            "code": "267036007",
            "display": "Dyspnea (finding)",
            "designation": [
              {
                "language": "de-DE",
                "value": "Atemnot"
              }
            ]
          },
          {
            "code": "271807003",
            "display": "Eruption of skin (disorder)",
            "designation": [
              {
                "language": "de-DE",
                "value": "Hautausschlag"
              }
            ]
          },
          {
            "code": "84229001",
            "display": "Fatigue (finding)",
            "designation": [
              {
                "language": "de-DE",
                "value": "Müdigkeit"
              }
            ]
          },
          {
            "code": "103001002",
            "display": "Feeling feverish (finding)",
            "designation": [
              {
                "language": "de-DE",
                "value": "Fieberigkeit"
              }
            ]
          },
          {
            "code": "386661006",
            "display": "Fever (finding)",
            "designation": [
              {
                "language": "de-DE",
                "value": "Fieber"
              }
            ]
          },
          {
            "code": "25064002",
            "display": "Headache (finding)",
            "designation": [
              {
                "language": "de-DE",
                "value": "Kopfschmerzen"
              }
            ]
          },
          {
            "code": "66857006",
            "display": "Hemoptysis (finding)",
            "designation": [
              {
                "language": "de-DE",
                "value": "Bluthusten"
              }
            ]
          },
          {
            "code": "248567008",
            "display": "Indrawing of ribs during respiration (finding)",
            "designation": [
              {
                "language": "de-DE",
                "value": "Hauteinziehungen des Brustkorbs bei der Einatmung"
              }
            ]
          },
          {
            "code": "57676002",
            "display": "Joint pain (finding)",
            "designation": [
              {
                "language": "de-DE",
                "value": "Gelenkschmerz"
              }
            ]
          },
          {
            "code": "79890006",
            "display": "Loss of appetite (finding)",
            "designation": [
              {
                "language": "de-DE",
                "value": "Appetitverlust"
              }
            ]
          },
          {
            "code": "44169009",
            "display": "Loss of sense of smell (finding)",
            "designation": [
              {
                "language": "de-DE",
                "value": "Geruchverlust"
              }
            ]
          },
          {
            "code": "36955009",
            "display": "Loss of taste (finding)",
            "designation": [
              {
                "language": "de-DE",
                "value": "Geschmackverlust"
              }
            ]
          },
          {
            "code": "30746006",
            "display": "Lymphadenopathy (disorder)",
            "designation": [
              {
                "language": "de-DE",
                "value": "Lymphadenopathie"
              }
            ]
          },
          {
            "code": "367391008",
            "display": "Malaise (finding)",
            "designation": [
              {
                "language": "de-DE",
                "value": "Unwohlsein"
              }
            ]
          },
          {
            "code": "68962001",
            "display": "Muscle pain (finding)",
            "designation": [
              {
                "language": "de-DE",
                "value": "Muskelschmerzen"
              }
            ]
          },
          {
            "code": "68235000",
            "display": "Nasal congestion (finding)",
            "designation": [
              {
                "language": "de-DE",
                "value": "Verstopfte Nase"
              }
            ]
          },
          {
            "code": "64531003",
            "display": "Nasal discharge (finding)",
            "designation": [
              {
                "language": "de-DE",
                "value": "Laufende Nase"
              }
            ]
          },
          {
            "code": "422587007",
            "display": "Nausea (finding)",
            "designation": [
              {
                "language": "de-DE",
                "value": "Übelkeit"
              }
            ]
          },
          {
            "code": "162397003",
            "display": "Pain in throat (finding)",
            "designation": [
              {
                "language": "de-DE",
                "value": "Halsschmerzen"
              }
            ]
          },
          {
            "code": "38880002",
            "display": "Rigor (finding)",
            "designation": [
              {
                "language": "de-DE",
                "value": "Starre"
              }
            ]
          },
          {
            "code": "91175000",
            "display": "Seizure (finding)",
            "designation": [
              {
                "language": "de-DE",
                "value": "Krampfanfall"
              }
            ]
          },
          {
            "code": "46742003",
            "display": "Skin ulcer (disorder)",
            "designation": [
              {
                "language": "de-DE",
                "value": "Hautgeschwüre"
              }
            ]
          },
          {
            "code": "282145008",
            "display": "Unable to walk (finding)",
            "designation": [
              {
                "language": "de-DE",
                "value": "Unfähig zu gehen"
              }
            ]
          },
          {
            "code": "422400008",
            "display": "Vomiting (disorder)",
            "designation": [
              {
                "language": "de-DE",
                "value": "Erbrechen"
              }
            ]
          },
          {
            "code": "56018004",
            "display": "Wheezing (finding)",
            "designation": [
              {
                "language": "de-DE",
                "value": "Keuchen"
              }
            ]
          },
          {
            "code": "426000000",
            "display": "Fever greater than 100.4 Fahrenheit / 38° Celsius (finding)",
            "designation": [
              {
                "language": "de-DE",
                "value": "Fieber über 38° Celsius"
              }
            ]
          },
          {
            "code": "13791008",
            "display": "Asthenia (finding)",
            "designation": [
              {
                "language": "de-DE",
                "value": "Schwächegefühl"
              }
            ]
          },
          {
            "code": "22253000",
            "display": "Pain (finding)",
            "designation": [
              {
                "language": "de-DE",
                "value": "Schmerzen"
              }
            ]
          },
          {
            "code": "28743005",
            "display": "Productive cough (finding)",
            "designation": [
              {
                "language": "de-DE",
                "value": "Produktiver Husten"
              }
            ]
          },
          {
            "code": "11833005",
            "display": "Dry cough (finding)",
            "designation": [
              {
                "language": "de-DE",
                "value": "Trockener Husten"
              }
            ]
          },
          {
            "code": "40917007",
            "display": "Clouded consciousness (finding)",
            "designation": [
              {
                "language": "de-DE",
                "value": "Bewusstseinstrübung"
              }
            ]
          }
        ]
      }
    ]
  }
}