{
  "resourceType": "ValueSet",
  "id": "covid-vaccination-codes",
  "text": {
    "status": "generated",
    "div": "<div xmlns=\"http://www.w3.org/1999/xhtml\"><ul><li>Include these codes as defined in <a href=\"CodeSystem-napkon-vaccination-module.html\"><code>https://www.netzwerk-universitaetsmedizin.de/fhir/CodeSystem/napkon-vaccination-module</code></a><table class=\"none\"><tr><td style=\"white-space:nowrap\"><b>Code</b></td><td><b>Display</b></td></tr><tr><td><a href=\"CodeSystem-napkon-vaccination-module.html#napkon-vaccination-module-0001\">0001</a></td><td>Comirnaty (BioNTech/Pfizer)</td></tr><tr><td><a href=\"CodeSystem-napkon-vaccination-module.html#napkon-vaccination-module-0002\">0002</a></td><td>COVID-19 Vaccine Moderna (Moderna Biotech)</td></tr><tr><td><a href=\"CodeSystem-napkon-vaccination-module.html#napkon-vaccination-module-0003\">0003</a></td><td>Vaxzevria (AstraZeneca AB)</td></tr><tr><td><a href=\"CodeSystem-napkon-vaccination-module.html#napkon-vaccination-module-0004\">0004</a></td><td>COVID-19 Vaccine Janssen (Janssen-Cilag/Johnson &amp; Johnson)</td></tr></table></li></ul></div>"
  },
  "url": "https://www.netzwerk-universitaetsmedizin.de/fhir/ValueSet/covid-vaccination-codes",
  "version": "0.1.0",
  "name": "CovidVaccinationCodes",
  "title": "CovidVaccinationCodes",
  "status": "active",
  "date": "2021-10-13T21:31:05+00:00",
  "publisher": "BIH @ Charité",
  "contact": [
    {
      "name": "BIH @ Charité",
      "telecom": [
        {
          "system": "url",
          "value": "https://www.netzwerk-universitaetsmedizin.de"
        }
      ]
    }
  ],
  "description": "COVID-19 vaccines",
  "compose": {
    "include": [
      {
        "system": "https://www.netzwerk-universitaetsmedizin.de/fhir/CodeSystem/napkon-vaccination-module",
        "concept": [
          {
            "code": "0001",
            "display": "Comirnaty (BioNTech/Pfizer)"
          },
          {
            "code": "0002",
            "display": "COVID-19 Vaccine Moderna (Moderna Biotech)"
          },
          {
            "code": "0003",
            "display": "Vaxzevria (AstraZeneca AB)"
          },
          {
            "code": "0004",
            "display": "COVID-19 Vaccine Janssen (Janssen-Cilag/Johnson & Johnson)"
          }
        ]
      }
    ]
  }
}