{
  "resourceType": "ValueSet",
  "id": "vaccine-type-covid-pediatrics",
  "text": {
    "status": "generated",
    "div": "<div xmlns=\"http://www.w3.org/1999/xhtml\"><ul><li>Include these codes as defined in <a href=\"http://www.snomed.org/\"><code>http://snomed.info/sct</code></a><table class=\"none\"><tr><td style=\"white-space:nowrap\"><b>Code</b></td><td><b>Display</b></td><td><b>Deutsch (Deutschland) (German (Germany), de)</b></td></tr><tr><td><a href=\"http://browser.ihtsdotools.org/?perspective=full&amp;conceptId1=1119349007\">1119349007</a></td><td>Vaccine product containing only Severe acute respiratory syndrome coronavirus 2 messenger ribonucleic acid (medicinal product)</td><td>MRNA-Impfstoff</td></tr><tr><td><a href=\"http://browser.ihtsdotools.org/?perspective=full&amp;conceptId1=1119305005\">1119305005</a></td><td>Vaccine product containing only Severe acute respiratory syndrome coronavirus 2 antigen (medicinal product)</td><td>Antigen-Impfstoff</td></tr></table></li></ul></div>"
  },
  "url": "http://example.org/fhir/ValueSet/vaccine-type-covid-pediatrics",
  "version": "0.1.0-test",
  "name": "VaccineTypCovidPediatrics",
  "title": "ValueSetVaccineTypeCovidPediatrics",
  "status": "draft",
  "date": "2021-07-16T11:32:36+00:00",
  "publisher": "Berlin Institute of Health @ Charité",
  "contact": [
    {
      "telecom": [
        {
          "system": "url",
          "value": "https://bihealth.org"
        }
      ]
    }
  ],
  "description": "Vaccine type used in the case of a vaccination in the context of Covid-19 and Pediatrics",
  "jurisdiction": [
    {
      "coding": [
        {
          "system": "http://unstats.un.org/unsd/methods/m49/m49.htm",
          "code": "001"
        }
      ]
    }
  ],
  "compose": {
    "include": [
      {
        "system": "http://snomed.info/sct",
        "concept": [
          {
            "code": "1119349007",
            "display": "Vaccine product containing only Severe acute respiratory syndrome coronavirus 2 messenger ribonucleic acid (medicinal product)",
            "designation": [
              {
                "language": "de-DE",
                "use": {
                  "code": "900000000000013009",
                  "display": "Synonym"
                },
                "value": "MRNA-Impfstoff"
              }
            ]
          },
          {
            "code": "1119305005",
            "display": "Vaccine product containing only Severe acute respiratory syndrome coronavirus 2 antigen (medicinal product)",
            "designation": [
              {
                "language": "de-DE",
                "use": {
                  "code": "900000000000013009",
                  "display": "Synonym"
                },
                "value": "Antigen-Impfstoff"
              }
            ]
          }
        ]
      }
    ]
  }
}