{
  "resourceType": "ValueSet",
  "id": "covid-vaccination-reasons",
  "text": {
    "status": "generated",
    "div": "<div xmlns=\"http://www.w3.org/1999/xhtml\"><p>This value set includes codes based on the following rules:</p><ul><li>Include these codes as defined in <a href=\"CodeSystem-napkon-vaccination-module.html\"><code>https://www.netzwerk-universitaetsmedizin.de/fhir/CodeSystem/napkon-vaccination-module</code></a><table class=\"none\"><tr><td style=\"white-space:nowrap\"><b>Code</b></td><td><b>Display</b></td></tr><tr><td><a href=\"CodeSystem-napkon-vaccination-module.html#napkon-vaccination-module-2001\">2001</a></td><td>Um mich vor einer Infektion mit SARS-CoV-2 bzw. vor COVID-19 zu schützen</td></tr><tr><td><a href=\"CodeSystem-napkon-vaccination-module.html#napkon-vaccination-module-2002\">2002</a></td><td>Um mein privates Umfeld vor einer Infektion mit SARS-CoV-2 bzw. COVID-19 zu schützen</td></tr><tr><td><a href=\"CodeSystem-napkon-vaccination-module.html#napkon-vaccination-module-2003\">2003</a></td><td>Um mein Arbetsfeld vor einer Infektion mit SARS-CoV-2 bzw. COVID-19 zu schützen</td></tr><tr><td><a href=\"CodeSystem-napkon-vaccination-module.html#napkon-vaccination-module-2004\">2004</a></td><td>Weil alle sich impfen lassen</td></tr><tr><td><a href=\"CodeSystem-napkon-vaccination-module.html#napkon-vaccination-module-2005\">2005</a></td><td>Weil ich befürchte aufgrund meines Impfstatus' benachteiligt zu werden (z.B. Reiseverbot, Arbeitsverbot)</td></tr></table></li><li>Include these codes as defined in <a href=\"http://www.snomed.org/\"><code>http://snomed.info/sct</code></a> version <code>http://snomed.info/sct/900000000000207008/version/20210731</code><table class=\"none\"><tr><td style=\"white-space:nowrap\"><b>Code</b></td><td><b>Display</b></td></tr><tr><td><a href=\"http://browser.ihtsdotools.org/?perspective=full&amp;conceptId1=74964007\">74964007</a></td><td>Other (qualifier value)</td></tr><tr><td><a href=\"http://browser.ihtsdotools.org/?perspective=full&amp;conceptId1=385432009\">385432009</a></td><td>Not applicable (qualifier value)</td></tr></table></li></ul></div>"
  },
  "url": "https://www.netzwerk-universitaetsmedizin.de/fhir/ValueSet/covid-vaccination-reasons",
  "version": "0.1.0",
  "name": "CovidVaccinationReasons",
  "title": "Covid Vaccination Reasons",
  "status": "active",
  "date": "2021-10-19T09:50:53+00:00",
  "publisher": "BIH @ Charité",
  "contact": [
    {
      "name": "BIH @ Charité",
      "telecom": [
        {
          "system": "url",
          "value": "https://www.netzwerk-universitaetsmedizin.de"
        }
      ]
    }
  ],
  "description": "Individual reason for getting vaccinated against COVID-19",
  "compose": {
    "include": [
      {
        "system": "https://www.netzwerk-universitaetsmedizin.de/fhir/CodeSystem/napkon-vaccination-module",
        "concept": [
          {
            "code": "2001",
            "display": "Um mich vor einer Infektion mit SARS-CoV-2 bzw. vor COVID-19 zu schützen"
          },
          {
            "code": "2002",
            "display": "Um mein privates Umfeld vor einer Infektion mit SARS-CoV-2 bzw. COVID-19 zu schützen"
          },
          {
            "code": "2003",
            "display": "Um mein Arbetsfeld vor einer Infektion mit SARS-CoV-2 bzw. COVID-19 zu schützen"
          },
          {
            "code": "2004",
            "display": "Weil alle sich impfen lassen"
          },
          {
            "code": "2005",
            "display": "Weil ich befürchte aufgrund meines Impfstatus' benachteiligt zu werden (z.B. Reiseverbot, Arbeitsverbot)"
          }
        ]
      },
      {
        "system": "http://snomed.info/sct",
        "version": "http://snomed.info/sct/900000000000207008/version/20210731",
        "concept": [
          {
            "code": "74964007",
            "display": "Other (qualifier value)"
          },
          {
            "code": "385432009",
            "display": "Not applicable (qualifier value)"
          }
        ]
      }
    ]
  }
}