{
  "resourceType": "ValueSet",
  "id": "medical-treatment-for-vaccination-adverse-reaction",
  "text": {
    "status": "generated",
    "div": "<div xmlns=\"http://www.w3.org/1999/xhtml\"><p>This value set includes codes based on the following rules:</p><ul><li>Include these codes as defined in <a href=\"http://www.snomed.org/\"><code>http://snomed.info/sct</code></a><table class=\"none\"><tr><td style=\"white-space:nowrap\"><b>Code</b></td><td><b>Display</b></td></tr><tr><td><a href=\"http://browser.ihtsdotools.org/?perspective=full&amp;conceptId1=373067005\">373067005</a></td><td>No (qualifier value)</td></tr><tr><td><a href=\"http://browser.ihtsdotools.org/?perspective=full&amp;conceptId1=74964007\">74964007</a></td><td>Other (qualifier value)</td></tr></table></li><li>Include these codes as defined in <a href=\"CodeSystem-napkon-vaccination-module.html\"><code>https://www.netzwerk-universitaetsmedizin.de/fhir/CodeSystem/napkon-vaccination-module</code></a><table class=\"none\"><tr><td style=\"white-space:nowrap\"><b>Code</b></td><td><b>Display</b></td></tr><tr><td><a href=\"CodeSystem-napkon-vaccination-module.html#napkon-vaccination-module-6001\">6001</a></td><td>Ja, Behandlung in Arztpraxis oder Rettungsstelle</td></tr><tr><td><a href=\"CodeSystem-napkon-vaccination-module.html#napkon-vaccination-module-6002\">6002</a></td><td>Ja, Behandlung mit Aufnahme im Krankenhaus</td></tr></table></li></ul></div>"
  },
  "url": "https://www.netzwerk-universitaetsmedizin.de/fhir/ValueSet/medical-treatment-for-vaccination-adverse-reaction",
  "version": "0.1.0",
  "name": "MedicalTreatmentForVaccinationAdverseReaction",
  "title": "Medical Treatment For Vaccination Adverse Reaction",
  "status": "active",
  "date": "2021-10-12T17:20:00+00:00",
  "publisher": "BIH @ Charité",
  "contact": [
    {
      "name": "BIH @ Charité",
      "telecom": [
        {
          "system": "url",
          "value": "https://www.netzwerk-universitaetsmedizin.de"
        }
      ]
    }
  ],
  "description": "Types of medical treatments for potential or actual adverse reactions to a vaccination",
  "compose": {
    "include": [
      {
        "system": "http://snomed.info/sct",
        "concept": [
          {
            "code": "373067005",
            "display": "No (qualifier value)"
          },
          {
            "code": "74964007",
            "display": "Other (qualifier value)"
          }
        ]
      },
      {
        "system": "https://www.netzwerk-universitaetsmedizin.de/fhir/CodeSystem/napkon-vaccination-module",
        "concept": [
          {
            "code": "6001",
            "display": "Ja, Behandlung in Arztpraxis oder Rettungsstelle"
          },
          {
            "code": "6002",
            "display": "Ja, Behandlung mit Aufnahme im Krankenhaus"
          }
        ]
      }
    ]
  }
}