{
  "resourceType": "ValueSet",
  "id": "covid-vaccination-contraindications",
  "text": {
    "status": "generated",
    "div": "<div xmlns=\"http://www.w3.org/1999/xhtml\"><ul><li>Include these codes as defined in <a href=\"http://www.snomed.org/\"><code>http://snomed.info/sct</code></a> version <code>http://snomed.info/sct/900000000000207008/version/20210731</code><table class=\"none\"><tr><td style=\"white-space:nowrap\"><b>Code</b></td><td><b>Display</b></td></tr><tr><td><a href=\"http://browser.ihtsdotools.org/?perspective=full&amp;conceptId1=863903001\">863903001</a></td><td>Allergy to component of vaccine product (finding)</td></tr><tr><td><a href=\"http://browser.ihtsdotools.org/?perspective=full&amp;conceptId1=77386006\">77386006</a></td><td>Pregnant (finding)</td></tr><tr><td><a href=\"http://browser.ihtsdotools.org/?perspective=full&amp;conceptId1=74964007\">74964007</a></td><td>Other (qualifier value)</td></tr></table></li></ul></div>"
  },
  "url": "https://www.netzwerk-universitaetsmedizin.de/fhir/ValueSet/covid-vaccination-contraindications",
  "version": "0.1.0",
  "name": "CovidVaccinationContraindications",
  "title": "covid-vaccination-contraindications",
  "status": "active",
  "date": "2021-10-19T21:09:33+00:00",
  "publisher": "BIH @ Charité",
  "contact": [
    {
      "name": "BIH @ Charité",
      "telecom": [
        {
          "system": "url",
          "value": "https://www.netzwerk-universitaetsmedizin.de"
        }
      ]
    }
  ],
  "description": "Contraindications precluding COVID-19 vaccination",
  "compose": {
    "include": [
      {
        "system": "http://snomed.info/sct",
        "version": "http://snomed.info/sct/900000000000207008/version/20210731",
        "concept": [
          {
            "code": "863903001",
            "display": "Allergy to component of vaccine product (finding)"
          },
          {
            "code": "77386006",
            "display": "Pregnant (finding)"
          },
          {
            "code": "74964007",
            "display": "Other (qualifier value)"
          }
        ]
      }
    ]
  }
}